SMILES,animalic&ambery,sweety&gourmand,floral,fruity&vegetable,pungent&disagreetable,green&herbal,nutty,woody&mossy,resinous&balsamic,cooked,odorless,spice
CCCCCCOC(=O)CCC(C)C,0,1,0,,0,1,0,0,0,0,0,0
CC1=CC(=O)[C@@H](C(C)C)CC1,0,0,0,0,,1,0,0,0,0,0,
CCCC(=O)CCCC(=O)O,,0,0,,0,0,0,0,0,0,0,0
O=C(CCl)c1ccccc1,0,0,0,0,0,0,0,1,0,0,0,1
O=C1CCC(=O)O1,0,0,0,0,0,0,0,0,0,0,1,0
CC(CCc1ccccc1)NC(C)C(O)c1ccc(O)cc1,0,0,0,0,0,0,0,0,0,0,1,0
COc1ccccc1C,0,,,0,,,,,0,0,0,0
CCCCCCCCCCCCCCCCCCCCCC[N+](C)(C)C.[Cl-],0,0,0,0,0,0,0,0,0,0,1,0
CCCCCC=CC=CC(=O)OCCC,,0,0,1,0,1,0,0,0,0,0,0
CCCCC(CC)COC(C)=O,,,0,,,,0,,0,0,0,0
O=COCc1ccccc1,,,,,0,,,,0,0,0,
O=C([O-])C(O)C(O)C(=O)[O-].[Na+].[Na+],0,0,0,0,0,0,0,0,0,0,1,0
C=CCCCCCCCCC=O,,,,1,,,0,0,0,0,0,0
CC1COC(C(C)C)O1,0,,,1,,,0,,0,0,0,0
CC(C)CC=C(C=O)c1ccccc1,0,1,0,,1,1,1,0,0,1,0,0
CCN(CC)CCCC(C)Nc1ccnc2cc(Cl)ccc12.O=P(O)(O)O.O=P(O)(O)O,0,0,0,0,0,0,0,0,0,0,1,0
N[C@@H](CO)C(=O)O,0,0,0,0,0,0,0,0,0,0,1,0
C/C=C(\C)C(=O)OCCCC,0,,,,,1,0,0,0,,0,
OC[C@@H](O)[C@@H](O)CO,0,0,0,0,0,0,0,0,0,0,1,0
CCCc1nccnc1OC,0,0,0,1,,,0,1,,0,0,0
CC1=NCSC1,0,0,0,,1,1,0,0,0,0,0,1
CC(S)C(=O)OCC1CCCO1,0,0,0,1,1,0,0,0,0,1,0,0
CCCCCCCCCCCC(=O)OC,,,,,,0,,,0,0,0,0
CC(=NNC(=O)Nc1cc(F)cc(F)c1)c1ncccc1C(=O)O,0,0,0,0,0,0,0,0,0,0,1,0
CC(=O)[C@@]1(C)CC[C@@]23C[C@@H]1C(C)(C)[C@@H]2CC[C@H]3C,0,0,0,0,0,1,0,1,0,0,0,0
CCCCCCCCCCCCCC(=O)O,,,0,,,0,,0,0,0,,0
C=CC(O)CCCCC,,,,,,,0,,0,,0,
CSC/C(C=O)=C/CC(C)C,,0,0,0,1,,0,0,0,,0,
CCCCOCc1ccc(O)c(OC)c1,0,1,0,,,0,0,0,0,0,0,0
C/C=C(/C=O)c1ccccc1,,1,1,,,,,,0,,0,
CCCCCCCCC=CC=CC=CC=CC=O,,0,0,0,0,0,0,0,0,0,0,0
CC(C)CCOC(=O)C(C)c1ccccc1,0,1,0,,0,0,0,0,1,0,0,0
CCCC(C)C(=S)OC,0,,0,1,1,0,0,0,0,0,0,0
CC1=C(C/C=C(/C)CCC[C@H](C)CCC[C@H](C)CCCC(C)C)C(=O)c2ccccc2C1=O,0,0,0,0,0,0,0,0,0,0,1,0
CCCCCC(OCC)OCCC(C)C,0,,0,1,0,1,0,,0,,0,0
CC/C=C/C(=O)OCC,0,,0,1,0,0,0,0,0,0,0,0
CC1SC(C)SC(C)S1,,0,0,,1,1,0,0,0,,0,0
C/C=C1/CC2CC1C1CCCOC21,1,0,1,1,0,1,0,1,0,0,0,
CC(=O)OC/C=C\c1ccccc1,0,0,1,0,0,0,0,0,1,0,0,1
CC/C=C/C=C/C(C)=O,,0,0,,0,,0,,0,0,0,0
C=C(C)C(=O)OC,0,,0,,,,0,0,0,0,0,
CC(=O)c1cc(C)ccc1O,0,,,,,1,0,,0,0,0,
C[C@@H](CC=O)CCCC(C)(C)O,0,0,1,0,0,0,0,0,0,0,0,0
COC,0,0,0,0,,0,0,0,0,0,0,0
CC(C)=CCCC(C)CCOC(=O)C=C(C)C,0,0,1,0,0,1,0,0,0,0,0,0
Cn1cccc1,,,0,0,,1,0,1,,0,0,0
CC(C)=CCCC(C)CCOC(=O)CC(C)C,0,1,1,,,1,0,0,0,0,0,
COC(=O)COc1ccc(C)cc1,,0,0,,0,0,0,0,0,0,0,0
CC1CCCC(O)C1,0,1,0,,1,0,0,,0,0,0,1
COc1cc(C2OC(C)CC(C)(C)O2)ccc1O,0,1,0,0,0,0,0,1,,0,0,0
C=CC=CC=CC=CCCC,0,0,0,,,1,0,1,,0,0,0
CC(C)C1CCC2CC(=O)CCC2C1,0,,1,1,0,1,0,1,0,0,0,
CCC[C@@H](C)O,0,0,0,0,0,,,0,0,0,0,0
CC(C)(CO)C(O)C(=O)NCCC(=O)[O-].CC(C)(CO)C(O)C(=O)NCCC(=O)[O-].[Ca+2],0,0,0,0,0,0,0,0,0,0,1,0
Cc1ccc(OC(=O)C=Cc2ccccc2)cc1,0,0,1,0,0,0,0,0,0,0,0,0
C=C[C@@]1(C)CC[C@H]([C@H](C)C=O)O1,0,0,1,0,0,0,0,0,0,0,0,0
COc1ccc(/C=C(/C)C=O)cc1,0,,1,,0,0,0,0,0,0,0,1
CC=CCCCCCCCC=O,0,0,,,,,0,0,0,0,,0
CC(C)CCOC(=O)c1ccccc1O,0,,1,,,1,0,,,0,0,0
CC/C=C/CCC1CCCC(=O)O1,,1,1,1,0,0,,0,0,,0,0
CC(C)=CCCC1(C)[C@H]2CC=C(C)[C@@H]1C2,0,,0,0,0,1,0,1,0,0,0,0
CCCCCCCCCCCC(=O)OCc1ccccc1,,0,0,0,,0,0,0,0,0,0,0
C=CCCCCCCCCCO,,0,1,,,,0,0,0,0,0,0
OC/C=C\CO,0,0,0,0,0,0,0,0,0,0,1,0
O=S([O-])[O-].[NH4+].[NH4+],0,0,0,0,0,0,0,0,0,0,1,0
CCC(=O)OCc1ccc(C)cc1,0,0,1,,0,0,0,0,0,0,0,0
O=C(OCCc1ccccc1)c1ccccc1,0,,1,0,0,,0,0,,0,0,
O=c1ccc(=O)[nH][nH]1,0,0,0,0,0,0,0,0,0,0,1,0
CCCCC/C=C/C/C=C/C=O,,0,0,0,0,0,0,0,0,0,0,0
CCC(CC(C)C)C(=O)OC(C)C,0,0,0,,0,1,0,0,0,0,0,0
CC(=O)OCC1CCC2CC1C2(C)C,0,1,0,,0,1,0,1,1,0,0,0
CC(=O)OC1(C)CCC23CC1C(C)(C)[C@@H]2CC[C@H]3C,,0,0,0,,,0,1,0,0,0,0
CCC(C=O)c1ccc(C)o1,,0,0,1,0,1,0,0,0,0,0,0
CC(S)C(=O)O,,0,0,0,1,0,0,0,0,1,0,0
CCCC(=O)SC,,,0,,1,,0,,0,,0,
CCCCN(CCC(=O)OCC)C(C)=O,0,0,0,0,0,0,0,0,0,0,1,0
O.O.O.O.O.O.[Cl-].[Cl-].[Co+2],0,0,0,0,0,0,0,0,0,0,1,0
Cc1cccc(Oc2ccccc2)c1,0,0,1,,0,1,0,0,0,0,0,0
O=C(C=Cc1ccccc1)OCCc1ccccc1,0,,1,,0,,0,0,1,0,0,
CC(C)OCCOC(=O)c1ccccc1O,0,1,1,,0,,0,0,1,0,0,0
CC(=O)C(=O)OCC(C)C,0,1,0,,,0,0,0,0,,0,0
C/C=C\CCCO,0,0,0,1,,1,0,,0,,0,0
C=C1C=CC([C@@H](C)CCC=C(C)C)CC1,0,0,0,,0,1,0,1,0,0,0,0
CC1=CC/C(=C(\C)CCC=O)CC1,0,0,1,0,0,1,0,0,0,0,0,0
CC1(C)[C@H](C[C@H]2C[C@@]2(C)CO)C[C@H]2C[C@]21C,,0,1,1,0,1,0,1,0,0,0,0
C=CCOC(=O)CCCCC,,,,1,,0,0,,,,0,
CCCCCOC(C)OCC,0,,0,1,1,1,0,,0,,0,0
CC/C=C\C/C=C\C/C=C\CCCCCCCC(=O)OC,,0,0,0,0,0,0,0,0,0,0,0
C[C@@H]1CC[C@H]2[C@@H]1C1[C@@H](CC[C@]2(C)O)C1(C)C,0,1,,,0,1,0,,0,0,0,
CCCCCC(OC)OC,0,,0,,1,1,0,,0,,0,0
CCC=C1OC(=O)c2ccccc21,0,,,,0,1,0,,0,0,0,1
C/C=C(C(=C/C)/c1ccc(O)cc1)\c1ccc(O)cc1,0,0,0,0,0,0,0,0,0,0,1,0
N#CN=C1SCCN1Cc1ccc(Cl)nc1,0,0,0,0,0,0,0,0,0,0,1,0
OC1COC(Cc2ccccc2)OC1,0,1,1,1,0,1,0,,0,0,0,
CN(C)C(=O)NC1CCCCCCC1,0,0,0,0,0,0,0,0,0,0,1,0
CC(=O)Oc1ccccc1C,0,,1,,1,0,,0,0,0,0,
C=CC=O,,,0,,,,,0,0,0,,0
CC(=O)/C=C/c1ccccc1,0,,,,,,,,,,0,
CCC(=O)C(C)S,,0,0,,,0,0,0,0,1,0,0
O=C(c1ccccc1)c1cc(Cl)ccc1O,0,0,0,0,0,0,0,0,0,0,1,0
CSc1cnccn1,0,,0,,1,0,1,0,0,,0,0
CC(C)(C)[C@@H]1CCCC[C@H]1O,0,0,0,,0,1,0,0,0,0,0,
Cl[Zn]Cl,0,0,0,0,0,0,0,0,0,0,1,0
C=C/C(C)=C/CCC(=C)C,0,0,,,0,,0,0,0,0,0,0
CCCCCCCC1=CCCC1=O,0,0,1,,0,1,0,0,0,0,0,0
S,0,0,0,0,,0,0,0,0,,,0
C=C(C)C1CCC(C)C(OC(C)=O)C1,,,,,,1,,,,0,0,
FC(F)(Cl)Cl,0,0,0,0,0,0,0,0,0,0,1,0
CCC1(CCC(C)C)C(=O)NC(=O)NC1=O,0,0,0,0,0,0,0,0,0,0,1,0
CC(C)[C@H]1CC[C@H](C)C(=O)C1,0,0,0,0,0,1,0,1,0,0,0,
CC(=O)/C=C/C1=C(C)CCC(C)C1(C)C,0,,,,0,,0,,0,0,,0
CSCCC(=O)C(=O)O,0,0,0,0,1,0,0,0,0,0,0,0
CC(C)N,0,0,0,0,1,0,0,0,0,0,0,0
CC(C)CCCC(=O)OCC(C)C,0,0,0,,0,1,0,0,0,0,0,0
Cc1occc1S,,,0,,,0,,0,0,,0,0
CC1(CO)CC1CC1CC2CC2(C)C1(C)C,,,1,1,0,1,0,1,0,0,0,0
C=C(C)C1CC(=O)C(C)=C(O)C1,0,0,0,0,0,1,0,0,0,0,0,
C[C@@H]1CC[C@H]2C(C)(C)[C@H]3C[C@@]12CC[C@@]3(C)OC=O,1,0,0,0,0,1,0,1,1,0,0,0
O=C(c1ccccc1)c1ccc2ccccc2c1,0,0,1,1,1,,0,0,0,0,0,0
CC(c1ccccc1)C1OCCO1,0,,,1,,1,0,1,0,0,0,
CCOC(=O)C1(CC(C)C)OC1C,0,1,0,1,0,0,0,0,0,,0,0
Cc1ncc(C[n+]2csc(CCO)c2C)c(N)n1.Cl.[Cl-],0,0,0,0,,,0,0,0,0,0,0
C12=C3C4C1=C1C2C3C14,0,0,0,,0,0,0,0,0,0,0,1
CCCCCCCCCCCCOC(C)=O,0,,,,0,,0,0,0,0,0,0
CC1(C)[C@H]2CC[C@]3(CO3)[C@@H]1C2,0,0,,0,1,1,0,0,0,0,0,
CCCCOC(=O)CC(=O)[O-],0,0,,1,,0,0,,0,0,0,0
CCc1cccs1,0,0,0,0,0,1,0,0,0,0,0,0
CC(=O)CC1CC(C)CCO1,0,1,1,,0,0,0,0,0,,0,1
SCCc1cnccn1,,0,0,,1,,0,0,0,1,0,0
CCCCCCCCCCOC(=O)CCCCCCC,0,0,1,1,0,0,0,,0,0,0,0
O=C1CCCN1CC#CCN1CCCC1,0,0,0,0,0,0,0,0,0,0,1,0
CCc1nc(C)c(C)s1,0,1,0,0,1,0,1,0,0,0,0,0
CCCCC1C(=O)N(c2ccccc2)N(c2ccc(O)cc2)C1=O,0,0,0,0,0,0,0,0,0,0,1,0
CCCCCCC(=O)CCCC,0,0,,1,0,1,0,,0,0,0,0
CCCCCC=CCC=CCO,,0,0,0,0,0,0,0,0,0,0,0
[Co],0,0,0,0,0,0,0,0,0,0,1,0
CCC(=O)OCc1ccccc1,0,,1,,0,0,0,0,,,0,0
CC[C@@H](C)CN,0,,0,1,1,0,0,0,0,0,0,0
C/C=C/C(=O)/C(C)=C(/C)C(C)C,0,,1,1,0,0,0,0,0,0,0,0
CC1=CC(C)C(CO)CC1,0,,1,0,0,1,0,0,0,0,0,
CCOC(=O)CC1(C)OCC(C)O1,0,,,1,0,,0,,0,0,0,
CCCCCCCC(=O)OC/C=C(\C)CCC=C(C)C,,,1,,0,1,0,,0,,0,0
CCc1cnc(C)c(C)n1,0,1,0,,1,0,,0,0,1,0,0
C=CC1CC=CCC1,0,0,0,0,,0,0,0,0,0,0,0
CCN(CC)c1ccc(C(=C2C=CC(=[N+](CC)CC)C=C2)c2ccccc2)cc1.O=S(=O)([O-])O,0,0,0,0,0,0,0,0,0,0,1,0
S=c1nc[nH]c2nc[nH]c12,0,0,0,0,0,0,0,0,0,0,1,0
CC(C)CCOC(=O)CC(C)C,,,,1,0,,0,,0,,0,0
CCOC(/C=C(\C)CCC=C(C)C)OCC,0,,,,0,1,0,0,0,0,0,0
CC/C=C\C/C=C\C/C=C\CCCCCCCC(=O)O.CCCCC/C=C\C/C=C\CCCCCCCC(=O)O,,0,0,0,0,0,0,0,0,0,0,0
CSCCSC,0,,0,,1,,0,0,0,0,0,
CCCC=S,0,0,0,0,0,0,0,0,0,0,1,0
CSSCc1ccco1,,,0,,,,,,,,0,
C/C=C/C(=O)OC1CCCCC1,0,1,1,,0,1,0,1,0,0,0,0
CC/C=C\CCOC(C)=O,0,,0,1,0,1,0,0,0,0,0,0
CCCC(O)CC(=O)OC,0,,,1,,0,0,,0,0,0,0
CCCCCCCCCCCCCC(=O)OCCCCCCC,,0,0,0,0,0,0,0,0,0,0,0
CC1(C)C2CCC3(C2)C1c1ncncc1CC3(C)C,1,0,0,0,0,0,0,1,1,0,0,0
CCCCOC(=O)/C=C/c1ccccc1,0,,,,0,0,0,0,,0,0,
C1CO1.CC1CO1.CCCCCCCCCCCCCCCCO,0,0,0,0,0,0,0,0,0,0,1,0
CC/C=C\CCCCC=O,0,0,,1,0,1,0,,0,0,0,0
O=C(OCCc1ccccc1)c1ccco1,0,1,,,,0,0,,0,,0,0
CCC/C=C/CCCCC(=O)OC(CCCC)CCCCC(=O)O,,,,,0,,0,0,0,0,,0
CCCC(=O)OC(C)C,0,,0,,,,0,0,0,,0,0
CC(C)=CC(=O)O,0,,0,0,,,0,0,0,,0,
CC(=O)C=CC1C(C)CCCC1(C)C,0,0,,0,0,0,0,1,,0,0,0
CC[C@H]1CCC(=O)O1,0,1,0,,0,0,,1,0,0,0,0
CC(=O)OC(C)Cc1ccccc1,0,0,1,,0,1,0,0,0,0,0,0
CC(O)CC(C)(C)c1ccccc1,0,,,0,0,,0,,0,0,0,
C=C(CC(C)C=O)C1CC=C(C)C1(C)C,0,0,0,0,0,,0,1,0,0,0,0
C/C=C/C(=O)OC(CC)C(C)C,0,1,0,,0,1,0,1,0,0,0,0
CC(C)CCON=O,0,0,0,,,0,0,0,0,0,0,0
COc1cc(OC)c2ccc(=O)oc2c1,0,0,0,0,0,0,0,0,0,0,1,0
CC(=O)SCc1ccco1,0,,0,,,,,0,0,1,0,
OC[C@H]1OC(OC[C@H]2O[C@H](O)[C@H](O)[C@@H](O)[C@@H]2O)[C@H](O)[C@@H](O)[C@@H]1O,0,0,0,0,0,0,0,0,0,0,1,0
CC(=O)c1ccco1,,,,,,,,,,,0,
CCCCCCCCCCCC(=O)OCC(O)C1OCC(OCCO)C1OCCO,0,0,0,,0,0,0,0,0,0,0,0
Cc1cc(C)cc(OCC2CNC(=O)O2)c1,0,0,0,0,0,0,0,0,0,0,1,0
COc1cnc(C)s1,0,0,0,1,1,1,0,0,0,0,0,0
CC(C)Cc1ccc(CCC=O)cc1,0,0,1,0,0,0,0,0,1,0,0,0
CC1=CCC(=O)O1,0,1,0,,0,1,,0,0,,0,
CC1=CC=C(C(C)C)CC1,0,,0,,,,,,,0,0,
C=C(C)CCCC(C)=CCC(C)C=O,1,1,1,1,1,0,0,0,0,0,0,0
COC(=O)CCSCc1ccco1,,1,0,,,0,,1,0,,0,0
CCCCCc1nccs1,,1,0,1,0,1,1,1,0,0,0,0
O=C1OCCCCCCO1,0,0,0,0,1,1,0,0,0,0,0,
CCCCCCCCC(=O)OC,0,1,,1,0,,,,0,0,0,0
CC(=O)c1ccc2n1CCC2,0,,0,,1,,,,,,0,
Sc1cccs1,0,1,0,0,1,0,0,0,0,,0,0
C=C(C)C(=O)C(C)(C)c1ccccc1,0,0,1,,0,0,0,0,0,0,0,0
C/C=C(/C)C(=O)OCCCC,0,,,1,0,,0,,0,,0,
O=C([O-])[C@H]1O[C@@H](O[C@H]2[C@H](O)[C@H](O)[C@H](O)O[C@@H]2C(=O)[O-])[C@@H](O)[C@@H](O)[C@@H]1O.[K+].[K+],0,0,0,0,0,0,0,0,0,0,,0
CC(=O)c1ncco1,0,,0,,0,0,1,0,0,,0,0
CCCCCCCC1C(=O)CCC1C,0,0,1,,0,1,0,0,0,0,0,0
COC/C(C)=C\CCC(C)CC=O,0,0,1,0,0,1,0,0,0,0,0,0
CCCC=CC(=O)CCC(C)C,,0,1,,0,1,0,0,0,0,0,0
CCOC(=O)CSC,,,,1,1,1,0,,0,,0,
FC(F)(F)C(Cl)(Cl)Cl,0,0,0,0,0,0,0,0,0,0,1,0
CN1CCN(C(c2ccccc2)c2ccccc2)CC1,0,0,0,0,0,0,0,0,0,0,1,0
CC1=CC[C@H](C(C)C)C=C1,0,0,0,,,,,0,0,0,0,1
CC(C)=CCCC(C)CCOC(=O)c1ccccc1N,0,,,,0,,0,,0,0,0,0
CCCCOC(C)=O,0,,0,,,,0,0,0,0,0,0
c1ccc(Nc2ccccc2)cc1,0,,1,0,,0,0,0,0,0,0,0
CC(=O)C1CCCC1=O,0,1,0,,,,0,,0,,0,0
CC(CC=O)C1CCC(C)(O)CC1,0,,1,0,0,1,0,0,0,0,0,0
COC(=O)c1ccccc1NC(O)CC(C)c1ccccc1,0,0,1,1,0,1,0,0,0,0,0,0
CC/C=C/CCOC(=O)CCCCCCCCCCCCCCC,,0,0,0,0,0,0,0,0,0,0,0
CC(C)[C@H]1CC[C@H](C)[C@@H](O)C1,0,0,0,0,0,1,0,0,0,0,0,
CCCC(=O)OCCc1scnc1C,,0,0,0,0,0,1,0,0,1,0,0
COc1ccccc1OC(C)=O,,,0,,,,,1,,,0,
CCCCC(CC)CS,,0,0,1,1,0,0,0,0,1,0,0
C=C(C)CCCC(C)CCOC(=O)CC,0,,1,,0,,0,0,,0,0,0
CCCCOC(=O)c1ccc(OC)cc1,0,0,1,0,0,1,0,,0,0,0,0
CCCCCCCCC=Nc1ccccc1C(=O)OC,0,1,1,1,1,,0,0,0,0,0,0
CC(C)CCCCCCCCCCCCCCC(=O)OCC(C)O,0,0,0,0,0,0,0,0,0,0,0,0
CCCCCC(C)=C(C)O,0,0,1,0,0,1,0,1,1,0,0,0
C=C(C=O)C(C)CCC=C(C)C,0,0,0,1,0,1,0,,0,0,0,
CCCC(=O)OC1CC2CCC1(C)C2(C)C,0,0,0,,,1,0,,,0,0,0
CC1=CCC(CCO)C1(C)C,0,,0,,1,1,0,,0,0,0,0
CC(C)=CCCC(C)CC=NO,0,0,0,1,0,0,0,,,0,0,
CC(=O)OCC(CO)OC(C)=O.CC(=O)OCC(O)COC(C)=O,0,0,0,0,0,0,0,0,0,0,1,0
CCOC(CC)OCC,0,,0,1,,0,0,,0,,0,0
CC(=O)CC(C)(C)O,0,0,0,,0,1,0,0,0,0,0,
CCCCC1(CCCC)Oc2ccccc2O1,0,0,1,0,0,1,0,0,0,0,0,0
COCc1ccc(O)cc1,0,1,0,,1,1,,1,0,0,0,
CC(C)[C@@H]1CC[C@H](C)CC1=O,0,,0,0,0,1,0,0,0,0,0,
CCOC(=O)C(C)C,0,1,0,,,0,0,,0,0,0,
CCCCCC[C@@H]1CCCC(=O)O1,0,1,0,,0,0,0,0,0,0,0,0
CCCCCC1OCC(C)O1,0,,0,1,,1,0,0,0,0,0,
CC(=O)C=Cc1ccccc1,0,,1,,,,0,0,,,0,
O.O=C([O-])C[NH+](CC[NH+](CC(=O)[O-])CC(=O)[O-])CC(=O)[O-].[Ca+2].[Na+].[Na+],0,0,0,0,0,0,0,0,0,0,1,0
CCCCCCCCCCCCCCCCOP(=O)(O)O,0,0,0,0,0,0,0,0,0,0,1,0
C=CC(OC(C)=O)c1ccccc1,0,1,1,,0,0,0,0,1,0,0,0
C=C1CCC2OC2(C)CCC2C1CC2(C)C,0,1,0,0,0,,0,,0,0,0,
CCCCCSSCCCCC,,0,0,1,1,1,0,0,0,1,0,0
CC1=CC[C@@H]2[C@H](C1)C2(C)C,0,0,0,,0,0,0,0,0,0,0,0
CCO[C@@H]1C[C@H](C)CC(C)(C)C1,0,0,0,1,0,1,0,1,0,0,0,0
CC(C)=CCCC(C)CCCC(C)C=O,0,0,,0,,,0,,,0,0,0
CC(C)CC(=O)C(=O)O,0,0,0,,0,0,0,0,0,0,0,0
CCCCOCOCCCC,0,0,0,,,0,0,0,0,0,0,0
Cc1occc1SC(C(=O)CC(C)C)C(C)C,,,0,0,,0,0,0,0,,0,0
C/C=C/C(=O)OC(C)C1CCCCC1,0,1,,1,0,1,0,,0,,0,0
CCCCCCCCC=CC=CC=CC=O,,0,0,0,0,0,0,0,0,0,0,0
Cc1ccc(C(C)C=O)cc1,0,,,0,0,1,0,1,0,0,0,0
Cc1cccc(OC(=O)Cc2ccccc2)c1,,,,,0,,0,,0,0,0,0
C1SSCSSS1,0,0,0,1,,0,0,,0,0,0,0
C=C(C)[C@H]1CC(=O)[C@@]2(C)O[C@H]2C1,0,,0,0,,,0,0,0,0,0,
COc1ccc(C=CC(=O)NCCc2ccc(OC)c(OC)c2)cc1OC,,0,0,0,0,0,0,0,0,1,0,0
CCC1OC(=O)C(O)=C1C,0,,0,,0,,,,0,,0,
CC1CCC(C(C)C)C(OC(=O)c2ccccc2N)C1,0,,,,0,,0,0,0,0,0,0
CCCCCCCCCC1OCC(C)O1,0,0,1,,0,1,0,0,0,0,0,0
CC(=O)c1cc2ccccc2o1,0,,1,,0,,0,0,0,0,0,0
O=C1[N-]S(=O)(=O)c2ccccc21.[K+],0,0,0,0,0,0,0,0,0,0,1,0
CCCSSc1ccoc1C,,,0,0,0,0,0,0,0,,0,0
CC(C)c1ccccc1,0,0,0,0,,,0,0,0,0,0,
O=C([O-])/C=C/C(=O)[O-].[Na+].[Na+],0,0,0,0,0,0,0,0,0,0,1,0
CC[C@H](C)C(=O)O,0,1,0,,0,0,0,0,0,0,0,0
CC1CCCCCCCCc2cccc(n2)C1,0,0,0,0,0,0,0,0,0,0,1,0
CC/C=C/CCOC(=O)CCC(C)=O,0,1,0,1,0,1,0,1,0,,0,0
CCC/C=C/C(=O)OCCCCCC,,,0,,0,1,0,0,0,0,0,0
C=C/C(C)=C\CC=C(C)C,0,,,,0,1,0,0,0,0,0,0
SCS,,0,0,0,,0,0,0,0,,0,0
CCCCCCCCCCC(=O)OC,,,,,0,0,0,,0,0,0,0
CCCCCCCCCOC(=O)CCCCCCC,,,1,,0,0,0,,0,,0,0
CC(=O)OC1(C)CCCC(C)(C)C12CCC(C)O2,0,,,,0,,0,,0,0,0,0
CCOC(=O)C1C(C)CCCC1(C)C,1,0,1,,0,0,0,0,1,0,0,0
CCCCCCCCC(=O)OCCC,0,,,1,,0,0,,0,,0,0
OCCCCCCc1ccccc1,0,0,1,1,0,1,0,0,0,0,0,0
Cc1ccc2c(c1)C=CCC2(C)C,0,,0,0,,,0,,0,0,0,
[N-]=[N+]=[N-].[Na+],0,0,0,0,0,0,0,0,0,0,1,0
CCC=CC=CC=CC=O,0,,0,,,,0,0,0,0,0,0
CCCCCOC(C)=O,0,,0,1,,0,0,,0,0,0,0
O=C1CCCCCCCCCCCCCCCO1,1,,,0,0,0,0,0,,0,0,0
CC(=O)OCC(O)CO,0,0,0,0,1,0,0,0,0,0,0,0
C/C=C\c1ccc(OCc2ccccc2)c(OC)c1,0,0,1,0,0,0,0,0,1,0,0,1
Cc1ccccc1O,,,,,,,,,,0,,
COC(=O)C(C)=O,0,1,0,,0,0,0,0,0,,0,1
CCCCC(O)S,,0,0,1,1,1,0,0,0,1,0,0
CCC=CC(C)(O)CCC=C(C)C,0,0,1,0,0,1,0,1,0,0,0,0
C=C[C@H]1CN2CC[C@H]1C[C@H]2[C@H](O)c1ccnc2ccc(OC)cc12.O=S(=O)(O)O,0,0,0,0,0,0,0,0,0,0,1,0
CC(C)(O)CCCC1=CCC(C=O)CC1,0,0,1,,,,0,1,0,0,0,
CCCCCCCCC/C=C/COC(C)=O,,0,0,,0,1,0,0,0,0,0,0
CCCC(=O)OC(CC)c1ccccc1,,,1,,0,0,0,0,0,0,0,0
CCCCCC[C@H]1CCCC(=O)O1,1,1,0,,0,0,0,0,0,0,0,0
CC(C)=CCC1(C)CC(C)C=C(C)C1=O,0,0,1,1,1,1,0,0,0,0,0,0
OCC1O[C@@H]2O[C@@H]3C(CO)O[C@H](O[C@@H]4C(CO)O[C@H](O[C@@H]5C(CO)O[C@H](O[C@@H]6C(CO)O[C@H](O[C@@H]7C(CO)O[C@H](O[C@H]1C(O)C2O)C(O)C7O)C(O)C6O)C(O)C5O)C(O)C4O)C(O)C3O,0,0,0,0,0,0,0,0,0,0,1,0
C=C(C)CCCC(C)CCOC(=O)c1ccccc1,0,1,1,1,0,0,0,,0,0,0,0
CC(C)COCC(C)C.Oc1ccc2ccccc2c1,0,0,1,1,0,,0,0,0,0,0,0
O=C1CN(/N=C/c2ccc([N+](=O)[O-])o2)C(=O)N1,0,0,0,0,0,0,0,0,0,0,1,0
CC=CC=CC(=O)[O-].[K+],0,0,0,0,0,0,0,0,0,0,0,0
O=S1(=O)N=C([O-])c2ccccc21.O=S1(=O)N=C([O-])c2ccccc21.[Ca+2],0,0,0,0,0,0,0,0,0,0,1,0
CC/C=C/CCC1(C)CCC(=O)O1,,1,1,,,,1,0,0,,0,0
O=CCOCCc1ccccc1,0,,,0,0,1,0,0,0,0,0,0
CCC(S)CC,,,0,,1,0,,0,0,1,0,0
CC(=O)OCCCCCCCC(C)C,,,,1,,,0,0,0,0,0,
CC1O[C@H](C)C(=O)C1=O,0,1,0,0,0,0,0,0,0,,0,0
CCCCCCC=CC(=O)O,,,0,,0,,0,0,0,0,0,0
CC/C=C/C=O,0,,0,1,,,0,0,0,0,0,0
CCCCCCCCCC(=O)OCC(C)C,,1,0,1,,0,0,,0,,0,0
O=S(=O)([O-])[O-].[Fe+2],0,0,0,0,,0,0,0,0,0,,0
O=C(Nc1cccc(Cl)c1)OCC#CCCl,0,0,0,0,0,0,0,0,0,0,1,0
O=C(O)C[C@H](O)C(=O)O,0,0,0,0,0,0,0,0,0,0,1,0
CCn1cc(C(=O)O)c(=O)c2ccc(C)nc21,0,0,0,0,0,0,0,0,0,0,1,0
CCCCSSS,0,0,0,1,1,0,0,0,0,0,0,
CCC(C)(C)c1ccc(CCO)cc1,0,0,1,0,1,1,0,1,0,0,0,0
C=CCC(C)C(=O)OCC,0,,0,1,,,0,0,0,0,0,
CCCCCC(=O)CCCCC,,,0,,,0,0,,0,0,0,0
CCCCCCCCCCCCO,,,,,,,,,0,0,0,0
COc1cc(C(=O)OCCC(C)C)ccc1O,1,0,1,0,0,0,0,0,1,0,0,0
CC(C)c1ccc(C#N)cc1,1,0,0,,,1,0,0,0,0,0,1
CC(C)=CCCC(C)C1(O)CC=C(C)CC1,0,1,,,,,0,0,0,0,0,0
CCCCCCCCC/C=C/C=O,,,0,,,,0,,0,0,0,
CCCCCC1OC(C)C(C)O1,,1,0,0,0,1,0,0,0,0,0,0
C=CCc1ccc(O)cc1,0,0,0,,,,,,,0,,
C[C@]1(O)CC[C@H]2[C@@H]3CCC4=CC(=O)CC[C@]4(C)[C@@]3(F)[C@@H](O)C[C@@]21C,0,0,0,0,0,0,0,0,0,0,1,0
CC1=CC(=O)CC(C)(C)C12CCC(C)O2,0,,1,0,0,1,0,0,0,0,0,0
FC(F)(F)C(Cl)=C(Cl)Cl,0,1,0,1,0,0,0,0,0,0,0,0
CC1CC=CCCCCCCCCC(=O)C1,1,0,0,0,0,,0,1,1,0,0,1
CCCCCCCC=C1CCCC1=O,0,0,1,,0,0,0,0,0,0,0,1
SCc1ccco1,,1,0,,,,,,,,0,0
C/C=C/c1ccc(OCC)c(O)c1,0,,,,1,,,,0,,0,
C=C(C)[C@H]1Cc2c(ccc3c2O[C@@H]2COc4cc(OC)c(OC)cc4[C@@H]2C3=O)O1,0,0,0,0,0,0,0,0,0,0,1,0
CCCCC(CC)COC(=O)C=Cc1ccc(OC)cc1,0,0,0,0,0,0,0,0,0,0,1,0
CN(C)C.Cl,0,0,0,0,0,0,0,0,0,0,1,0
CCCC/C=C\CCCC=O,,0,0,1,0,1,0,0,0,0,0,0
CC(=O)OCC(C)C1CC=C(C)CC1,0,0,0,,0,,0,0,0,0,0,
Cc1ccc2cc(C)ccc2c1,0,0,0,0,0,1,0,0,0,0,0,0
CC(C)(C=O)COCc1ccccc1,0,0,1,0,1,1,0,1,,0,0,1
O=C(Oc1ccccc1)c1ccccc1,0,0,,,,,0,0,,0,0,0
CC(CCO)c1ccccc1,0,0,1,0,0,0,0,0,1,0,0,0
CCCCCC(C=O)=Cc1ccc(OC)cc1,0,,1,0,0,,0,0,0,0,0,0
CCOC(CS)OCC,,0,0,0,0,0,0,0,0,,0,0
C=CCCC#N,0,0,0,0,0,0,0,0,0,0,1,0
CC(C)/C=C/C(=O)CC(C)C,,0,1,,,1,0,0,,0,0,1
C/C=C/C(=O)OCCCCCC,0,,0,1,,,,1,0,,0,
CCCCCCC=CCC(=O)OCC,0,0,0,1,0,1,0,0,0,0,0,0
CCCCCC[C@H]1O[C@@H]1/C=C/C=O,0,0,0,0,,0,0,0,0,0,0,0
CC1=CC[C@@H](C(C)C)C=C1,0,0,0,0,0,,0,0,0,0,0,1
C/C=C(\C)C(=O)OCC,0,1,,,,0,0,0,0,,0,0
Cc1ccc(OC(=O)c2ccccc2N)cc1,0,1,1,1,0,,0,0,0,0,0,0
Cc1ccc(CC(C)C=O)cc1,,1,1,1,,1,,,1,0,0,0
CC1C(=O)C=C2C(C)(C)CC=CC21C,0,0,0,,0,0,0,0,0,0,0,0
CCCCCCCCOC(=O)C(C)CC,,0,0,,,1,0,,0,0,0,0
CC(=O)O[C@H]1CCC[C@@H](C(C)(C)C)C1,0,0,1,0,1,1,0,1,0,0,0,0
CC(=O)Oc1cc(C)ccc1C(C)C,0,0,0,0,0,1,0,1,1,0,0,1
CC1C(C)(C)c2ccccc2C1(C)C,1,0,1,0,0,0,0,1,0,0,0,0
OC1CCC2CCCCC2C1,0,0,,0,,1,0,,0,0,0,
CCC(=O)O[C@@H]1C[C@H]2CC[C@]1(C)C2(C)C,0,0,0,,1,0,0,,,0,0,0
C=CCOC(=O)/C=C/C(=O)[O-],0,0,0,1,1,0,0,,0,0,0,0
CC(=O)OCc1ccco1,0,,,,,0,0,0,0,0,0,
CCCCCCCCCC(=O)OC1CC(C)CCC1C(C)C,0,0,1,0,0,1,0,0,0,0,0,
CCOc1ccccc1OCC,0,1,0,0,0,,0,0,0,0,0,1
CCCCOC(=O)CCCC,0,,,,,,0,0,0,0,0,0
CC(=O)OC(C)CCC=C(C)C,0,0,,,0,,0,,0,0,0,0
CC(C)OC(=O)CC1CCCCC1,,,0,1,0,1,0,0,0,0,0,0
CC(C)SC(C)C,0,0,0,1,1,,0,0,0,,0,
CCCCCCCCCCOC(=O)CC,,,,,,0,0,,,,0,
COc1ccc(C(C)=O)cc1OC,0,,,0,0,0,,,,0,0,0
Nc1ccncc1,0,0,0,0,0,0,0,0,0,0,1,0
CN1CCN(CCC=C2c3ccccc3Sc3ccc(S(=O)(=O)N(C)C)cc32)CC1,0,0,0,0,0,0,0,0,0,0,1,0
Cc1cc(C)c(O)c(C(C)C)c1,0,0,0,0,0,1,0,1,0,0,0,1
O=C(O)/C=C/C(=O)O.[Na+],0,0,0,0,0,0,0,0,0,0,1,0
CCCCC/C=C\CCC(=O)O,,0,0,0,0,1,0,0,0,0,0,0
C=C1C2CC(C[C@H]1O)C2(C)C,0,0,0,0,0,0,0,0,1,0,0,0
CCCCCCCCCCCC1CCCC(=O)O1,,,0,0,0,0,0,0,0,,0,0
C[C@]12CC[C@@H]3c4ccc(O)cc4CC[C@H]3[C@@H]1C[C@@H](O)[C@@H]2O,0,0,0,0,0,0,0,0,0,0,1,0
CC1(C)C2CCC1(C)C(OC(=O)c1ccccc1O)C2,0,0,,0,0,,0,,,0,0,0
CC1(C)[C@H]2CC[C@@]1(C)C(=O)C2,0,0,0,0,1,1,0,,0,0,0,
CCCC=C(CC)C(=O)CC,0,0,0,,0,1,0,0,0,0,0,1
CC(C)C(C=O)c1ccccc1,0,0,0,,0,1,0,0,0,0,0,0
COc1ccc(COC(=O)c2ccccc2)cc1,0,0,1,0,0,0,0,0,1,0,0,0
CC1OCC=C1SC1(S)CCOC1C,,0,0,0,0,0,0,0,0,1,0,0
O=C(O)c1ccc(O)cc1,0,0,0,0,,0,,0,0,0,,0
CNC(=O)Oc1cccc(C(C)C)c1,0,0,0,0,0,0,0,0,0,0,1,0
CC(=O)OCC1CCC(C)(C)C23CC4CC2C13C4(C)C,1,0,0,0,0,1,0,1,1,0,0,
CCOc1cc(COC)ccc1O,0,1,1,0,,0,0,1,1,,0,1
CCCCCC=CCCC(=O)O,0,0,0,,0,0,0,0,0,0,0,0
O.O=C1N=S(=O)([O-])c2ccccc21.[Na+],0,0,0,0,0,0,0,0,0,0,1,0
COc1cc(C2OC(C)C(C)O2)ccc1O,0,1,0,,0,1,0,0,1,1,0,0
N#Cc1c[nH]cc1-c1cccc2c1OC(F)(F)O2,0,0,0,0,0,0,0,0,0,0,1,0
CC(=O)OCCCCOC(C)=O,0,1,0,,,0,0,0,0,0,0,0
COC(=O)CCc1ccccc1,0,,1,,0,0,0,,,0,0,
CCCCCCCCCCCCCCCCS,,0,0,0,1,0,0,0,0,,0,0
CCOC(=O)CCCC(=O)OCC,0,0,,1,0,0,0,,0,0,0,0
Cc1c2ccccc2c(C)c2c1ccc1ccccc12,0,0,0,0,0,0,0,0,0,0,1,0
C=CC(=C)CC/C=C(\C)CC/C=C(\C)C=O,0,,0,,,,0,0,0,0,0,0
CCCCCCCC(=O)OCCCc1ccccc1,0,0,0,,0,0,0,0,1,0,0,0
C1CCC(SSC2CCCCC2)CC1,,1,0,,1,,,0,0,,0,0
CC1=NCCS1,,0,0,,1,,1,,0,,0,0
CC(C)C(C)C(=O)c1ccccc1,0,0,1,0,0,1,0,1,0,0,0,0
CCCCOC(=O)C(=O)[O-],0,0,,1,0,0,0,,0,0,0,0
C=C1C=CC(C(C)C)CC1,0,0,0,,,,0,,,0,0,
CCCCC/C=C\C=C\C(=O)OCC,,,,1,0,,0,,0,0,0,0
O=C(C=Cc1ccccc1)OCc1ccccc1,0,0,1,0,0,0,0,0,1,0,0,0
C/C=C/C(=O)[C@@H](C)CC,,0,0,0,,0,1,0,0,0,0,0
CC(C)CC1OC(CC(C)C)OC(CC(C)C)O1,,1,,,0,0,0,0,0,1,0,0
CC(C)c1ccc(/C=C/C=O)cc1,1,0,0,0,0,0,0,0,1,0,0,1
COC(=O)c1ccccc1N,0,,,,,,,,,,0,
CC(C)C(O)C(C)C,0,1,0,,0,0,0,0,0,0,0,0
O.[Mg+2].[Mg+2].[O-][Si]1([O-])O[Si]2(O1)O[Si]([O-])([O-])O2,0,0,0,0,0,0,0,0,0,0,1,0
CCOC(=O)C(C)C(C)S,0,0,0,,0,0,0,0,0,0,0,0
CC(C)CC(C)(O)C1CCCS1,,0,0,1,1,1,0,0,0,0,0,0
CC1=CCC(=C(C)C)CC1,0,,0,,,,0,,,0,0,
CCCCC(=O)OCC(C)CC,,,0,1,0,0,0,0,0,0,0,0
[Cl-].[Li+],0,0,0,0,0,0,0,0,0,0,1,0
O=COc1ccc2ccccc2c1,0,0,0,,1,1,,0,0,0,0,
CCCCCN,0,0,0,0,,,0,0,0,0,,0
CC(C)(C)C1CCC2(CCC(=O)O2)CC1,,0,0,0,1,0,0,,0,0,0,0
CCC(=O)CC(C)(C)c1ccccc1,0,0,1,0,,,0,1,0,0,0,
COC(C)(C)C,0,,,,,1,0,,0,0,0,
CCOC(=O)C=Cc1ccccc1,0,1,0,1,0,0,0,0,1,0,0,
C=CCC(C=CCCCCC)OC(C)=O,,0,0,0,,1,0,,1,0,0,0
CC(C)=C1CCC(C)C2=C(C1)C(C)CC2,0,,0,0,0,0,0,1,1,0,0,
CCCCCCCOCCCC,0,1,0,0,,1,0,0,0,,0,0
CC(C)COC(=O)C(C)c1ccccc1,0,1,1,,0,1,0,0,0,0,0,0
CCCC=CC(=O)OCC,0,1,0,1,0,1,0,,0,0,0,
CCCCC(=O)OCC(C)C,0,,0,,,0,0,0,0,0,,0
CC1OCC2(CC=CCC2C)CO1,0,0,1,0,0,1,0,0,0,0,0,
CCC1C(=O)OC2CCCCC21,0,,0,0,0,1,0,,0,0,0,0
CC(=O)c1ccc(C)cc1,0,,,,,,,,0,0,0,0
CCCCCCCOC(=O)CC(C)C,,0,0,,0,,0,,0,0,0,0
CCCCCCCCCCCC(=O)OCCC,0,,1,1,0,0,0,,0,,0,0
SC1CCCC1,,0,0,1,1,1,0,0,0,,0,1
CCOC(=O)c1ccccc1OCC,0,1,1,,0,1,0,0,0,0,0,0
CN1CCCN=C1/C=C/c1cccs1,0,0,0,0,0,0,0,0,0,0,1,0
CNC(=O)C(C)(C(C)C)C(C)C,0,0,0,0,0,1,0,0,0,0,0,
COC(=O)[C@@H]1CCC[C@H](C)C1,0,,1,1,0,1,0,0,0,0,0,0
CN1CCC[C@@H]1CCO[C@](C)(c1ccccc1)c1ccc(Cl)cc1.O=C(O)/C=C/C(=O)O,0,0,0,0,0,0,0,0,0,0,1,0
O=C1C2CC=CCC2C(=O)N1SC(Cl)(Cl)Cl,0,0,0,0,0,0,0,0,0,0,1,0
CCOC(=O)CCCCCCCC(=O)OCC,,0,0,,0,0,0,0,0,0,0,0
CCCc1nc(C)c(C)o1,,0,0,0,1,,0,0,0,1,0,0
C/C=C(/C=O)CC,0,0,0,,1,0,0,0,0,0,0,0
C=CC(C)(O)CCC=C(C)CCC=C(C)CCC=C(C)C,0,0,1,0,0,0,0,0,0,0,0,0
C/C=C(\C)C1CCC(C)(C)O1,0,,0,1,1,1,0,,0,0,0,
C/C=C/C=C/C=O,,,,,,,0,0,0,0,0,
CC(C)CCCC(C)CCCC(C)C=O,,0,1,1,1,0,0,0,0,0,0,0
O.O=BO[O-].[Na+],0,0,0,0,0,0,0,0,0,0,1,0
CCCCCC(C)(O)CC(C)C,0,0,0,,0,0,0,0,0,0,0,0
CC(=O)OC(C)C1CCCC(C)(C)C1,,0,1,,0,,0,0,0,0,0,0
CCCCCCC(C)(C)c1ccc([C@@H]2CCC[C@H](O)C2)c(O)c1,0,0,0,0,0,0,0,0,0,0,1,0
C=CCc1ccc(OC)cc1,0,,0,,,,0,,0,0,0,1
CC[C@H](C)CS,,0,0,0,1,0,0,0,0,,0,0
[Ta],0,0,0,0,0,0,0,0,0,0,1,0
O=C(OC[C@H]1O[C@@H](OC(=O)c2cc(O)c(O)c(OC(=O)c3cc(O)c(O)c(O)c3)c2)[C@H](OC(=O)c2cc(O)c(O)c(OC(=O)c3cc(O)c(O)c(O)c3)c2)[C@@H](OC(=O)c2cc(O)c(O)c(OC(=O)c3cc(O)c(O)c(O)c3)c2)[C@@H]1OC(=O)c1cc(O)c(O)c(OC(=O)c2cc(O)c(O)c(O)c2)c1)c1cc(O)c(O)c(OC(=O)c2cc(O)c(O)c(O)c2)c1,0,0,0,,,0,,,0,0,0,
CN1CCN(CC/C=C2\c3ccccc3Sc3ccc(S(=O)(=O)N(C)C)cc32)CC1,0,0,0,0,0,0,0,0,0,0,1,0
CCCCCCCCC(=O)C(=O)OC(=C(C)C)C(O)CO,0,1,0,0,0,0,0,0,0,,0,0
c1ccc2ccccc2c1,0,0,0,0,,,0,0,,0,0,
CCCCC(OCC)OCC,0,,0,1,,1,0,,0,,0,0
CC(=O)O[C@@H](C)c1ccccc1,0,1,0,1,0,1,0,0,0,,0,0
C=C(C)C(=O)OCCC(C)C,0,0,0,1,,0,0,0,0,0,0,0
CCCCCC1OC(=O)C(C)=C1C,0,,0,,0,1,0,0,0,0,0,0
CCCC/C=C\CCO,,0,0,1,,1,0,,0,0,0,
C/C=C/CCC1CCCC(=O)O1,,,1,,0,,,0,0,0,0,0
C=Cc1cc(OC)c(O)c(OC)c1,,0,0,0,1,0,0,,,0,0,
CC(CO)c1ccccc1,0,,1,0,,,0,0,,0,0,
CCC/C=C\CCC(=O)OCC,,0,0,1,0,1,0,0,0,0,0,0
CCCCCC(C#N)CCC,0,0,1,,0,0,0,0,0,0,0,0
CCCCCOC(=O)C(C)CC,0,,0,1,0,0,0,0,0,0,0,0
CCC#CC(C)C.O=C(O)O,,,1,0,0,1,0,0,0,0,0,0
CC(C)=CC1CC(C)CCO1,0,,1,,,,0,,0,0,0,
NNC(N)=S,0,0,0,0,0,0,0,0,0,0,1,0
O=COC/C=C/c1ccccc1,,,,,0,,0,0,1,0,0,
[As],0,0,0,0,0,0,0,0,0,0,1,0
CCCCOc1cc(C(=O)NCCN(CC)CC)c2ccccc2n1,0,0,0,0,0,0,0,0,0,0,1,0
C/C=C\CCCCCCCC#N,0,0,1,,0,1,0,0,0,0,0,0
CC1=CCC(C(C)(C)OC(=O)c2ccccc2)CC1,0,,1,1,0,,0,1,1,0,0,0
CSCC(C)=O,0,0,0,,0,0,,0,0,0,0,0
CC(C)(C)NCC(O)COc1cccc2c1CC(O)C(O)C2,0,0,0,0,0,0,0,0,0,0,1,0
CCC(=O)OCCC(C)C,,,0,1,0,,0,0,0,0,0,0
CCOc1nccnc1C(C)C,0,0,0,,,,1,,0,1,0,0
CC(C)CSSCC(C)C,,0,0,1,1,1,0,0,0,1,0,0
CN(C)C(=S)[S-].CN(C)C(=S)[S-].CN(C)C(=S)[S-].[Fe+3],0,0,0,0,0,0,0,0,0,0,1,0
CC1=CCC(C(C)(C)O)CC1O,0,0,0,0,1,1,0,0,0,0,0,0
Cc1ccc(CC(=O)O)cc1,0,0,1,0,0,0,0,0,0,0,0,0
CCOCC=C(C)CCC=C(C)C,0,0,0,,,1,0,0,0,0,0,0
C[C@@H]1C[C@H]2CC(C)(C)CO[C@@H]2C[C@@H]1C,0,0,,1,0,1,0,,0,0,0,0
C=C1CC[C@@H]2C[C@H]1C2(C)C,0,1,0,0,0,1,0,1,1,0,0,0
C/C(=C/CC[C@]1(C)C2CC3C(C2)C31C)CO,0,1,0,0,0,0,0,0,0,0,0,0
C[C@@H]1CCC[C@]2(C)CCCC[C@@]12O,,0,0,0,1,0,0,1,0,0,0,0
O=C1CCCCCC=CC=CCCCCCC1,1,0,0,0,0,0,0,0,0,0,0,0
CCc1ccc(CC=O)cc1,0,,1,0,,1,0,,0,0,0,0
CC(=O)CCC(=O)OCCc1ccccc1,0,1,0,0,,1,0,0,0,,0,0
C/C=C/C(=O)C1=C(C)CCCC1(C)C,0,,,,,,0,,0,0,0,
C=C/C(C)=C\C/C=C(\C)COC(C)=O,0,,0,,0,,0,0,0,0,0,0
CCCCCCC/C=C/C(=O)OCCCC,,,,,0,,,0,0,0,0,
CC(=O)OC1CCCCC1,,,0,,,0,0,,0,0,,0
CCCCOC(=O)C(C)OC(=O)CCC,,,,,,,0,0,0,,0,0
C/C=C(\C)C(=O)OCCc1ccccc1,0,,1,,0,,0,0,,,0,0
CC(C)CCO[N+](=O)[O-],0,0,0,,1,0,0,0,0,0,0,0
CCCCC/C=C\CC1CCC(=O)O1,,1,0,,0,0,0,0,0,,0,0
c1ccc2c(c1)CC1COCOC21,1,0,1,0,,0,0,1,0,0,0,0
CCC(C=O)=Cc1ccccc1,0,0,0,0,0,,0,0,0,0,0,1
CC=CC(=O)OC(C)(C)Cc1ccccc1,0,0,0,,0,1,0,0,0,0,0,1
CCCCCCC(OC)OC,,,,1,,1,,0,0,0,0,0
O=C([O-])CC(O)(CC(=O)[O-])C(=O)[O-].[Co+3],0,0,0,0,0,0,0,0,0,0,1,0
CCC(=O)OC1CCCCC1,0,,,,0,,0,0,0,0,0,0
CCCCC(=O)OCCC(C)C,,,0,1,,1,0,0,0,0,0,0
CC(C)(C)C1CCCCC1=O,0,0,,0,1,1,0,1,0,0,0,
CCCCCCC1(C)OC1C(=O)OCC,0,0,0,1,0,0,0,0,0,0,0,0
CCOC(=O)C1OC1c1ccco1,0,1,0,,0,0,0,0,0,,0,0
C[C@@H]1CC[C@@H](C(C)(C)O)[C@H](O)C1,0,0,0,,0,1,0,1,0,0,0,
NS(=O)(=O)O,0,0,0,0,0,0,0,0,0,0,1,0
CCC(S)S,0,0,0,0,1,0,0,0,0,,0,0
CC(C)CC(=O)OCC=Cc1ccccc1,0,,,,,,0,,,,0,
Cl.N[C@@H](CS)C(=O)O.O,0,0,0,0,0,0,0,0,0,0,1,0
CC/C=C\CCCOC(C)=O,0,0,1,,0,1,0,0,0,0,0,0
CCCCCC/C=C/C(C)=O,,,,,,,0,,0,,0,0
CC1=CCC2C(C)(C)CCCC2(C)C1CC=O,1,0,0,0,1,0,0,1,1,0,0,0
COC(=O)CC(=O)OC,0,0,0,,,,0,0,0,0,0,0
O=C(O)Cc1c[nH]c2ccccc12,0,0,0,0,0,0,0,0,0,0,1,0
CC(C)SSSC(C)C,0,,0,,1,,0,0,0,0,0,
[V],0,0,0,0,0,0,0,0,0,0,1,0
CC(=O)c1cccs1,0,0,0,0,1,0,,,0,0,0,0
CCOC(=O)COC,0,0,0,,0,0,0,0,0,0,0,0
CC1CCC2CC1SC2(C)C,,,0,1,1,,,,,,0,
CCOc1ccc2c(C)cc(=O)oc2c1,0,,0,0,0,0,,,0,0,0,0
CC(C)[C@@H]1CC[C@@H](C)C[C@H]1OC(=O)[C@@H](C)O,0,0,0,0,0,1,0,0,0,0,0,
CC(=O)OC(C)(C)C1CCC(C)C2=C(C1)C(C)CC2,,,1,0,0,1,0,1,1,0,0,1
CC1(C)[C@H]2CC[C@]1(C)[C@H](O)C2,0,0,0,0,1,1,0,1,1,0,0,0
COC(=O)c1ccco1,0,1,,1,,,0,,0,,0,0
Cc1ccccc1-n1c(C)nc2ccccc2c1=O.Cl,0,0,0,0,0,0,0,0,0,0,1,0
CC(=O)COC(C)=O,0,1,0,,,0,,0,0,,0,0
CCCCCCCC/C=C/CCCCCCCC(=O)N(C)CC(=O)O,0,0,0,0,0,0,0,0,0,0,1,0
CC1=C[C@H](O)[C@H]2C[C@@H]1C2(C)C,0,0,0,0,0,0,0,0,1,0,0,0
CCOC(=O)C(C)(C)C,0,,0,,0,0,0,,0,0,0,
CSSSC,,0,0,,,,0,,0,,0,
CCCCC/C=C\C/C=C\CCCCCCCC(=O)O,,0,0,0,0,,0,0,0,0,0,0
CCC/C=C(/C#N)c1ccccc1,0,,1,0,,1,0,0,0,0,0,0
O=C([O-])c1ccccc1.[Na+],0,0,0,0,0,0,0,0,0,0,1,0
C=C(C)COC(=O)C(C)C,0,1,0,1,,1,0,0,0,0,0,0
CC(=O)CCC1=C(C)CCCC1(C)C,,,,,,,,,,0,,0
C/C=C\C(=O)OCCCCC,0,0,1,1,1,1,0,0,0,0,0,1
CC(=O)c1ccccc1O,0,,,,,,,,,,0,
COc1ccccc1-c1ccccc1,0,0,1,,0,,0,0,0,0,0,0
CC(C)(O)Cc1ccccc1,,,,,0,1,0,,0,0,0,
COc1ccc(C)cc1OC,0,0,1,,1,0,,0,,0,0,
CC1C(S)CC2CC1C2(C)C,0,0,0,1,1,1,0,0,0,0,0,0
CSCCC(N)C(=O)NCC(=O)O,,0,0,0,1,0,0,0,0,1,0,0
Nc1cnn(-c2ccccc2)c(=O)c1Cl,0,0,0,0,0,0,0,0,0,0,1,0
CCCCCCCC1OC1C=O,,0,0,1,0,0,0,0,0,0,0,0
CC(C)CC(=O)O.N,0,0,0,,1,0,0,0,0,0,0,0
CCOC(=O)CC,0,,,,,0,0,,0,,0,
CC(C)=CCCC(C)CC(=O)O,,,,,,,0,,,0,0,
[O-2].[O-2].[O-2].[Sb+3].[Sb+3],0,0,0,0,0,0,0,0,0,0,1,0
CCCC=CC(=O)OC,,,0,,,1,0,,0,0,0,0
CCC(=O)c1cc(OC)c(O)c(OC)c1,0,1,1,,0,0,0,0,1,0,0,0
CCCCCCCC(=O)OCCCC,0,,,,,,0,0,0,,,0
CC(=O)CCC(CCC(C)O)C(C)C,0,0,0,0,0,0,0,1,0,0,0,0
CC(C)(S)CCOC=O,,,0,,1,0,0,0,0,1,0,0
CCCCCCCOC(=O)C(C)C,,,,1,0,1,0,0,0,0,0,0
CC(=O)CCc1ccco1,0,1,0,,0,0,0,0,0,,0,1
C[C@H](O)[C@@H](C)S,,0,0,,1,1,0,0,0,1,0,1
CCCCC/C=C\C=O,,0,0,,0,1,1,1,0,0,0,0
CC(=O)CC(c1ccc([N+](=O)[O-])cc1)c1c(O)c2ccccc2oc1=O,0,0,0,0,0,0,0,0,0,0,1,0
CCCCOC(=O)c1ccc(O)cc1,0,0,0,,,,0,0,0,0,,0
CC/C=C/CO,0,0,0,1,,,0,,0,0,0,0
CC1(C)C2CC=C(C=O)C1C2,0,,0,,,1,,,0,,0,1
CC=CC=CC(=O)O,0,0,0,0,0,0,0,0,0,0,1,0
CCOC(=O)CCC(C)=O,0,,,,,1,0,0,0,,0,
O=C1CCCCCCCCC/C=C\CCCO1,1,0,0,0,0,0,0,0,0,0,0,0
CCCCCCC(O)CC=O,0,0,0,0,0,1,1,0,0,0,0,0
CC(=O)OCC=C1C2CCC(C2)C1(C)C,0,0,1,0,0,0,0,1,1,0,0,0
CN(C)CC/C=C1\c2ccccc2COc2ccccc21,0,0,0,0,0,0,0,0,0,0,1,0
CCCCCCCCCCO,,,,,0,,0,0,0,0,0,0
CCCCOC(=O)C(C)S,,0,0,1,1,0,0,0,0,1,0,0
CC(=O)C1=CCC(C)CC1,0,0,0,0,0,1,0,0,0,0,0,0
C[C@]12C=CC(=O)C=C1CC[C@@H]1[C@@H]2CC[C@]2(C)OC(=O)CC[C@@H]12,0,0,0,0,0,0,0,0,0,0,1,0
CC1(C)C2CCC1(C)C(CC(=O)O)C2,0,0,0,0,0,0,0,0,0,0,1,0
CC1(C)C=C[C@@]23CCC[C@@](C)(CC[C@@H]12)C3,1,0,0,0,,0,0,1,1,0,0,1
CNC,0,0,0,0,1,0,0,0,0,0,0,0
C[N+](C)(C)CCOC(N)=O,0,0,0,0,0,0,0,0,0,0,1,0
CCCCCC(=O)CCO,0,1,0,1,0,1,1,0,0,0,0,0
F[Al-3](F)(F)(F)(F)F.[Na+].[Na+].[Na+],0,0,0,0,0,0,0,0,0,0,1,0
CCCCCOC(=O)CC(C)C,0,,0,1,0,,0,0,0,,0,0
CCOC(=O)c1ccc(O)cc1,0,0,0,0,,0,0,0,0,0,,0
CC1=CCCC2(C)C(OC=O)C(C)CCC12C,1,0,0,0,0,0,0,1,1,0,0,0
CCCCCCCC(=O)CCc1ccc(O)c(OC)c1,0,0,0,0,,0,0,0,0,0,0,1
C=C(C)CCOC(C)=O,0,,0,,0,,0,0,0,0,0,0
C=CCc1ccc(OCCCCCCC)c(OC)c1,1,0,0,,,0,0,0,,0,0,0
CC[N+](CC)(CC(=O)Nc1c(C)cccc1C)Cc1ccccc1.O=C([O-])c1ccccc1,0,0,0,0,0,0,0,0,0,0,1,0
CC1=CCC2C(C1)C2(C)C,0,,0,,,,,,,0,,
CCC(C)C(=O)OC,,,,,,,0,0,0,0,0,0
CC(C)[C@]12CC(=O)[C@H](C)[C@H]1C2,0,0,0,,0,,0,1,,0,0,0
CC(C)COC(=O)Cc1ccccc1,,1,1,,,,0,,,,0,
CCC1(c2ccccc2)C(=O)NC(=O)NC1=O,0,0,0,0,0,0,0,0,0,0,1,0
CCCCC(CC)C(=O)OC,,0,1,,0,,0,,0,0,0,0
CCOC(C)=O,0,,,1,,,0,,0,,0,
CC1CCCC(=O)C1,0,0,0,,,1,,0,0,0,0,
Cl.Cl.N[C@@H](CSSC[C@H](N)C(=O)O)C(=O)O,0,0,0,0,0,0,0,0,0,0,1,0
COC.Cc1cc(O)ccc1O,0,0,0,0,0,1,0,0,0,0,0,1
CCCCCCCC[C@H]1O[C@H]1CCCCCCCCCCCC(=O)O,0,0,0,0,0,0,0,0,0,0,1,0
CCCC[C@@H](O)CC,0,0,1,,1,1,,0,0,0,0,
O=[Cd],0,0,0,0,0,0,0,0,0,0,1,0
CC1C(=O)Cc2ccccc2C1(C)C,1,0,0,0,1,,0,1,1,0,0,0
CC[C@@H](C)SS[C@@H](C)CC,,0,0,1,1,1,0,0,0,1,0,0
CC1=CC(=O)CC1C,0,1,0,0,1,0,0,0,0,,0,0
C=C(C)CC(C(C)=O)C(=O)OCC,0,0,1,,0,1,0,0,0,0,0,0
O=C([O-])C(O)C(O)C(O)C(O)CO.O=C([O-])C(O)C(O)C(O)C(O)CO.[Cu+2],0,0,0,0,0,0,0,0,0,0,1,0
C/C=C/C(=O)OC1CC(C)CCC1C(C)C,0,0,0,0,0,1,0,0,0,0,0,
C1CC2C3CC(C2C1)C1(CCCO1)C3,0,,,1,0,,0,,0,0,0,
O=C1CCCCCCCCCCCC(=O)OCO1,1,1,1,0,1,0,0,1,1,0,0,1
CCCCCCOC(CCCCC)OCC,0,,0,1,0,1,0,,0,,0,0
CCCCCCCCOCc1ccccc1,0,0,1,,0,1,0,1,1,0,0,1
C[N+]1(C)[C@@H]2CC(OC(=O)[C@H](CO)c3ccccc3)C[C@H]1[C@@H]1O[C@@H]12.O=[N+]([O-])[O-],0,0,0,0,0,0,0,0,0,0,1,0
CCCCCOC(=O)C(C)O,,,,,0,0,0,,0,,0,0
CCN(CC)CCOC(=O)c1ccc(N)cc1Cl,0,0,0,0,0,0,0,0,0,0,1,0
O=C1C[C@@H]2OCC=C3CN4CC[C@]56c7ccccc7N1[C@H]5[C@H]2[C@H]3C[C@H]46.O=C1C[C@@H]2OCC=C3CN4CC[C@]56c7ccccc7N1[C@H]5[C@H]2[C@H]3C[C@H]46.O=S(=O)(O)O,0,0,0,0,0,0,0,0,0,0,1,0
CC=CC(=O)CCC,0,0,0,0,,0,0,0,0,0,0,0
CCCCOC(=O)CS,0,0,0,,0,0,0,0,0,0,0,0
C=CCSC(=O)CCCCC,0,0,0,,0,0,0,0,0,0,0,0
CCCCCCCCCCCCCC(=O)CC(=O)OCC(O)CO,,0,0,0,0,0,0,0,0,0,0,0
CCC(CC)c1ccccn1,0,0,0,1,,1,0,,1,0,0,0
CCSC(C)=O,,,0,,1,1,0,0,0,,0,1
O=[N+]([O-])[O-].O=[N+]([O-])[O-].[Ba+2],0,0,0,0,0,0,0,0,0,0,1,0
CCCOC(=O)CC(C)=O,0,1,0,1,,0,0,,0,,0,0
COC1OC(C(=O)O)C(OC2OC(C(=O)O)C(OC)C(O)C2O)C(O)C1O,0,0,0,0,0,0,0,0,0,0,1,0
CC(=O)OC1CCC(C)CC1C(C)(C)C,0,0,1,1,0,0,0,0,0,0,0,0
COc1cc(CCC(C)=O)ccc1O,,1,,0,,0,0,,,0,0,1
O=S(=O)([O-])[O-].[Mg+2],0,0,0,0,0,0,0,0,0,0,1,0
CC(=O)Oc1cccc(C)c1,1,0,1,0,,,0,0,0,0,0,0
C=C[C@](C)(O)CC[C@@H]1[C@@]2(C)CCCC(C)(C)C2CC[C@@]1(C)O,,,0,0,0,,0,,,0,,
CCN(CC)CC,0,,0,,1,0,0,0,0,0,0,0
CCC(C)C(=O)O,,,,,,,0,,0,,,0
C1CSCSC1,0,0,0,,1,0,0,0,0,1,0,0
CCc1ccc(CC(C)(C)C=O)cc1,0,0,,0,,,0,0,0,0,0,0
Sc1cccc[13cH]1,0,0,0,,1,1,0,0,0,0,0,1
CCCCCCCCOC(=O)C=Cc1ccccc1,0,0,0,,0,1,0,0,1,0,0,1
CCCCCCCCCCCCCCCCCC(=O)[O-].CCCCCCCCCCCCCCCCCC(=O)[O-].[Mg+2],0,0,0,0,0,0,0,0,0,0,1,0
NNc1nncc2ccccc12,0,0,0,0,0,0,0,0,0,0,1,0
CC/C=C/CC(C)OC(C)=O,0,0,0,,0,1,0,0,0,0,0,0
CCCOC(=O)C(C)O,1,1,,,0,0,0,,0,,0,0
COC(=O)c1ccccc1,0,,,,,,,,0,0,0,
COC(=O)OC,0,0,0,0,,0,0,0,0,0,0,0
CCCCC/C=C/C=C/C(=O)NCC(C)C,0,0,0,0,0,,0,0,0,0,0,1
Cc1cccc(C(C)C=O)c1C,0,1,0,,0,0,1,0,1,0,0,0
C=C(C)c1ccc(C)c(OC)c1,0,0,0,,1,0,,0,0,0,0,
[NH4+].[NH4+].[S-2],0,0,0,0,,0,0,0,0,,0,0
OCC1=C[C@H](N[C@H]2C[C@H](CO)[C@@H](O[C@@H]3O[C@H](CO)[C@@H](O)[C@H](O)[C@H]3O)[C@H](O)[C@H]2O)[C@H](O)[C@@H](O)[C@@H]1O,0,0,0,0,0,0,0,0,0,0,1,0
CC(=O)OCC(CO)OC(C)=O,0,0,0,,0,0,0,0,0,0,0,0
C#CCCCCCC(=O)OC,,0,0,0,0,1,0,0,0,0,0,0
CCC(=O)c1ccco1,0,1,0,,0,0,0,0,0,0,0,0
C/C=C/c1ccc(OC(C)=O)c(OC)c1,0,,,,0,0,0,0,,0,0,1
CCCCC(=S)OCC,0,0,0,,1,0,0,0,0,0,0,0
CC(C)COC(=O)c1ccccc1,0,,,,,,0,,1,,0,0
CCOC(=O)c1ccc(N)cc1,0,0,0,0,0,0,0,0,0,0,1,0
C=CC1CN2CCC1CC2C(O)c1ccnc2ccc(OC)cc12.O=S(=O)(O)O,0,0,0,0,0,0,0,0,0,0,1,0
CCCCCCCCCCCCCC#N,0,0,,1,0,,0,0,0,0,0,0
CC(C)Cc1ccccn1,0,0,,,0,,0,0,0,0,0,
O=COCc1ccco1,0,,0,0,,0,,0,0,,0,0
CCCC=CCO,0,0,0,,0,1,0,0,0,0,0,0
C=C(C)CCCC(C)CCOC(=O)CCC,0,,1,,0,,0,0,0,0,0,0
COc1ccc(C=CC(=O)C(C)C)cc1,0,1,0,,0,0,0,0,0,,0,0
C/C=C/C=C/C(=O)OCC,0,,0,,,,0,0,0,0,0,
CC1=CCCC(C)(C)C1C=O,0,0,,,0,,0,0,0,0,,0
C=CC(C)O,0,0,0,0,,,0,0,,0,0,0
C=CCCC(=O)C=CC1C(C)=CCCC1(C)C,0,0,1,,0,1,0,1,0,0,0,0
OCC1OC2OC3C(CO)OC(OC4C(CO)OC(OC5C(CO)OC(OC6C(CO)OC(OC7C(CO)OC(OC8C(CO)OC(OC9C(CO)OC(OC1C(O)C2O)C(O)C9O)C(O)C8O)C(O)C7O)C(O)C6O)C(O)C5O)C(O)C4O)C(O)C3O,0,0,0,0,0,0,0,0,0,0,1,0
c1ccncc1,0,0,0,0,,0,0,,,0,0,0
Cc1ccc(C(C)C)cc1O,0,0,0,,,,,,,0,0,
CC(C)=CCCC1=CCCC(C#N)C1,0,0,0,,,,0,0,0,0,0,0
CC1OC(Cc2ccccc2)OC1C,0,,1,,,,0,1,0,0,0,0
CN1CC[C@]23c4c5ccc(O)c4O[C@H]2[C@@H](O)C=C[C@H]3[C@H]1C5,0,0,0,0,0,0,0,0,0,0,1,0
C/C=C(\C)C(=O)OCCC(C)C,0,0,,1,0,1,0,,0,0,0,
CCCc1cccc(O)c1,1,0,0,0,1,0,0,1,0,0,0,0
CC(C)C=C(C=O)c1ccco1,0,0,0,0,0,1,0,1,0,0,0,0
Cc1cc2ccccc2[nH]1,1,0,,0,,,0,0,0,0,0,0
c1cnccn1,0,,,,,,,0,0,,0,0
Cl.Clc1ccccc1N1CCNCC1,0,0,0,,0,1,0,0,0,0,0,
CCCCCC=CCC=O,,0,0,0,0,0,0,0,0,0,0,0
CC1=CCC(C/C=C(\C)CO)C1(C)C,,,0,0,0,,0,1,0,0,0,0
C=C/C=C\C=O,0,0,0,,,,0,0,0,0,0,
C/C=C/CCCCC=O,,,0,1,0,1,0,0,0,0,0,0
CC(CCO)CCc1ccccc1,0,,1,,0,1,0,,0,0,0,0
CCCCCOCc1ccccc1,0,0,1,,0,1,0,0,0,0,0,0
COc1ccccc1OC(=O)c1ccccc1,0,0,0,0,0,0,0,0,0,0,1,0
CCCCCCCCCCCC(OCC)OCC,0,0,0,1,0,1,0,0,0,0,0,0
CC/C=C\CC(=O)OCC,0,,0,1,0,,0,0,0,0,0,0
C=C(C)COC(=O)CCC,0,,0,,,0,0,0,0,0,0,0
CCOc1ccccc1,0,,0,0,0,,0,0,0,0,0,1
Cl.NNc1nncc2ccccc12,0,0,0,0,0,0,0,0,0,0,1,0
N#C/C=C/c1ccccc1,,,,0,,,0,0,0,0,0,1
CSc1ccccc1O,,,0,,1,,0,,,,0,
CC/C=C/C/C=C/C=C/C(=O)OCC,,0,0,1,0,1,0,0,0,0,0,0
CC(=O)c1cc(C(C)C)ccn1,0,0,,0,0,1,0,0,0,0,0,0
Cc1cc(C)nc(C)c1,1,1,0,0,1,1,0,,0,0,0,
C=CCC1(C(C)CCC)C(=O)NC(=O)NC1=O,0,0,0,0,0,0,0,0,0,0,1,0
CCCC(=O)OC1CC2(C)CC[C@@H]1C2(C)C,0,0,0,,0,1,0,1,1,0,0,0
O=C(Cc1ccccc1)OCC=Cc1ccccc1,,,1,0,0,1,0,0,,0,0,
CCOC(=O)CCC1CCCCC1,0,,0,1,0,0,0,0,0,0,0,0
CCOC(C)OCC,0,,,,,,,,0,0,0,
N[C@@H](Cc1cnc[nH]1)C(=O)O,0,0,0,0,,0,0,0,0,0,,0
CCCOC(=O)CC,0,,,,,0,0,,0,0,0,
CCc1ncc(C)nc1C,,,0,,,,,,0,,0,0
C=CC(=O)C/C=C/CC,0,0,0,0,1,0,0,1,0,0,0,0
CCCCCCCC1CC(C)OC1=O,,,0,1,0,1,,0,0,0,0,0
CCCCCCCC(=O)Oc1ccc(C)cc1,1,,1,,,1,0,,0,0,0,0
CCCCCCC1=C(C)CCC1=O,0,0,1,0,0,0,0,0,0,0,0,1
CCCCCCC1OC1C=CC=O,0,0,0,0,,0,0,0,0,0,0,0
CCCOC(C)OCCC(C)C,0,,0,1,,1,0,,0,,0,0
CC(C)Cc1ccc2ncccc2c1,1,0,0,0,,1,1,1,0,0,0,0
C[C@H]1O[C@@H](O[C@H]2[C@@H](O)C[C@H](O[C@H]3[C@@H](O)C[C@H](O[C@H]4CC[C@@]5(C)[C@H](CC[C@@H]6[C@@H]5CC[C@]5(C)[C@H](C7=CC(=O)OC7)CC[C@]65O)C4)O[C@@H]3C)O[C@@H]2C)C[C@H](O)[C@@H]1O,0,0,0,0,0,0,0,0,0,0,1,0
CCCC=CCC1CCCC1O,0,,1,1,0,0,0,0,0,0,0,0
C=C1CCC2(C(C)C)CC12,0,0,0,,,,0,,,0,0,1
CCCCCC/C(C)=N/O,0,0,1,0,,1,0,1,0,0,0,0
C=CCOC(=O)CC1CCCCC1,,1,0,,0,,0,0,0,0,0,0
CC1CCOC(c2ccccc2)C1,0,0,1,0,,1,0,0,0,0,0,0
CCCCCCC#CC(=O)OCC,0,0,,,0,1,0,0,0,0,0,0
C/C=C/C(=O)OC/C=C(/C)CCC=C(C)C,0,0,1,,0,1,0,0,0,0,0,0
CC(S)SS,0,0,0,,1,0,0,0,0,1,0,0
CCCCCCCOCCC,0,0,0,,0,1,0,0,0,0,0,0
CCCCCCC=C1CCCC1=O,0,0,1,,0,0,0,0,0,0,0,0
CC(=O)OCc1ccc(C(C)C)cc1,0,,0,,0,1,0,,0,0,0,
CC(C1CC1)C(O)(Cn1cncn1)c1ccc(Cl)cc1,0,0,0,0,0,0,0,0,0,0,1,0
CCCCCCCOC(=O)CCCCCC,,0,,,,1,0,,0,0,0,0
CC=CC=C1C(C)=CC(=O)CC1(C)C,0,1,0,0,0,1,1,0,0,0,0,1
CCCC(C)CC=O,,,0,,,1,0,0,0,0,0,0
CC(C)=CCCC(C)=CCCc1ccncc1,0,0,0,0,0,1,0,0,0,0,0,0
CC(C)CN=C=S,0,,0,,,,0,0,0,0,0,
C=C/C=C/CCC(O)C(C)(C)C,0,0,1,1,0,1,0,1,0,0,0,
C[C@@H]1CCCCCCCCCCCCC(=O)C1,1,0,0,0,0,0,0,0,0,0,0,0
O=C(OC/C=C/c1ccccc1)c1ccccc1,0,,0,0,0,0,0,0,,0,0,1
CCCCCCCCC1CCC(=O)CC1,0,0,1,0,1,1,0,1,0,0,0,0
O=c1cc(-c2ccc(O)cc2)oc2cc(O)cc(O)c12,0,,,0,,,0,,,0,0,0
C[C@@H](C=O)Cc1ccc(C(C)(C)C)cc1,0,0,1,0,0,1,0,0,0,0,0,0
C[C@H](O)C(=O)O,0,0,0,0,0,0,0,0,0,0,1,0
C/C=C/C(=O)/C(C)=C(\C)C(C)C,0,1,,1,0,0,0,,0,,0,
CCC(C)C(C)O,0,0,0,,,1,0,0,0,0,0,0
Nc1ccccc1C(=O)OCC=Cc1ccccc1,0,0,1,,0,0,0,0,0,0,0,0
CCC1CSSSC1(CC)CC,0,0,0,,1,1,0,0,0,1,0,0
C=C1[C@@H]2CC[C@@H](C2)[C@@]1(C)CC/C=C(/C)CO,,,0,0,0,,0,,0,0,0,0
CCOCOCC=Cc1ccccc1,0,0,1,0,0,0,0,0,1,0,0,0
CCCCCCCOC(=O)C=Cc1ccccc1,0,0,1,0,0,1,0,1,0,0,0,0
CC(=O)C=Cc1ccco1,0,1,0,0,0,,1,0,1,0,0,1
CCC(/C=C/C1=C(C)CCCC1(C)C)OC(C)=O,0,,1,1,0,0,0,0,0,0,0,0
CC(C)CC(=O)OCCC1CCCCC1,0,1,0,1,0,0,0,0,0,0,0,0
CCCC(C)CC(=O)O,0,0,0,,1,0,0,0,0,0,0,0
CCC/C=C/C=C/CCCO,0,0,1,1,0,0,0,0,0,0,0,0
C#Cc1ccccc1,0,0,0,0,,0,0,0,0,0,0,0
CCOC(=O)c1ccccc1N,0,,,1,0,,0,,0,0,0,0
CC(C)=CCCC(C)O,,,,,0,1,0,,0,0,0,
CCCCCC1C(=O)CCC1CC(C)=O,0,0,1,0,0,0,0,0,0,0,0,0
COc1ccc(O)cc1,0,,0,0,,,0,0,0,,0,
CN(C)C(=O)C(c1ccccc1)c1ccccc1,0,0,0,0,0,0,0,0,0,0,1,0
CCCCCCCCC(OC(C)=O)C(=O)OC,,1,0,1,0,0,0,0,0,,0,0
Nc1c(N=Nc2ccc(-c3ccc(N=Nc4cc(S(=O)(=O)[O-])c5ccccc5c4N)cc3)cc2)cc(S(=O)(=O)[O-])c2ccccc12.[Na+].[Na+],0,0,0,0,0,0,0,0,0,0,1,0
C=C(C)C(CO)CC=C(C)C,0,,1,0,0,1,0,,0,0,0,
CC(C)Cc1cccnc1,0,0,0,0,0,1,0,,0,0,0,
[I-].[Na+],0,0,0,0,0,0,0,0,0,0,1,0
CSSSSC,,0,0,,,,0,0,0,,0,
C=CCCCCCCCCC(=O)OC,,,,1,,0,0,,0,0,0,0
CCC(C)(O)c1ccccc1,0,0,1,0,1,1,0,1,0,0,0,0
OCCO,0,0,0,0,,0,0,0,0,0,,0
CC(C)C1OCOCC1(C)C,0,0,0,0,1,1,0,,0,0,0,0
CCON=O,0,,0,,,0,0,,0,0,0,
C=C[C@@]1(C)CC[C@@H](O)C(C)(C)O1,0,0,0,0,,0,0,1,0,0,0,0
CCCC=CC(=O)OCCCC,0,,0,1,0,1,0,0,0,0,0,0
COC(C)(C)C1CC=C(C)CC1,0,0,1,1,,,0,,0,0,0,
CCOc1ccc2ccccc2c1,0,,1,,,,0,0,0,0,0,0
CCCCCCCCC(=O)OCC,,,,1,0,0,,,0,,0,
CC(=O)OC(CC(C)C)CC(C)C,0,,,,,1,0,,,0,0,
O=c1[nH]c(=O)c2[nH]c(=O)[nH]c2[nH]1,0,0,0,0,0,0,0,0,0,0,1,0
CCCC(CC(=O)OCC)OC(C)=O,0,0,0,,0,1,0,0,0,0,0,0
CC(=O)OCCC1CCCCC1,0,,,,,,0,0,0,0,0,
CCCCC(CC)COC(=O)c1ccccc1,0,0,0,0,,0,0,0,,0,0,0
CC(C)C(C=O)=Cc1ccc(C(C)C)cc1,0,0,1,0,0,1,0,0,0,0,0,0
CC/C=C/C=C/CO,,,0,,1,,1,0,0,0,0,0
OC[C@H]1O[C@@H]2OC[C@H]3O[C@H](O[C@@H]4[C@@H](O)[C@@H](OC[C@H]5O[C@H](O[C@H]([C@H]2O)[C@@H]1O)[C@H](O)[C@@H](O)[C@@H]5O)O[C@H](CO)[C@H]4O)[C@H](O)[C@@H](O)[C@@H]3O,0,0,0,0,0,0,0,0,0,0,1,0
CC(C)(C)NCC(O)COc1cccc2c1C[C@H](O)[C@H](O)C2,0,0,0,0,0,0,0,0,0,0,1,0
C=CC(C)(O)CC/C=C(\C)CCC=C(C)C,0,0,1,,0,,0,,0,0,0,0
CC=CC(=O)OCCCCCCCC,0,0,,1,0,1,0,,0,0,0,0
CCCCCCCOC(=O)c1ccc(OC)cc1,0,1,,1,0,0,1,,0,0,0,0
C=CCOC1CC2CC1C1C=CCC21,0,0,1,,0,,0,,0,0,0,1
CCCCCCCCCCCCOC=O,0,0,1,,0,1,0,0,0,0,0,0
C=CCOC(=O)C(CC)CC,0,0,0,,,0,,0,0,0,0,0
OC/C=C\c1ccccc1,0,,1,0,0,,0,0,,0,0,
CCCCC/C=C\CCC(=O)OC,,0,0,1,,1,0,0,0,0,0,0
C=C[C@@]1(C)CCC(C(C)C)=C[C@@H]1C(=C)C,0,1,1,0,0,1,0,1,0,0,0,
CC1=C[C@H]2[C@H](C(C)C)CC[C@@H](C)[C@]2(O)CC1,0,,0,0,0,1,0,0,0,0,0,1
CCCCCCCCCC(=O)OCCC(C)CCC=C(C)C,0,0,,0,0,0,0,0,0,0,,0
CCCCCCC[C@@H]1CCC(=O)O1,,1,0,1,0,0,0,0,0,0,0,0
C=CCC1=C(C)C(O)CC1=O,0,0,0,0,0,1,0,0,0,0,0,0
CC1(C)C(=O)[C@@]2(C)CC[C@@H]1C2,0,,0,0,1,1,0,,,0,0,
CC(=O)CCC(C)C,0,1,0,,1,1,0,0,0,0,0,
CCCC(CCOC)SC(=O)OCC,0,1,0,1,1,1,0,,0,1,0,0
CC1(C)COC(C)(c2ccccc2)OC1,0,,,,1,1,0,1,0,0,0,0
Cc1cccc2ccccc12,0,0,0,,1,1,,,0,0,0,
CCCCC(OCC(C)C)OCC(C)C,0,0,0,,,1,0,0,0,0,0,0
C=C1C(=O)O[C@@H]2C[C@@]3(C)CCC[C@H](C)C3=C[C@H]12,0,0,0,0,0,1,0,1,0,0,0,
CCC/C=C\CCCO,0,1,0,,,1,0,1,0,0,0,0
C#CC1(OC(N)=O)CCCCC1,0,0,0,0,0,0,0,0,0,0,1,0
[Na+].[O-][Br+2]([O-])[O-],0,0,0,0,0,0,0,0,0,0,1,0
O=[N+]([O-])[O-].[Tl+],0,0,0,0,0,0,0,0,0,0,1,0
C1CS1,,0,0,1,1,0,0,0,0,,0,0
CCCCCCCCOC(=O)Cc1ccccc1,,1,1,1,,,0,,0,0,0,
C=CC=CCCCCCC,0,0,0,0,1,1,0,0,0,0,0,0
C/C=C(\C)C(=O)O,0,,0,,,,0,,,,0,1
O=CC=Cc1ccc2c(c1)OCO2,0,0,0,0,0,0,0,0,1,0,0,0
Cc1ccccc1S,,0,0,,1,,0,,,,0,
O=C([O-])O.[NH4+],0,0,0,0,1,0,0,0,0,0,0,0
CCC=CCCC1(C)CCC(=O)O1,,0,0,1,0,0,0,0,0,0,0,0
C=C(C)[C@H]1CC=C(C)CC1,0,,0,1,,,0,0,0,0,0,
CCCCC[C@H](C)CCC(=O)O,1,0,0,0,,0,0,0,0,,0,0
CCOC(OCC)c1ccc2c(c1)OCO2,0,,1,0,0,,,0,0,0,0,1
COc1ccc(C(C)=O)cc1,,,,,0,,,,,,0,
CC1=CC(=O)[N-]S(=O)(=O)O1.[K+],0,0,0,0,0,0,0,0,0,0,1,0
CCCCCCCCCCCCCCCCCC(=O)OCC(O)[C@H]1OC[C@@H](O)[C@@H]1O,0,0,0,0,0,0,0,0,0,0,,0
CC1(C)C(C=C(Cl)Cl)C1C(=O)OC(C#N)c1cccc(Oc2ccccc2)c1,0,0,0,0,0,0,0,0,0,0,1,0
CCCC[C@@H](C)CCC(=O)O,,0,0,0,,0,0,0,0,,0,0
CCCCCCC(C(C)=O)C(=O)OCC,0,0,1,,0,1,0,,0,0,0,0
CCC(C)n1c(=O)[nH]c(C)c(Br)c1=O,0,0,0,0,0,0,0,0,0,0,1,0
CCC=CCCOC(=O)CCCC,0,,0,1,0,,0,0,0,0,0,0
CCCCCCCCCCCCCCCC(=O)OC(C)C,,0,0,0,0,0,0,0,0,0,,0
CN(c1c([N+](=O)[O-])cc([N+](=O)[O-])cc1[N+](=O)[O-])[N+](=O)[O-],0,0,0,0,0,0,0,0,0,0,1,0
CC/C=C\CC/C=C/C(=O)NC1CC1,,0,0,0,0,1,0,0,0,,0,0
CSC(=O)c1ccco1,,,0,,1,0,0,0,0,,0,0
CC(O)C(=O)[O-].CC(O)C(=O)[O-].[Ca+2],0,0,0,0,0,0,0,0,0,0,1,0
N,,,0,0,1,0,0,0,0,0,0,0
CCCCCCC=CCCCCC(C)=O,0,0,1,,0,0,0,1,0,0,0,0
CC[C@H](C)SS[C@@H](C)CC,0,0,0,0,1,0,0,0,0,0,0,0
Clc1ccc(Cl)cc1,0,0,0,0,1,,0,0,0,0,0,
CC1CCC(C(C)C)C(OC(=O)C(C)C)C1,0,,1,,0,1,0,0,0,0,0,
CC(C)CC(O)C(=O)O,1,1,0,,1,0,0,0,0,0,0,0
CCCCCCC(=O)OC/C=C(\C)CCC=C(C)C,0,,1,1,1,0,0,,0,,0,1
O=S(=O)([O-])OOS(=O)(=O)[O-].[NH4+].[NH4+],0,0,0,0,0,0,0,0,0,0,1,0
C=CC(C)(C)OC(C)=O,0,,0,1,0,1,0,0,0,0,0,0
N[C@@H](Cc1ccc(O)c(O)c1)C(=O)O,0,0,0,0,0,0,0,0,0,0,1,0
CC1=CCC2(CC1)C(C)CCC2C(C)(C)O,0,1,1,,0,0,0,0,0,0,0,0
S=C([S-])NCCNC(=S)[S-].[Zn+2],0,0,0,0,0,0,0,0,0,0,1,0
COc1ccc(-c2ccccc2)cc1NNC(=O)OC(C)C,0,0,0,0,0,0,0,0,0,0,1,0
CCC(=O)OC,0,,0,,,,0,,0,0,0,
CSc1ccoc1C,,1,0,,1,1,,0,0,1,0,1
CCCCCCCCOC(=O)CC,,,,,0,,0,,0,,0,0
CCCSC,0,,0,1,1,1,0,0,0,0,0,0
C/C=C/C(=O)OC(C)(C)Cc1ccccc1,0,0,0,,0,1,0,0,0,0,0,1
COC1CCc2ccccc21,1,0,1,,,1,0,1,0,0,0,1
CCCOC(=O)CC(=O)OCCC,0,0,,1,,0,0,,0,0,0,0
CC(C)CCOC(=O)CCc1ccco1,0,1,1,,,1,0,0,0,,0,0
CC1COCc2cc3c(cc21)C(C)(C)CC3(C)C,1,0,0,0,0,0,0,0,0,0,0,0
CCCCCOC(=O)/C=C\c1ccccc1,1,1,1,0,0,0,0,0,1,0,0,0
[Mg+2].[O-][O-],0,0,0,0,0,0,0,0,0,0,1,0
COC(=O)CCC(C)CCCC(C)C,0,1,1,,0,0,0,0,0,0,0,0
CCc1cc2c(cc1C(C)=O)C(C)(C)CCC2(C)C,1,,0,0,0,0,0,0,,0,0,0
CC(C)=CCC=C(C)CC=O,0,0,1,1,0,0,0,0,0,0,0,0
O=C([O-])C1OC(O)C(O)C(O)C1O.[Na+],0,0,0,0,0,0,0,0,0,0,1,0
CCCCCC/C=C/C=C/C=O,,1,0,,,1,0,0,0,,0,
C[C@@H](O)C(=O)O,0,0,0,0,,0,0,0,0,0,1,0
CCC/C=C/C(=O)CC,0,1,0,1,0,0,1,,0,0,0,0
COc1cc(C(C)C)cc(O)c1O,0,0,0,0,,0,0,1,,0,0,0
Oc1ccccc1-c1ccccc1,0,,0,,,,,0,0,0,0,
CCCCCCC/C=C/CO,,,1,1,1,1,0,,0,0,0,
CCC(=O)CC,0,,0,,,0,0,0,0,,0,0
O=Cc1ccc2c(c1)OCO2,0,,1,,,,,,,,0,
CC1OC1(C)C=CC1OC1(C)C,0,1,0,0,0,0,0,1,0,,0,0
NC(Cc1ccccc1)C(=O)O,0,,0,,0,0,0,0,0,,,0
CSSc1ccccc1C,,0,0,0,1,0,0,0,0,,0,0
O=C/C=C/c1ccccc1,0,,0,0,,,0,0,,0,0,1
CSc1nc2ccccc2s1,,0,0,0,,0,0,,,,0,0
CCCC[C@H](S)CCOC,,0,,1,,1,0,0,0,0,0,0
CC1=CCC(C(C)(C)OC(=O)c2ccccc2N)CC1,0,,1,,,,0,0,0,0,0,0
CCC=CC(=O)OC,0,0,0,,,1,0,0,0,0,0,0
Cc1ncc([N+](=O)[O-])n1CCO,0,0,0,0,0,0,0,0,0,0,1,0
CC(C)CC(O)CC(C)C,0,,,,,,0,,0,,0,0
CCCCCC(CC(=O)OCC)OC(C)=O,0,0,,1,0,0,0,,0,0,0,0
O=CCC1CC2CC1C1CCCC21,0,0,1,,0,1,0,0,0,0,0,0
CC(C)[C@H]1CC[C@@H](C)CC1=O,0,0,0,0,0,1,0,0,0,0,0,
O=[Cr](=O)([O-])[O-].[Zn+2],0,0,0,0,0,0,0,0,0,0,1,0
c1ccc(-c2ccc3ccccc3[o+]2)cc1,0,0,0,0,0,0,0,0,0,0,1,0
C[C@@H]1CC[C@H]2[C@@H]1[C@H]1[C@@H](CC[C@]2(C)O)C1(C)C,0,1,0,,0,1,0,0,0,0,0,
CC(C)CC1OCC(O)CO1,,0,0,,0,0,0,0,0,0,0,0
CC(=O)OCC1C=CC(C(C)C)CC1,0,0,0,,0,1,0,1,0,0,0,1
CCOC1=C(C)OC(C)C1=O,0,1,0,1,0,0,0,,0,,0,0
C=CCCCCCCC(C)=O,,0,0,1,0,1,0,0,0,0,0,0
CCc1cnc(C)c(CC)n1,,,0,,0,,,,0,,0,0
CC=C(C)C=O,0,0,0,,,,,0,0,0,0,
CCCCC(CC)(CCCC)C(=O)OC,,0,0,0,0,0,0,0,0,0,0,0
CCCOC(=O)C(=O)OCCC,0,0,,1,0,1,0,,0,0,0,0
C=C1CCCC(C)(C)[C@H]1CCC(C)=O,,0,1,0,0,0,0,1,0,0,0,0
CC/C=C\CCOC(=O)C/C=C\CC,0,0,,1,,1,0,0,0,0,0,
CC1CC(C)(C)OC(c2ccccc2)O1,0,,1,0,0,1,0,0,0,0,0,0
CC(=O)c1sc(C)nc1C,,,0,0,,0,1,,0,,0,0
CC(=O)CCC1=C(C)C=CCC1(C)C,0,,1,0,0,,0,0,0,0,0,0
CC1(C)[C@H]2CC[C@]3(C2)[C@H]1C1(CCC3(C)C)OCCO1,,0,0,,0,1,0,1,0,0,0,0
NCCCC[C@H](N)C(=O)O,0,0,0,0,0,0,0,0,0,0,1,0
COc1cc(C=O)ccc1OC(C)=O,0,1,,0,0,0,,0,,0,0,
CCC(C=O)CS,0,0,0,0,1,0,0,0,0,1,0,0
CC1(C)C2CC[C@]3(C)[C@H](CCC45OCC6(CC[C@@](C)(C=O)C[C@@H]64)[C@H](O)C[C@]53C)[C@@]2(C)CC[C@@H]1O[C@@H]1OC[C@H](O[C@@H]2OC[C@@H](O)[C@H](O)[C@H]2O)[C@H](O[C@H]2O[C@H](CO)[C@@H](O)[C@H](O)[C@H]2O)[C@H]1O[C@@H]1O[C@H](CO)[C@@H](O)[C@H](O)[C@H]1O[C@H]1O[C@H](CO)[C@@H](O)[C@H](O)[C@H]1O,0,0,0,0,0,0,0,0,0,0,1,0
CCCCCCCC(=O)OC(C)CCC,,0,,1,0,1,0,,0,0,0,0
CCCCCCCC(=O)OC,0,,,1,,,0,,0,0,0,0
CC(C)(N)C(=O)O,0,0,0,0,0,0,0,0,0,0,1,0
CC1(C)C2CC=C(CO)C1C2,0,,0,,,1,,1,,0,0,
C=Cc1ccc(O)c(OC)c1,,,,,,,,,,,0,1
OO.[Zn],0,0,0,0,0,0,0,0,0,0,1,0
CCCCCCCCCC=COC(C)=O,,1,1,,0,0,0,0,0,0,0,0
C=C(C)C=CSC,0,0,0,,1,1,0,0,0,0,0,1
CCCCOC(=O)c1ccccc1N,0,,,,0,,0,,0,0,0,0
CCCCCOC(=O)c1ccco1,0,,,,,,0,,0,,0,
CCCC(=O)OCCCCO,0,0,0,,0,0,0,0,0,0,0,0
CCCCCCCCCC=O,,,,1,,,0,0,0,0,0,0
CC/C=C\CC/C=C/C#N,0,0,1,1,0,1,1,1,0,0,0,0
C=C(C)C1(O)CC=C(C)CC1,1,1,0,0,1,0,0,1,0,0,0,0
CCCC(C)=CCCC(C)=CC=O,0,1,0,1,0,0,0,0,0,,0,0
CCCCCCC/C=C/C1CCCCC1,0,0,0,0,0,0,0,0,0,0,1,0
C=CC[C@H](C)C(=O)OCC,,1,1,1,,1,0,0,0,0,0,1
CCCCCCCCC=O,,,,,,,,,,,0,0
CC(=O)CCc1nccs1,0,0,0,0,1,0,1,0,0,1,0,0
C=C[C@]1(C)Cc2occ(C)c2CC1C(=C)C,0,0,0,,0,0,0,0,0,0,0,1
CC(=O)Nc1ccc(S(=O)(=O)N2CCN(C3CCCCCC3)CC2)cc1,0,0,0,0,0,0,0,0,0,0,1,0
C/C=C/C/C=C/C(C)=O,0,0,0,,0,1,0,0,0,0,0,0
COc1ccccc1OC,0,1,0,0,,0,,,0,0,0,0
CC(C)=CCOC(=O)C=C(C)C,0,0,0,,0,1,0,0,,0,0,
C=C(C)[C@H]1CCC2(C)OC2C1,0,0,0,0,0,1,0,0,0,0,0,
CC1CCC(O)C(C(C)(C)C)C1,0,0,0,0,,1,0,1,0,0,0,
CC(=CC=O)C(C)(C)C,0,0,0,0,0,1,0,0,0,0,0,0
CC/C=C\CCCCOC(C)=O,1,0,0,1,,1,0,0,0,0,0,0
CC1=CCC(CCC(C)CO)C1(C)C,0,0,0,0,0,1,1,1,0,0,0,0
CCCCCCCCCC(=O)OCc1ccco1,,1,0,0,0,0,0,0,0,,0,0
O=C(O)CCCCC(=O)O,0,0,0,0,0,,0,0,0,0,,
C[C@H]1[C@@H](N[C@@H]2COc3cc(O)ccc32)CCC[C@@H]1C,0,0,0,0,0,0,0,1,1,0,0,0
O=C(/C=C\c1ccccc1)OCc1ccccc1,0,1,,,0,0,0,0,1,0,0,
CC1(C)[C@H]2CC=C(C=O)[C@@H]1C2,0,1,0,1,1,1,1,1,,,0,1
CCCCCCCCCCCCOC(=O)CC(C(=O)O)S(=O)(=O)[O-].[Na+],0,0,0,0,0,0,0,0,0,0,1,0
Cc1cccc(C)c1[S-],,0,0,0,1,0,0,1,,1,0,0
COC(C)(C)CCCC(C)C=O,0,0,,,,,0,0,0,0,0,0
CCCCC(C)OC(=O)CCC,,1,0,,0,0,0,0,0,0,0,0
CC(=O)OC(C)CCC=C(C)CCC=C(C)C,0,1,0,1,1,1,0,0,0,0,0,0
CCC(=O)OCCCCCCC(C)C,0,0,1,0,0,1,0,,0,0,0,
Cc1ccc(/C=C/C=O)cc1,0,,0,,0,0,0,0,,0,0,1
CCC(Cc1ccccc1)OC(C)=O,1,0,1,0,,1,0,0,0,0,0,0
CCc1ccccc1S,,0,0,,1,0,0,1,,1,0,0
NCCC(=O)O,0,,0,,0,0,0,0,0,0,,0
CCOC/C=C(\C)CCC=C(C)C,0,0,,,,1,0,0,0,0,0,
O=c1[nH]c(=O)[nH]c(=O)[nH]1,0,0,0,0,0,0,0,0,0,0,1,0
CCCC[C@H](C)CCC(=O)O,1,0,0,0,,,0,0,0,,0,0
CC(=O)OC/C=C(\C)CCC[C@H](C)CCC[C@H](C)CCCC(C)C,0,0,,,0,,0,0,,0,0,0
CC(=O)CCC(=O)O,0,1,,,,0,0,,0,,0,0
CC(=O)c1ncc(C)nc1C,0,,0,0,0,0,1,0,0,1,0,0
CCCCCC/C=C/C#N,,0,1,0,0,1,0,1,0,0,0,0
CCC(C)C(C)C=O,0,0,0,0,,1,0,0,0,0,0,0
CC(=O)C1=CC(C)(C)CCC1,0,0,0,0,0,1,0,0,0,0,0,0
CCCCC(=O)OCCC(C)CCC=C(C)C,0,1,,,0,,0,0,0,0,0,0
CC1=CCC(O)(C(C)C)CC1,0,,0,,,,0,,,0,0,
CCCCC/C=C\C/C=C\CCCCCCCC(=O)OC,,0,0,0,0,0,0,,0,0,,0
C1=CC2C=CC1C2,0,0,0,0,1,1,0,1,1,0,0,0
CCCOC(CC(C)C)OCCC,0,1,0,,,1,0,0,0,0,0,0
COC(=O)c1ccc2c(c1)OCO2,0,0,0,0,0,1,0,0,0,0,0,0
C=CCCC(=O)C1=CC2(CCCC2)CCC1,0,0,0,1,,1,0,,1,0,0,0
O=C1O[C@H]([C@@H](O)CO)C([O-])=C1O.[Na+],0,0,0,0,0,0,0,0,0,0,1,0
COc1ccc(CC=O)cc1,0,,1,,0,,0,0,0,0,0,
C=C(C)[C@@H]1CCC(=C)[C@@H](O)C1,0,0,0,1,0,1,0,0,0,0,0,
CCCCCC[C@@H](O)C/C=C\CCCCCCCC(=O)[O-].[Na+],0,0,0,0,0,0,0,0,0,0,1,0
CCCCCCCCCCC=O,,,,,,,0,0,0,0,0,
CC(C(=O)Oc1ccccc1N)c1ccccc1,0,0,0,0,0,0,0,0,0,0,1,0
CC(=O)C=CC1=C(C)CCC(C)C1(C)C,0,0,1,0,0,0,0,1,0,0,0,0
CC(C)(c1ccc(OCC2CO2)cc1)c1ccc(OCC2CO2)cc1,0,0,0,0,0,0,0,0,0,0,1,0
CCCC(=O)O,,,0,,,0,0,0,0,,0,0
O=COC1CCC2CCCCC2C1,0,0,1,0,0,,0,1,0,0,0,0
CCC(C)(S)CC(C)=O,,0,1,,,,0,0,0,,0,0
CCCCCO,0,,,,,0,0,,,,,
CCCCCCCCCCCCCCC(=O)OC,,0,0,0,0,0,0,0,0,0,0,0
C/C=C/CCCCCCCC(=O)OC,,,,,,,0,,,,0,0
O=C(OCCOc1ccccc1)c1ccccc1,0,0,1,0,0,0,0,0,1,0,0,0
CCCC(=O)OCC1CCCO1,,,0,1,,,0,,0,0,0,0
CCCCC/C=C\C/C=C/CO,,0,0,0,0,0,0,0,0,0,0,0
CCCCCCCCCCCCCCCCCC[N+](C)(C)Cc1ccccc1.[Cl-],0,0,0,0,0,0,0,0,0,0,1,0
CCCCCC[C@H]1CCCC1=O,0,0,1,,0,0,0,0,0,0,0,0
O=C1CCCCCC/C=C\CCCCCCC1,1,1,1,0,0,1,0,0,1,0,0,0
C/C=C\C(=O)OCCCCCCCC,0,0,1,,0,1,0,0,0,0,0,0
CC(=O)OC(C)(C)c1ccccc1,0,0,1,,0,0,0,0,0,0,0,0
Cc1nccnc1C,,,0,,,,,,0,,0,0
CCCSC(O)(CS)CCC,,0,0,0,1,0,0,0,0,,0,0
CCCCCC(=O)C(C)=O,,,0,,,,0,,0,,0,
CCCCCCCCC(=O)O,,,0,,,,,0,0,0,0,0
CCCCCCCCC=CCC=O,0,0,0,1,,,0,,0,0,0,
Cl.Nc1c2ccccc2nc2ccccc12,0,0,0,0,0,0,0,0,0,0,1,0
CC(=O)OC(C)(C)Cc1ccccc1,0,,,,0,,0,0,0,0,0,0
CCCC/C=C\CCCCCCOC(C)=O,0,0,0,,0,0,0,0,0,0,0,0
CC1COC(Cc2ccccc2)O1,0,,1,0,0,1,0,0,0,0,0,0
CCCCC1OC(=O)c2ccccc21,0,0,0,,,1,0,0,0,0,0,
C/C=C/C(=O)OCC,,1,,,,0,0,,0,,0,
CCOC(C=C(C)CCC=C(C)C)OCC,0,,,1,0,1,0,0,0,0,0,0
COC(=O)CC(=O)[O-],0,0,0,,,0,0,0,0,0,0,0
COc1cnccn1,0,1,,,0,,,,0,,0,0
O=C1CCCCCCC/C=C\CCCCCCC1,1,,0,0,0,0,0,0,0,0,0,0
NCl,0,0,0,0,1,0,0,0,0,0,0,0
CC(=O)O/C=C(/C)c1ccccc1,0,0,0,1,0,1,0,0,0,0,0,
O=P([O-])([O-])O.[NH4+].[NH4+],0,0,0,0,0,0,0,0,0,0,1,0
CCCCCC(=Cc1ccccc1)COC(=O)CC(C)C,0,1,0,,0,1,0,0,0,0,0,0
CSSc1cc(C)oc1C,,0,0,0,0,0,0,0,0,1,0,0
CCCCCCCCC(OCC)OCC,0,0,1,,,,0,0,0,0,0,0
CCCCOC(C)OCCC(C)C,0,,0,1,,1,0,,0,,0,0
C=CC=CC=CCC=CCC,,0,0,0,0,1,0,0,0,0,0,0
CCOC1CC(C)CC(C)(C)C1,0,0,0,,0,1,0,0,0,0,0,0
CC(=O)c1ccc(S(=O)(=O)NC(=O)NC2CCCCC2)cc1,0,0,0,0,0,0,0,0,0,0,1,0
COc1cc(/C=C/C(C)=O)ccc1O,0,1,0,0,0,0,0,0,1,0,0,
CCn1cccc1C(C)=O,0,0,0,0,0,0,1,0,0,,0,0
C=C(C)[C@H]1CC[C@@H](C)[C@H]1C=O,0,0,0,,1,1,0,,0,0,0,
C[Si]1(C)O[Si](C)(C)O[Si](C)(C)O[Si](C)(C)O[Si](C)(C)O[Si](C)(C)O1,0,0,0,0,0,0,0,0,0,0,1,0
OCC(O)c1ccccc1,0,,,0,0,0,0,0,0,0,0,0
CC/C=C\CCOC(=O)CCCCC,,,,,0,,0,,,0,0,0
COc1ccc(CCC(C)=O)cc1,0,,,,0,,0,,0,0,0,0
CC(S)c1cccs1,0,,0,,1,0,0,0,0,,0,0
CCOC(=O)C(C)=O,0,,,,,,0,,,,0,
CC1=CCC2[C@H](C1)C2(C)C,0,1,0,0,0,0,0,0,0,0,0,0
CCCC=CC(=O)CC,0,,0,,0,,,0,0,0,0,0
CC(=O)OCCC(C)C,0,,0,1,,0,0,0,0,0,0,0
CCCCCCCCCC/C=C/C=O,,,0,1,,,0,0,0,0,0,
COC(Cc1ccccc1)OCCC(C)CCC=C(C)C,0,0,1,0,0,1,0,0,0,0,0,0
C=C(C)C1CCC(C)=C1CCC(C)=O,0,0,0,1,0,0,0,1,0,0,0,0
CC(=O)C[C@@H]1CC[C@@H]2[C@@H](C1)[C@H](C)CC2(C)C,0,1,0,0,0,1,0,1,0,0,0,0
CCC(=O)Oc1c(C)occc1=O,0,1,0,1,0,0,0,0,0,,0,0
CC(C)=CCC(=O)c1ccoc1,0,0,0,0,0,1,0,0,0,0,0,
CC/C(=C\CC1CC=C(C)C1(C)C)CO,,0,0,0,0,,0,1,0,0,0,0
CCC(=O)/C(C)=C/C1C(C)=CCCC1(C)C,0,,1,0,0,0,0,,0,0,0,0
O=C(OCc1ccccc1)c1ccccc1,0,,,,,,,0,,0,0,
CCOC(C)Oc1ccc(C)cc1,0,0,1,0,0,1,0,0,0,0,0,1
CCC(Br)(CC)C(=O)NC(N)=O,0,0,0,0,0,0,0,0,0,0,1,0
CCOc1ccc(Cl)cc1,1,0,1,,1,,0,0,0,0,0,1
CCCCCC(=O)OCC(C)CC,0,,0,,,0,0,0,0,0,0,0
C/C=C/c1ccc(OC)cc1.C=CCc1ccc(OC)cc1.CC12CCC(C1)C(C)(C)C2=O,0,0,0,0,0,,0,0,0,0,0,1
CC(=O)C1=NCCS1,,,0,,,,,0,0,,0,
O=C1O[C@H]([C@@H](O)CO)C(O)=C1O,0,0,0,0,0,,0,0,0,0,,0
CCCCCCCCCCCC=CC=O,,0,,1,0,,0,0,0,0,0,0
COc1ccc(C=O)cc1O,0,1,1,0,0,1,0,0,,0,0,0
CCCCC/C=C/C=C\C=O,,0,0,0,0,0,0,0,0,0,0,0
CCCCC(=O)OC/C=C(\C)CCC=C(C)C,0,,1,,0,,0,0,0,0,0,0
CC(C)=CC(=O)C=C1COC1=O,0,1,0,0,1,1,0,0,0,0,0,
CCC=Cc1ccccn1,0,0,1,0,1,1,0,1,0,0,0,0
CCCCCC(=O)OC(C)CC,0,0,0,,0,0,0,0,0,0,0,0
C=C1CC[C@@]23[C@@H]([C@@H]12)[C@H](C(C)C)CC[C@H]3C,0,0,0,1,,,0,,0,0,0,
CCCCCCCCCCOCC=O,,0,1,0,0,,0,0,0,0,0,0
CCC(CC)COC(=O)COc1ccccc1,0,0,1,0,0,0,0,0,0,0,0,0
O=C([O-])CC(O)(CC(=O)[O-])C(=O)[O-].O=C([O-])CC(O)(CC(=O)[O-])C(=O)[O-].[Ca+2].[Ca+2].[Ca+2],0,0,0,0,0,0,0,0,0,0,1,0
C[N+]([O-])(CCCl)CCCl.Cl,0,0,0,0,0,0,0,0,0,0,1,0
C=CC(C)(CCC=C(C)C)OC(=O)CCCCCCC,0,,0,,0,1,0,0,0,0,0,0
CCC/C=C/CO,,,,,0,,,,0,,0,
CCCCCCCCC/C=C/CO,,0,0,,0,0,0,0,0,0,0,0
CC/C=C\CCOC(=O)C(C)O,0,,,,0,1,0,0,0,0,0,0
C=C(C)c1ccc(C)cc1,0,,,,,0,,,,,0,
COc1ccccc1COC(C)=O,0,0,,,0,,0,0,,0,0,
CC/C=C\CCOC(=O)CCC,0,,,1,,1,0,,0,,0,0
C/C=C/C(C)C(=O)OCC,0,,0,1,,1,0,0,0,0,0,0
O=C(OCCCc1ccccc1)c1ccccc1,0,,0,,0,1,0,0,1,0,0,0
CSc1nccnc1C(C)C,,0,0,,0,1,0,,0,1,0,0
CC(=O)C(O)CC(C)C,0,1,0,,0,0,0,0,0,1,0,0
C=CCC1CCCCC1.CCCC(=O)O,,0,0,,0,0,0,0,0,0,0,0
CCCCCCCCCCCCCCCC(=O)OC,,,,0,0,0,0,,,0,0,0
O=c1cc(O)c2ccccc2o1,0,0,0,,1,1,1,1,0,0,0,
O=C(CO)[C@@H](O)[C@H](O)[C@H](O)CO,0,,0,0,0,0,0,0,0,0,,0
CCOC(=O)CNC(=O)[C@@H]1C[C@H](C)CC[C@H]1C(C)C,0,0,0,0,0,1,0,0,0,0,0,0
Cc1ccc2ccc(=O)oc2c1,,,0,,,,,,0,0,0,0
CC(=O)OCC1OC(OC(C)=O)C(OC(C)=O)C(OC(C)=O)C1OC(C)=O,0,0,0,0,0,0,0,0,0,0,1,0
CCCCC(CC)CCC(=O)O,,0,0,,,0,,0,0,,0,0
[Au],0,0,0,0,0,0,0,0,0,0,1,0
C=CC1(C)CCOC1=O,0,0,0,0,0,1,1,0,0,0,0,0
CC(C)CC1OC(=O)C2=CCCCC21,0,0,0,,0,1,0,0,0,0,0,
CCOC(=O)C1OC1(C)C=CC1C(C)=CCCC1(C)C,0,,0,1,0,0,0,1,0,0,0,0
CCCCCCC/C=C\C(=O)OCC,,0,0,1,1,1,0,0,0,0,0,
O=C(Cc1ccccc1)OCCCc1ccccc1,,0,1,0,0,1,0,,1,0,0,1
CC1(C)S[C@@H]2[C@H](NC(=O)[C@H](N)c3ccccc3)C(=O)N2[C@H]1C(=O)O.O.O.O,0,0,0,0,0,0,0,0,0,0,1,0
c1ccc2ncccc2c1,,,0,,,,,,,0,0,
c1coc(Cn2cccc2)c1,0,,0,,1,,0,,,,0,
CCCCCC/C=C/CO,,,,1,0,1,0,0,0,,0,0
CC(=O)OC(C)C,0,,0,,,,0,0,0,0,0,
Cc1ccccc1OC(=O)c1ccccc1O,0,,0,,0,1,0,,0,0,0,
COC(C)(C)CCCC(C)C(C)O,0,,,0,0,,0,1,0,0,0,0
CSCCCOC(=O)CS,,,0,1,1,,1,0,0,,0,
CCc1cnc(OC)cn1,0,1,0,0,1,1,1,1,0,0,0,0
CCCCCCCCCCC(=O)C(=O)O,0,,0,1,0,0,0,0,0,0,0,0
CC[C@H](C)C=O,0,1,0,,0,1,0,0,0,,0,0
C=CC(=C)CCCC(C)(C)OC,0,0,0,0,0,1,0,1,1,0,0,0
c1ccc(-c2nc3ccccc3s2)cc1,0,,1,0,,1,0,0,0,0,0,0
CCCCCCCOCc1ccccc1,0,0,1,0,,1,0,0,0,0,0,0
CC(C)=CCCC(C)=CC(=O)O,,1,0,0,1,1,0,1,0,0,0,0
Cc1ccc(CCO)cc1,0,0,1,0,,1,0,0,1,0,0,0
CO/N=C(/C(=O)OC)c1ccccc1CO/N=C(\C)c1cccc(C(F)(F)F)c1,0,0,0,0,0,0,0,0,0,0,1,0
Oc1c(I)cc(Cl)c2cccnc12,0,0,0,0,0,0,0,0,0,0,1,0
CCCOC(=O)[C@H](C)OC(C)(C)CC,0,0,,,0,1,0,,0,0,0,
O=C(O)C=C(CC(=O)O)C(=O)O,0,0,0,,,0,,0,0,,,0
O=S([O-])[O-].[Na+].[Na+],0,0,0,0,0,0,0,0,0,0,1,0
O=C([O-])C(=O)CS.[Na+],,0,0,0,1,0,0,0,0,,0,0
CC/C=C\C[C@H]1C(=O)CC[C@@H]1CC(=O)OC,0,,1,,0,,0,0,0,0,0,0
CCC(O)CCC1C(C)CCCC1(C)C,1,0,0,0,0,,0,1,1,0,0,0
CCc1ccc(CC(=O)OC)cc1,0,0,1,,0,0,0,0,0,0,0,0
CCCC[C@H](/C=C\C(=O)O)CC,,0,0,0,0,0,0,0,0,0,0,0
CCOC(C)OCc1ccccc1,0,1,0,,0,1,0,0,0,0,0,0
CCC/C=C/COC(C)=O,0,,,,,1,0,0,0,0,0,0
CC1COC(=O)O1,0,0,0,,1,1,,0,0,0,0,1
CC/C=C\CCOC(C)OCC/C=C\CC,0,,0,,0,1,0,0,0,0,0,0
CC1(O)CCC(C(C)(C)O)CC1.O,0,0,0,0,1,1,0,1,1,0,0,0
CCCCCC(=O)OC,,,0,,,,0,0,0,,0,0
OCC(O)[C@@H](O)[C@H](O)[C@H](O)CO[C@H]1O[C@H](CO)[C@@H](O)[C@H](O)[C@H]1O,0,0,0,0,0,0,0,0,0,0,1,0
CC1=CC(C)CC(C#N)C1,0,,0,0,0,1,,,0,0,0,0
CCCCCCCCOC(=O)CCCCC,0,,0,,,1,0,0,0,0,0,0
CC(=O)C(C)S,,,0,,1,0,0,0,0,,0,0
CCCCCC/C=C\CO,,,0,1,0,1,0,0,0,0,0,0
CCC(C)COC(C)OCCC(C)C,0,,0,1,,1,1,,0,,0,0
CC(C)CCCC1CCCCC1=O,0,0,1,0,0,1,0,1,0,0,0,
O=S(=O)([O-])[O-].[K+].[K+],0,0,0,0,0,0,0,0,0,0,1,0
O=C1C=CC(=O)C=C1,0,,0,,,0,,0,0,,0,
CCCCC(CC)COP(=O)([O-])OCC(CC)CCCC,0,0,0,0,0,0,0,0,0,0,1,0
NC(=S)[S-].[NH4+],0,0,0,0,0,0,0,0,0,0,1,0
CC(=O)CC(C)=O,0,0,0,0,,1,0,0,0,0,0,
C=CCCCCCCCC(=O)OCC,,0,0,,,0,0,,0,0,0,0
C=C1[C@@H]2CC[C@@H](C2)C1(C)C,0,0,0,0,0,1,0,1,,0,0,0
NCCc1ccc(O)cc1,,,0,,1,0,0,0,0,,0,0
CO[C@@H]1O[C@H](COCCO)C(OCCO)C(OCCO)C1OCCO,0,0,0,0,0,0,0,0,0,0,1,0
OCCC1CCCO1,0,1,1,1,0,0,0,,0,,0,0
Nc1ccccc1,0,0,0,0,0,0,0,0,0,0,1,0
CC1=CCC23CC1C(C)(C)C2CCC3C,0,,0,0,0,,0,1,0,0,0,0
CCCCCCC=CC(=O)OCC,,,,1,0,1,,0,0,0,0,0
CCCCCCCCCCCCC,0,0,0,0,,0,0,0,0,0,0,0
CC(C)=CCS,,,0,,1,,0,,,,0,
CCc1nccnc1CC,,0,0,1,,,,,0,,0,0
Cl.c1ccc2c(CC3=NCCN3)cccc2c1,0,0,0,0,0,0,0,0,0,0,1,0
C=C(C)c1ccnc(CC)c1,0,0,0,0,,1,1,0,0,0,0,0
CCCCCCC(=O)CCOC(C)=O,0,,,,,,0,0,0,0,0,0
C[C@H]1CC[C@H]2[C@H](C2(C)C)C12COC(C)(C)OC2,1,0,0,0,0,0,0,1,1,0,0,0
CC(C)COC(=O)C=Cc1ccccc1,1,0,0,,0,1,0,0,1,0,0,0
CCC/C=C/C(=O)OCC,0,1,,,0,1,0,,0,0,0,1
C=CCCCCCCCCC(=O)O,,,0,,,0,0,,0,0,0,0
CC1C(O)CC2(C(C)C)CC12,0,0,0,0,1,1,0,0,0,0,0,1
C#CC(C)(C)NC(=O)c1cc(Cl)cc(Cl)c1,0,0,0,0,0,0,0,0,0,0,1,0
CCCCCCOC(CCCCC)OCCC(C)C,0,1,0,,0,1,0,,0,,0,0
CC1C/C=C/CCCCCCCCC(=O)C1,1,0,0,0,0,,0,0,1,0,0,1
SCC1CC=CS1,,0,0,0,1,0,0,0,0,1,0,0
C=CC(C)C1C=CCC(C=O)C1,0,0,1,0,0,1,0,1,0,0,0,0
C=C1C2CCC(=O)C23CCC(C3)C1(C)C,0,0,0,0,0,1,0,1,0,0,0,0
C=CC(C)(CCCC(C)C)OC(C)OCC,0,1,1,1,0,1,0,0,,0,0,1
CCCCCCCCCCCCCCCCCCCC,0,0,0,0,,0,0,0,0,0,,0
CCCCCCC=CC(C)=O,,0,,,,,0,,0,0,0,0
C=C(C)CC(C)OC(=O)C(C)C,0,0,1,,0,1,0,0,0,0,0,
CCCCCCCC(C)C=O,,,0,1,0,1,0,,0,0,0,0
CCOc1ccc2nc(S(N)(=O)=O)sc2c1,0,0,0,0,0,0,0,0,0,0,1,0
CCCCCCOC(=O)CCCC1CCCCC1,0,0,0,,0,1,0,0,0,0,0,0
CCCCOC(=O)/C=C/SC,0,0,0,,1,0,0,0,0,0,0,0
CC(C)(C)C1CCC(=O)CC1,,0,0,0,,1,0,,0,0,0,
CC/C=C/CCOC(=O)CCCC,0,1,0,1,0,1,0,0,0,,0,0
CCCOC(=O)c1ccco1,0,,0,,,,0,1,0,,0,0
CCCC#CCCC(=O)OC,0,0,0,,0,1,0,0,0,0,0,0
C=CCCCCCCCC=O,,0,1,,,,0,0,0,0,0,0
C1CO1,0,,0,,,0,0,0,0,0,,0
CCOC(=O)C[C@@H](C)CC,0,0,0,1,0,0,0,0,0,0,0,0
C=CC1(C)CCC(C(C)(C)O)O1,0,,1,,,,0,,,0,0,0
CCCC(C)C1(CC)C(=O)N=C([O-])NC1=O.[Na+],0,0,0,0,0,0,0,0,0,0,1,0
CC[C@@H](C)CCCO,,0,0,1,0,1,1,0,0,0,0,0
CCOCc1ccccc1OC,0,,1,,0,1,0,0,0,0,0,
CCCCCCC(=O)CCCCCC,0,0,1,0,0,,0,,0,0,0,0
C/C=C(\C)C(C)=O,,0,0,,1,,0,,0,0,0,0
C=CC(O)CC=CCC,0,0,1,1,,1,0,1,0,0,0,0
CCC(C)OC=O,0,1,0,,0,1,0,,0,0,0,1
CC(C)=CCC/C(C)=C/C=C/C(C)=C/C=C/C(C)=C/C=C/C=C(C)/C=C/C=C(C)/C=C/C=C(\C)CCC=C(C)C,0,0,0,0,0,0,0,0,1,0,0,0
CCCCCCCCCC=CC(=O)OC,,0,0,1,0,1,0,0,0,0,0,0
CCCOC(=O)CCC(C)=O,0,1,0,,0,0,0,0,0,,0,0
CC(C)C=C(C=O)c1ccccc1,0,1,1,,0,0,1,0,0,1,0,0
CC1(C)[C@@H]2CC[C@]1(C)[C@H](OC(=O)c1ccccc1O)C2,0,0,1,0,0,1,0,1,1,0,0,0
CC(C)CC[N+](=O)[O-],0,0,0,,0,0,0,0,0,0,0,0
CC(O)CC(=O)O,0,0,0,,1,0,0,0,0,0,0,0
O.O.O.O.[Fe].[Fe].[Fe],0,0,0,0,0,0,0,0,0,0,1,0
CCCCOC(=O)c1ccccc1O,0,,,,,,,0,0,0,0,
C=C(C)C(=O)OCc1ccccc1,0,0,1,0,0,1,0,0,0,0,0,0
CCCc1ccc(OC)c(OC)c1,0,0,1,0,0,0,0,0,0,0,0,1
CC1CC(CC2C3CCC(C3)C2(C)C)CCC1=O,1,0,0,0,0,0,0,0,1,0,0,0
CCC(=O)CC(C)CC,0,,0,,0,1,0,0,0,0,0,0
CCNC(=O)C(CC)(C(C)C)C(C)C,0,0,0,0,0,1,0,0,0,0,0,
CC/C=C/CCO,,0,,,,1,0,,0,0,0,0
CC(O)COC(C)COC(C)CO,0,0,0,0,0,0,0,0,0,0,1,0
CCC1CC(C)=C(O)C1=O,0,1,0,0,,1,0,0,0,,0,0
C/C=C/c1ccc(OC=O)c(OC)c1,0,1,1,0,0,1,0,1,0,0,0,
CCCCCCC(C)OC(=O)Cc1ccccc1,0,0,0,0,0,1,0,1,0,0,0,1
CCC=CCC(=O)O,0,0,0,,1,0,0,0,0,0,0,0
CC(COC(=O)c1ccccc1)OC(=O)c1ccccc1,,0,0,0,,1,0,0,0,,0,0
CC(C=O)Cc1ccc(C(C)C)cc1,0,0,1,,,,0,,0,0,0,
CN=C(NCC1CCOC1)N[N+](=O)[O-],0,0,0,0,0,0,0,0,0,0,1,0
CC(=O)OCCCc1ccccc1,0,,,,0,,0,,1,0,0,
Cc1coc2c1CCC(C)C2,0,,0,0,,,,,,,0,
CCC(C)c1nccnc1OC,0,0,0,,,,,,,0,0,
CCCCCCOC(CC(C)C)OCCCCCC,0,1,0,,,1,0,0,0,0,0,0
C=C(C)[C@H]1CCC(=C)[C@@H](OO)C1,0,0,0,0,1,0,0,,,0,0,0
CCC(O)CC(C)CCC=C(C)C,0,0,1,0,0,0,0,0,0,0,0,0
CCCCC1C=C(C)CC(C)O1,0,0,1,,,1,0,,0,0,0,
O=C(Nc1ccccc1-c1ccc(Cl)cc1)c1cccnc1Cl,0,0,0,0,0,0,0,0,0,0,1,0
CC=CCCCCCC,0,0,0,1,,0,0,0,0,0,0,0
CC(CO)Cc1ccccc1,0,0,1,0,0,0,0,0,1,0,0,1
Cc1ccc([C@@H](C)CC=O)o1,,0,1,1,0,1,0,0,0,0,0,0
c1ccc(-c2ccccn2)cc1,0,0,1,0,0,1,0,0,0,0,0,0
O=C([O-])C(=O)[O-].[Fe+2],0,0,0,0,0,0,0,0,0,0,1,0
COC(=O)c1c(C)cc(OC)cc1O,0,0,0,0,1,0,1,1,0,0,0,0
CC1=C2C3C(CC[C@@H](C)[C@H]2CC1)C3(C)C,0,0,0,0,0,0,0,1,1,0,0,0
CC(C)c1cccc(O)c1,1,0,0,,1,0,,0,0,0,0,
O=C1CC/C=C\CCCCCCCCCC1,1,,0,,0,0,0,0,0,0,0,0
c1ccc(CCC2OCCO2)cc1,0,0,1,,0,1,0,1,0,0,0,0
CCCC(CCO)SC,0,0,0,1,,,0,,0,0,0,
CC(C)(C)c1ccc(O)cc1,1,0,0,0,,0,0,,0,0,0,0
CCC/C=C\C=C\CO,,,0,0,0,0,0,0,0,,0,0
O=C(O)C1CC2C=CC1C2,0,0,0,,0,1,0,0,0,0,0,0
C=CCCCCCCCCO,,0,,,,,0,0,0,0,0,0
CC(=O)C1=C(C)OC(C)C1=O,0,1,,,0,0,0,0,0,,0,0
C[C@@H](O)[C@H](N)C(=O)O,0,0,0,0,0,0,0,0,0,,,0
CCc1cccc(O)c1,0,,0,0,1,0,0,,0,,0,0
CC(=O)CCC(C)c1ccccc1,0,1,0,,0,0,0,0,0,0,0,0
CC1(C)C2CC=C(COC=O)C1C2,0,,0,0,0,0,0,,,0,0,
CCCOC(=O)c1ccccc1,0,0,0,0,0,,1,0,1,0,0,0
Cc1c(C(N)=O)cc([N+](=O)[O-])cc1[N+](=O)[O-],0,0,0,0,0,0,0,0,0,0,1,0
c1ccc(CCCc2ccncc2)cc1,0,0,0,0,0,1,0,0,0,0,0,1
CCC(C)C1CCCCC1=O,0,,0,0,,1,0,,0,0,0,
CCCCCC(=O)CCCCCC(=O)OCC,0,0,,1,0,0,0,,0,0,0,0
CCCCCCCO,,,,,,1,,,0,,0,
CCCC(=O)CCSCc1ccco1,,0,0,0,1,0,0,0,0,1,0,0
O=[As]([O-])([O-])[O-].O=[As]([O-])([O-])[O-].[Ca+2].[Ca+2].[Ca+2],0,0,0,0,0,0,0,0,0,0,1,0
C=C/C(C)=C/C/C=C(\C)CCC=C(C)C,0,,,,0,,0,,,0,0,
Cc1ccc2c(c1)CCCN2,1,,,0,,0,0,0,,0,0,0
CCSSCC,,,0,1,1,,0,0,0,0,0,
C=C(C)C1CC=C(C)C(OC(C)=O)C1,0,,,,,1,0,,0,0,0,
CCC/C=C/CCC(=O)O,,,0,,0,,0,0,0,0,0,0
CC/C=C/CCOC(=O)CCCCC,,0,0,1,0,1,0,0,0,0,0,0
CCOC(COc1ccc(C(C)(C)CC)cc1)OCC,0,0,0,,0,1,0,1,0,0,0,0
CCCCCC(=O)OCC(C)C,0,,,1,,,0,,0,,0,0
CC(C)[C@@H]1C=C[C@](C)(O)CC1,0,0,1,0,1,1,0,0,0,0,0,0
CC/C=C\CCOC(=O)/C=C/CCC,0,0,0,1,0,1,0,,0,1,0,0
CCC(=O)OCCOc1ccccc1,0,0,,,0,,0,,,0,0,
CCCCCCCC/C=C/CCCCCCCC(=O)OCC,,1,0,0,0,0,0,0,0,0,0,0
CC(=O)C=C(C)CCC=C(C)C,0,0,1,,0,0,0,0,0,0,0,0
CC(=O)OC1(C(C)C)C=CC(C)CC1,0,1,1,1,0,1,0,1,1,0,0,
CCOC(=O)C(CC)CC,0,1,0,1,0,0,0,0,0,,0,0
CCCCCC[C@@H](C)O,,,0,1,1,1,0,0,0,0,0,0
[Mg+2].[O-][Cl+3]([O-])([O-])[O-].[O-][Cl+3]([O-])([O-])[O-],0,0,0,0,0,0,0,0,0,0,1,0
COC(=O)c1ccccc1N/C=C1\CCC(C)=CC1C,0,1,1,,0,1,0,0,0,0,0,0
CCC/C=C1/OC(=O)c2ccccc21,0,0,0,0,0,,0,0,0,0,0,
CCCCOC(=O)C1(c2ccccc2)OC1C,0,0,0,,0,0,0,0,0,0,0,0
C=CCC(C)O,0,0,0,,0,0,0,0,0,0,0,0
CCC(C)=O,0,,0,,,,0,0,0,0,0,
CCCCCCC(O)C/C=C\CCCCCCCC(=O)OCC(COC(=O)CCCCCCC/C=C\CC(O)CCCCCC)OC(=O)CCCCCCC/C=C\CC(O)CCCCCC,0,0,0,0,0,0,0,0,0,0,1,0
O=[N+]([O-])OCC(CO[N+](=O)[O-])O[N+](=O)[O-],0,0,0,0,0,0,0,0,0,0,1,0
C=C1CCCC(C)(C)C1CCC(C)=O,1,,,0,,,0,,1,0,0,0
CCCCCCCC(C=O)=Cc1ccccc1,0,0,0,,,,0,0,0,0,0,0
[O]N=O,0,0,0,0,0,0,0,0,0,0,1,0
CCOC(=O)CC1C=CCC1,0,,0,1,0,,,0,0,0,0,0
CCOC(C)CC(C)C,0,0,0,,,1,0,0,0,0,0,0
CCCCCC(CCCC(=O)OCC)OC=O,0,,0,0,0,0,0,0,0,0,0,0
c1ccc2nccnc2c1,0,0,0,0,1,0,0,0,0,0,0,0
CC(O)C1CCCC(C)(C)C1,0,0,0,0,1,1,0,0,0,0,0,
CCCC1CCOC(C)S1,,,0,1,1,1,,,,0,0,0
O=C(O)[C@@H]1CCCN1,0,0,0,0,0,0,0,0,0,0,1,0
F[Pb]F,0,0,0,0,0,0,0,0,0,0,1,0
CCCCCCCC/C=C/CC=O,0,0,0,1,,,0,1,0,0,0,1
CCC(C)Oc1ccc2ccccc2c1,0,0,1,,0,0,0,0,0,0,0,0
CCCCCC=CC=CC=O,,,0,,,,0,0,0,,0,0
C=C(C)C1CCC(C)CC1OC(=O)C(C)C,0,0,0,,0,1,0,0,0,0,0,1
C=CCC(O)/C=C/CCC,,0,0,1,0,1,0,1,0,0,0,0
Cn1cnc2c1c(=O)[nH]c(=O)n2C,0,0,0,0,0,0,0,0,0,0,1,0
C1CCSSC1,0,0,0,0,1,0,0,0,0,0,0,0
CCCCC/C=C/CCC(=O)O,,0,0,0,0,0,0,0,0,1,0,0
CCCCCCC/C=C/C=O,,0,,,,,0,,0,,0,
C=C(C)C=O,0,0,,,,1,0,0,,0,0,0
c1ccc(C2OCCO2)cc1,0,0,0,0,0,0,0,0,0,0,1,0
Cn1cc(C(=O)Cc2ccccc2)cc1C=C1C(=O)NC(=O)NC1=O,1,1,1,1,0,1,0,,0,0,0,1
C#CC(C)(O)CCC=C(C)C,,,0,0,,0,0,,,0,,0
CCCCCCC(=O)O,,0,0,,1,0,0,0,0,0,0,0
CC(C)CCCCCCCCCCCCCCC(=O)OCC(COC(=O)CCCCCCCCCCCCCCC(C)C)(COC(=O)CCCCCCCCCCCCCCC(C)C)COC(=O)CCCCCCCCCCCCCCC(C)C,0,0,0,0,0,0,0,0,0,0,1,0
CCCCCCCCCCCCCC(=O)OCCCC,,0,0,0,0,0,0,0,0,0,0,0
C=CCCCN=C=S,0,0,0,,1,,0,0,0,0,0,
c1ccc(CCOC2CCCCC2)cc1,0,,1,,,1,0,0,,0,0,0
CCC=CCCO,0,0,0,0,0,1,0,0,0,0,0,0
CCCCCCCCCCCCCC(=O)OCC,,,,,,0,,,0,0,0,0
CCC(=O)C(=O)O,,1,0,0,0,0,0,0,0,,0,0
CCOC(=O)C(=O)OCCC(C)CCC=C(C)C,,,1,,,,0,0,,0,0,0
C1=CC2C(C1)C1CC2C2C3C=CC(C3)C12,0,0,0,0,,,0,1,,0,0,0
C=CCOC(=O)CCCC1CCCCC1,,,0,1,0,0,0,0,0,0,0,0
C[C@H](S)[C@@H](C)O,,0,0,,1,1,0,0,0,1,0,1
C=C/C(C)=C/C/C=C(\C)CC/C=C(\C)C=O,0,,0,1,,0,0,0,0,0,0,0
CC(C)CC(=O)OC(C)CCc1ccccc1,0,0,0,,0,1,0,0,0,0,0,0
CCOC(=O)C(C)(C)S,,0,0,,,0,0,0,0,,0,0
CC1CC(C)(C)OC(C=Cc2ccccc2)O1,0,0,0,0,0,0,0,0,0,0,1,0
C=CCOC(=O)C(C)C,,,0,1,0,1,0,0,0,0,0,0
Cc1nc2ccccc2o1,,,,0,1,,,,0,,0,
CC1=C2CC(C=O)C(C1)C(C(C)C)C2,,0,0,0,,1,0,0,0,0,0,0
O=S(=O)([O-])OCCOc1ccc(Cl)cc1Cl.[Na+],0,0,0,0,0,0,0,0,0,0,1,0
CC(C)CCCCCCCOC(=O)CCCCC(=O)OCCCCCCCC(C)C,0,0,0,0,1,0,0,0,0,0,0,0
CCCCCCCC(=O)OCCCCCC,,0,,,0,1,0,,0,0,0,0
CCCCCCOCC(OC)OC,0,,,,0,1,0,0,0,0,0,0
CN1C(=O)CC(C)(c2ccccc2)C1=O,0,0,0,0,0,0,0,0,0,0,1,0
COC(=O)C(C)C,,,,,,0,0,,0,0,0,
CC(C)CC(=O)OCCC(C)(C)S,0,,0,,1,0,0,0,0,0,0,0
CCCCCCCCOC(=O)CC(=O)OCCCCCCCC,,0,0,0,0,0,0,0,0,0,0,0
CCc1ccncc1C,0,0,0,0,0,1,0,0,0,0,0,1
O=C=O,0,0,0,0,,0,0,0,0,0,1,0
CS[C@@H](C)C(C)=O,1,1,0,1,1,0,0,1,0,0,0,0
O=C(O)CCC(=O)C(=O)O,0,0,0,0,0,0,0,0,0,0,1,0
CCCCCCCCOC(=O)C(C)(C)C,0,,0,1,0,1,0,1,0,0,0,0
CCCCC/C(C=O)=C/c1ccc(C)cc1,0,1,1,1,0,1,,,0,0,0,
CCOC(=O)C1=C(C)C=CCC1(C)C,0,0,1,1,0,1,0,,0,0,0,0
CC(C)c1ccc(C=O)cc1,,0,0,,,,0,,0,0,0,
CCCC/C=C/CCOC(=O)CC,0,0,0,1,0,,0,,0,,0,0
CI,0,0,0,,1,0,,0,0,0,0,
CCCCCCCC=CC(=O)OC,0,0,0,,0,,0,,0,0,0,0
COc1ccc(C=CCO)cc1,0,,1,0,0,1,0,0,0,0,0,0
CCOC(=O)OC1C(C)CCC(C)C1C,1,0,1,,,0,0,0,0,0,0,0
Cc1ccc2c(c1)[C@H](C(C)C)CC[C@@H]2C,0,0,0,0,0,,0,0,0,0,0,1
CCC=CCC=CCC=CCCCCCCC=O,0,0,0,0,,1,0,0,0,0,0,0
CC(=O)OC1CC(C)CCC1C(C)C.CC(C)=C1CCC(C)CC1=O.CC1CCC(C(C)C)C(=O)C1.CC1CCC(C(C)C)C(O)C1.CC1CCC2(CC1)OCC2C.Cc1coc2c1CCC(C)C2,0,0,0,0,1,1,0,0,0,0,0,
C=C(C)c1cc(C(C)=O)ccn1,0,0,0,0,,1,0,0,0,,0,0
CCCCC/C=C\CCCO,,0,0,,0,0,0,0,0,0,0,0
Cc1ccc(C)c(NC(=O)C(C)Sc2ccccc2)c1,,0,0,,0,0,0,0,0,0,0,0
ClC1=C(Cl)[C@]2(Cl)[C@@H]3[C@H]4C[C@H]([C@@H]5O[C@H]45)[C@@H]3[C@@]1(Cl)C2(Cl)Cl,0,0,0,0,0,0,0,0,0,0,1,0
CCCCC/C(C=O)=C/c1ccccc1,0,,1,,0,,0,0,0,0,0,0
CC(C)c1ccc(CC(=O)O)cc1,0,0,0,0,0,1,0,0,0,0,0,0
CC(C)CCc1ccc2c(c1)OCC(=O)CO2,0,0,0,,0,,0,0,0,0,0,0
CC/C=C/C[C@H]1C(=O)CC[C@@H]1CC(=O)OC,0,1,1,,0,1,0,0,0,0,0,0
CCCCCCOC(CCCCC)OCCCCCC,0,,0,,0,1,0,,0,,0,0
CCOc1ccccc1C(=O)OC,0,1,1,1,0,1,0,0,0,0,0,1
CCCOC(=O)c1ccccc1N,0,,,1,0,,0,,0,0,0,0
CCOC(=O)c1ccccc1NC,0,,,,0,,0,,0,0,0,0
CCC/C=C\CC(=O)O,0,,0,,,,0,0,0,0,0,0
COc1c2ccoc2cc2oc(=O)ccc12,0,0,0,0,0,0,0,0,0,0,1,0
CCCCOCC(C)OCC(C)O,0,0,0,0,0,0,0,0,0,0,1,0
CCC=CCCOC(CC=CCC)OCCC=CCC,0,0,0,0,0,0,0,0,0,0,1,0
CCCCCCC(=O)OC(C)CCC,0,,,1,0,1,0,,0,0,0,0
CCC1OC=C(CO)C1=O,0,1,0,0,0,0,0,0,0,,0,0
CC(=O)OC1CCC(C(C)(C)C)CC1C,0,0,1,,1,1,0,0,0,0,0,0
Cc1csc(C)n1,,,0,0,,,0,0,0,,0,0
CCC=C(C)C(=O)OCC,0,,0,1,,,0,,0,,0,
CC1=CCC(C(C)CO)CC1,0,0,0,,0,,0,0,0,0,0,0
O=C(OCc1ccccc1)C(Cl)Cl,0,0,1,1,0,,0,0,0,0,0,0
C[C@@H](CO)c1ccccc1,0,0,1,,0,1,0,0,0,0,0,0
C=CCCCCCCCCCOC(=O)CCC,,0,0,,0,0,0,0,0,0,0,0
CCCCCCCC(=O)OCCCCC,,,,,0,,0,,0,,0,0
C/C1=C2/[N-][C@H]([C@H](CC(N)=O)[C@@]2(C)CCC(=O)NC[C@@H](C)OP(=O)([O-])O[C@H]2[C@@H](O)[C@@H](n3cnc4cc(C)c(C)cc43)O[C@@H]2CO)[C@]2(C)N=C(/C(C)=C3\N=C(/C=C4\N=C1[C@@H](CCC(N)=O)C4(C)C)[C@@H](CCC(N)=O)[C@]3(C)CC(N)=O)[C@@H](CCC(N)=O)[C@]2(C)CC(N)=O.[Co],0,0,0,0,0,0,0,0,0,0,1,0
CCCCCC1CCCC1O,0,,1,,0,1,0,0,0,0,0,0
CCCCCCCCC(=O)OC1CCCCC1,0,0,,1,0,1,0,,0,0,0,0
CCCC1OCCC(C)S1,0,1,,,1,1,0,0,0,0,0,1
CCCCC1COC2(CCCC2)O1,0,,1,,,1,0,,0,0,0,0
CCCCC(=O)c1ccccc1,,0,,,,,0,,,0,0,0
C=C(C)C1CC=C(C=O)CC1,,,0,,,,0,,,0,0,
CC(C)(S)CCO,,,0,,,0,0,0,0,,0,
C=C(C)[C@@H]1CC[C@H](C)C2=C(C1)[C@@H](C)CC2=O,0,0,0,0,0,0,1,1,0,0,0,1
CCCCCCCC/C=C/OC,,0,1,1,0,0,0,0,0,0,0,0
CCC(CC)C(=O)c1ccccc1,0,1,0,0,0,1,1,0,0,0,0,0
C/C(C=O)=C\c1ccccc1,0,,0,0,0,,0,0,0,0,0,1
CCCCOC(=O)CC(O)C(=O)OCCCC,,0,0,,,0,0,0,0,0,0,0
CCCCCCCCCCC(=O)OCC(C)C,,0,0,1,,0,0,0,0,0,0,0
CC(=O)OC1=C(C)CCC1=O,0,1,0,,0,0,0,0,0,,0,0
CCCCCCCC=CC=CC=O,,,,,0,0,0,,0,,0,0
CC(C)(O)CCC1CCCCC1,0,0,1,,0,0,0,1,0,0,0,1
Cc1ccc(CC=O)c(C)c1,0,0,1,0,0,1,0,0,0,0,0,0
CCCCC(CC)C1OCCO1,0,,1,,,1,0,,0,0,0,
CN(C)[C@@H]1C(=O)C(C(N)=O)=C(O)[C@@]2(O)C(=O)C3=C(O)c4c(O)cccc4[C@@](C)(O)[C@H]3C[C@@H]12,0,0,0,0,0,0,0,0,0,0,1,0
CC(C)C(=O)OCCC1CCCCC1,0,1,0,,0,0,0,0,0,0,0,0
CC(C)=CCC(C)(C)C(=O)C(C)C.CC(C)=CCC(C)(C)C(=O)C(C)C,0,1,0,1,0,1,0,,0,0,0,
COP(=S)(OC)SCC(=O)N(C)C=O,0,0,0,0,0,0,0,0,0,0,1,0
CC(=O)OC1CCCCCCCCCCC1,,0,0,,,,0,1,,0,0,0
CC(C)Cc1ccnc2ccccc12,1,0,0,0,,1,0,0,0,0,0,0
C=CCc1cc(OC)c2c(c1OC)OCO2,0,0,0,0,,,0,0,0,0,,
C#CC1(OC(C)=O)CCCCC1,0,,0,0,0,1,,1,0,0,0,0
C/C(=C\C=O)CC/C=C(\C)CC(C)C,0,0,1,,1,0,0,0,0,0,0,0
CCCCCCCCCCCCOCCCCCCC,,0,0,0,0,0,0,0,0,0,0,0
CCCCC(=O)OC1CCCCC1,,0,0,,0,1,0,0,0,0,0,0
CCCCC1OCCOC1=O,0,1,,1,0,0,0,,0,,0,0
CCCCCC[C@@H](O)C/C=C\CCCCCCCC(=O)OCC,,0,0,0,0,0,0,0,0,0,0,0
CC1CCCC2(C)CCCCC12O,,0,0,,,,0,1,0,0,0,0
CCCCCCCC/C=C\CCCCCCCC(=O)OC[C@@H](O)[C@H]1OC[C@H](O)[C@H]1O,,0,0,0,0,0,0,0,0,0,0,0
CC/C=C/CC1=C(C)C(=O)CC1,,,1,,0,,0,0,0,0,0,
COc1cc(C(=O)O)ccc1O,,,,,,,,,0,,,0
CCCCC1COCC(C)O1,0,1,0,0,0,1,0,,1,0,0,0
CC(=O)OCC=C(C)CCCC(C)CCCC(C)CCCC(C)C,0,0,0,,0,0,0,0,1,0,0,0
CC1=C(O)C(=O)CC1C,0,1,0,0,0,,0,0,0,,0,
CCCCCCCOC(=O)C(C)(O)C(=O)CCC,1,1,0,,0,0,0,0,0,,0,0
CCCCCCCCCCCC(=O)OC(C)CCC,,0,,1,0,0,0,,0,0,0,0
CC(C)C(=O)OC1CCC2CCCCC2C1,,,1,1,0,0,0,0,0,0,0,0
CC(C)C(=O)OCC1=CCC2CC1C2(C)C,0,0,0,,0,0,0,1,1,0,0,0
CCCCCC(=O)OC(C)C,0,,0,,0,,0,0,0,0,0,0
CCCCCC=CC=O,,0,0,0,0,1,0,0,0,0,0,0
CCC(C)C(=O)OC1CC(C)CCC1C(C)C,0,1,1,,0,1,0,0,0,0,0,
CCOC(=O)CCSC,,1,0,1,,0,0,0,0,,0,0
CC1OCCC1=O,0,,0,0,0,,,,0,,0,
c1cc[nH]c1,0,,0,0,,0,,0,0,,0,0
Cc1cnccn1,,1,0,,,,,,0,,0,0
C/C=C1\CC2CC1C1CCC(=O)OC21,0,1,0,0,0,1,1,1,1,0,0,1
O=C1CCCCC=CCCCCCCCCCO1,1,,0,1,,0,0,,,0,0,0
COc1nccs1,0,1,0,0,0,0,0,0,0,1,0,0
Cl.Cl.N[13CH2]CCCC(N)C(=O)O,0,0,0,0,0,0,0,0,0,0,1,0
CC(C)=CCC/C(C)=C/C(=O)OCCC(C)C,0,,1,1,0,1,0,,0,0,0,0
C=CC(=O)CCCCCC,0,0,0,1,,0,0,,0,0,0,0
CCCCC(=O)C1CCCC=C1C(=O)O,0,0,0,0,1,1,0,1,0,0,0,1
CCCC(=O)OCC(O)c1ccccc1,0,0,1,,0,1,0,0,0,0,0,0
CC(C)=CCCC(C)CC=O.COC(=O)c1ccccc1N,0,0,1,1,0,,0,0,0,0,0,0
CC1CC(OC(=O)c2ccccc2O)CC(C)(C)C1,0,0,0,,,,,0,0,0,,
CCCCCCCCCC(=O)OCCCCC,,,,1,0,0,0,,0,,0,
CCOCCOC(=O)/C=C/c1ccc(OC)cc1,0,0,0,0,0,0,0,0,0,0,1,0
C=C(C)C(=O)OCC,0,0,,,1,,0,0,0,0,0,
C=C1CC[C@@]23C[C@@H]1C(C)(C)[C@@H]2CC[C@H]3C,,1,0,0,0,0,0,1,0,0,0,0
CC(C)C(=O)OC[C@@H](C)c1ccccc1,0,,,,0,0,0,0,,0,0,0
C=CCc1ccc(OC(C)OC)c(OC)c1,0,0,0,0,0,1,0,0,0,0,0,1
CCCCC/C(=C\c1ccccc1)C(OC)OC,,0,1,,0,,0,0,0,0,0,0
C/C=C/c1ccc(OCc2ccccc2)c(OC)c1,0,0,,0,0,0,0,0,,0,0,
CCOC(OCC)C1CCC(C)=CC1(C)C,0,0,0,0,0,1,0,1,1,0,0,0
CCCC(=O)CC(=O)OCC(O)CO,,0,0,0,0,0,0,0,0,0,0,0
C/C=C(\C=O)CCCC,,,0,0,0,0,,0,0,1,0,0
O=[Se](O)O,0,0,0,0,0,0,0,0,0,0,1,0
CCC=CCCC=CCOC(C)=O,0,0,1,0,0,1,0,0,0,0,0,0
C=C(C)CCCC(C)CCO,0,0,1,0,0,,0,0,0,0,0,
CC(=O)c1ccc(C(C)C)cc1,0,0,,0,0,1,0,,0,0,0,
CCCCOC(=O)CC(CC(=O)OCCCC)(OC(C)=O)C(=O)OCCCC,0,,,,0,,0,,0,0,,0
O=[N+]([O-])CCc1ccccc1,0,0,1,0,0,0,0,0,0,0,0,1
CCC(C)c1cnc(C)c(C)n1,0,0,0,0,1,0,,0,0,1,0,0
CCCCCCC(O)CCOC(C)=O,0,,1,0,0,,0,0,0,0,0,0
CC(O)C1CCCCC1,0,0,0,,,1,0,0,0,0,0,
CC=CC(C)=O,0,0,0,,1,0,0,0,0,0,0,0
CCOCc1ccc(O)c(OC)c1,0,1,0,,,0,0,,,,0,
O=C(O)C=CC=Cc1ccc2c(c1)OCO2,0,0,0,0,0,0,0,0,0,0,1,0
CCCCOC(=O)C(C)OC(C)=O,1,1,0,,0,0,0,0,0,0,0,0
OCCCOCCCO,0,0,0,,0,0,0,0,0,0,0,0
CCCCCC(=O)OC/C=C(/C)CCC=C(C)C,0,0,1,,0,1,0,0,0,0,0,0
O=C1[N-]S(=O)(=O)c2ccccc21.[Na+],0,0,0,0,0,0,0,0,0,0,1,0
CCOc1cc(C)ccc1O,0,1,0,0,,0,0,,0,,0,
C=C[C@]1(C)CC[C@@H]([C@H](C)C=O)O1,0,0,1,0,0,1,0,0,0,0,0,0
C=C1C2CCC(C2)C1(C)CC/C=C(\C)COC(C)=O,1,0,0,,1,,,1,0,0,0,
CC(C)CCSSCCC(C)C,,,0,,1,,0,0,0,,0,0
C=C(COC(C)=O)C1CC=C(C)CC1,0,1,0,,0,1,0,,0,0,0,
CCCCCCCCCCCCCCCCCC(=O)OCCCC,,0,0,,0,0,0,0,0,0,,0
CCCCCCCCC(S)C=O,,0,0,1,0,0,0,0,0,0,0,0
CCOC(COCCC(C)CCC=C(C)C)OCC,0,0,1,0,0,0,0,0,0,0,0,0
C=CCc1ccc(O)c(-c2cc(CC=C)ccc2O)c1,0,0,0,0,,,0,0,0,0,0,0
CC(=O)CC1C2CCC(C2)C1(C)C,0,1,0,1,0,,0,1,1,0,0,0
CCCCCCCCC(CO)CCCCCC,0,0,0,,0,0,0,0,0,0,0,0
CCCCC(O)C(=O)OCC,0,0,0,,0,1,0,0,0,0,0,0
CCCC/C(C=O)=C\c1ccccc1,0,0,1,,0,,0,0,0,0,0,0
C=CCOC(=O)COC1CCCCC1,0,0,0,,,1,0,,,0,0,
COc1ccc(CC(C)=O)cc1,0,,0,,,,0,0,,,,
CC(=O)/C=C/C1=C(C)CCCC1(C)C,0,,,,,,,,,,0,
C[N+](C)(C)[O-],0,0,0,0,,0,0,0,0,0,,0
C[C@H]1CC2=CC(=O)CC[C@]2(C)[C@H]2CC[C@@]3(C)[C@@H](CC[C@]3(C)O)[C@H]12,0,0,0,0,0,0,0,0,0,0,1,0
C[C@@H]1CC[C@H](C(C)(C)S)C(=O)C1,0,0,0,0,,1,0,0,0,0,0,0
O=[Cr](=O)([O-])[O-].[K+].[K+],0,0,0,0,0,0,0,0,0,0,1,0
O=C(O)/C=C\C(=O)O,0,,,,0,0,0,,0,,0,0
CC(=O)CCCC(C)CCCC(C)CCCC(C)C,,,,,0,,0,,0,0,0,0
CC1C=CC2(O1)C(C)(C)CCCC2(C)O,0,0,0,0,0,0,0,1,1,0,0,0
CCCCCC(OCCC(C)C)OCCC(C)C,0,,0,1,0,1,0,,0,,0,0
O=C(O)C1C2CCC(O2)C1C(=O)O,0,0,0,0,0,0,0,0,0,0,1,0
C=CC(=C)CCC=C(C)C,0,,,,,,0,,,0,0,
O=S(=O)([O-])[O-].O=S(=O)([O-])[O-].O=S(=O)([O-])[O-].[Al+3].[Al+3],0,0,0,0,0,0,0,0,0,0,1,0
CC/C=C/CCC1CCC(=O)O1,,1,0,0,0,0,1,0,0,,0,0
CC(=O)C1CCC(C)CC1O,0,0,1,,0,0,0,0,0,0,0,0
CCOCc1ccco1,0,1,0,0,,0,,0,0,,0,1
CC(OC(C)(C)COC(=O)C1CC1)C1CCCC(C)(C)C1,1,,0,,0,0,0,0,0,0,0,0
COC(=O)c1ccccc1OC,0,,,,,,0,,0,0,0,
CCc1ccncc1,0,,0,,,1,0,1,,0,0,
CCC(C)OC(=O)C(C)O,0,1,0,,0,0,0,0,0,,0,0
CC1CC2C(C(O)CC3(C)C2CCC3(O)C(=O)CO)C2(C)C=CC(=O)C=C12,0,0,0,0,0,0,0,0,0,0,1,0
CC(C)=CCCC(C)CC1OCCO1,0,,,0,0,1,0,0,0,0,0,0
CCC(=O)OC1(C)CCCCC1(C)C,0,1,0,,0,1,0,0,0,0,0,
O=C([O-])C(=O)OC1CCCCC1,0,0,0,0,0,0,0,0,0,0,1,0
CCCCCCCCCCCCCCCCCCCCCC[N+](C)(C)Cc1ccccc1.[Cl-],0,0,0,0,0,0,0,0,0,0,1,0
CC1(C)CCCCC1(C)O,0,0,0,0,,1,0,0,0,0,0,0
CCCCC(=O)C(C)C,0,,0,,,1,0,0,0,0,0,0
CN1CCC(CCNC(=O)Nc2ccc(F)cc2)CC1,,,0,1,1,1,1,0,0,0,0,1
CCC=CCCOC(C)=O,0,,0,1,0,,0,0,0,0,0,0
CCCCCCCCCCCCCCCCCC(=O)NCCCN(C)C,0,0,0,0,0,0,0,0,0,0,1,0
CCCCCCCCCC(OCC)OCC,,,0,,,1,,,0,,0,
NC(=O)NC1NC(=O)NC1=O,0,0,0,0,0,0,0,0,0,0,1,0
CC1SSC(C)S1,,0,0,0,1,0,0,0,0,,0,0
CC#C/C=C/Cc1ccccc1,0,0,0,,1,1,,0,0,0,0,1
CC1(C)CSSC1=O,,0,0,1,1,0,0,0,0,1,0,0
CCCCCCCCCOC(=O)Cc1ccccc1,,1,1,1,0,0,0,0,1,0,0,0
COC(=O)[C@]1(C)CCC[C@@]2(C)[C@H]1CC=C1C=C(C(C)C)CC[C@@H]12,0,0,0,0,0,0,0,,,0,,0
O=CCOc1ccccc1,,,,,,1,,,0,0,0,
CCCCCCCCCC(OC)OC,,0,,1,0,,0,0,0,0,0,0
CC(C)C1CCC(C)(O)CC1,0,,,1,0,,0,1,1,0,0,0
CCCCC/C(=C/c1ccccc1)COC=O,0,1,,0,0,1,0,0,,,0,0
CC1(C)OCC(CO)O1,0,0,0,,,0,0,,0,0,0,0
CC1=C[C@H]2[C@H](C(C)C)CC[C@@](C)(O)[C@H]2CC1,0,,0,0,0,1,0,0,0,0,0,0
COc1ccc(C=CC=O)cc1,0,1,1,1,0,0,0,1,,0,0,1
CCCCC[C@@H]1CCC(=O)O1,1,1,0,,0,0,,0,0,0,0,0
Cc1ccc(C)c(O)c1,,,0,,,0,,1,,,0,
CC(C)CC(=O)OC(C)C,0,0,,1,,0,0,,0,0,0,0
O=C(O)Cc1cccc2ccccc12,0,0,0,0,0,0,0,0,0,0,1,0
CCCCC1CC(C(C)=O)C(=O)O1,,,1,0,0,1,0,0,0,0,0,0
CC(=O)c1oc2ccccc2c1C,0,0,1,1,0,,0,0,0,0,0,0
C=CC1(C)CCC(C(C)C=O)O1,0,,1,0,0,,0,0,0,0,0,0
CCCCC/C(=C/c1ccccc1)COC(=O)CC(C)C,0,1,,,0,1,0,0,0,0,0,
CCC/C=C/C(C)=O,,,0,,,1,,,0,0,0,
CC(O)C(=O)[O-],0,0,0,0,0,0,0,0,0,0,1,0
CC12C=CCC1C1CCC3CC(O)CCC3(C)C1CC2,0,0,0,0,0,0,0,0,0,0,1,0
C=C(C)CC(C)OC(=O)c1ccccc1O,0,,1,1,0,1,0,,0,0,0,0
CCCC(=O)Oc1c(C)occc1=O,0,1,0,1,0,0,0,0,0,,0,0
CC1CC(S)C(C)O1,,0,0,0,1,0,0,0,0,1,0,0
CCCCCCOC(=O)CCC,,,0,,0,,0,0,0,0,0,0
CC1=CC(=O)CC(C)C2CC(=C(C)C)CC12,1,0,1,0,0,0,0,1,1,0,0,0
CCOC(CC)OCCC(C)C,0,0,0,,,1,0,0,0,0,0,0
CC1(C)[C@@H]2CC[C@@]1(C)[C@H](OC=O)C2,0,0,0,,1,1,,,,0,0,
CCCCCCCCCCCCCCCCCCOCC(C)O,0,0,0,0,0,0,0,0,0,0,1,0
Cc1cc(Cl)ccc1OC(C)C(=O)O,0,0,0,0,0,0,0,0,0,0,1,0
COC1=C(C)OC(C)C1=O,,1,,,,,,,0,,0,
CC=CC(=O)OCCCC,0,1,0,1,0,1,0,,0,,0,1
CC1(C)C2CCC(C3CCC(O)CC3)C1(C)C2,0,0,0,0,0,,0,1,1,0,0,0
CC(C)=CC(=O)SC(C)C,,0,0,,1,1,0,,,,0,0
Cc1ccccc1C(=O)c1ccccc1,0,0,1,0,1,0,0,0,0,0,0,0
COc1ccc(C)cc1O,0,1,0,,1,0,,1,,0,0,
CC=Cc1ccc(OC(=O)c2ccccc2)c(OC)c1,0,,,0,0,0,0,0,1,0,0,
CC(C)=CCCC(C)CCO,,,1,,,,0,0,0,0,0,
Cc1cccc2oc(=O)ccc12,0,0,0,0,1,1,0,1,0,0,0,0
CCOC(=O)[C@H](C)CC,0,,0,1,,1,0,,0,,0,0
CCCCCCOC(=O)c1ccco1,0,,,1,0,,0,,0,0,0,0
CC(=O)OC1=C(C(C)C)CCC(C)=C1,0,0,0,,0,1,0,0,0,0,0,
CC1=CC(=O)C(C)O1,0,1,0,,,0,0,0,0,,0,0
CC(=O)C=O,0,,0,0,,0,0,,0,,,
CCOC(=O)c1ccc(OC)cc1,0,,,,0,,0,0,0,0,0,1
CCCCCCCCC(=O)OCC(C)C,,,1,1,0,0,0,,0,0,0,0
CCCCCCCC[N+](C)(C)Cc1ccccc1.[Cl-],0,0,0,0,0,0,0,0,0,0,1,0
CC=Cc1ccc(OCC)c(OC)c1,0,1,,0,0,0,0,0,,,0,1
CC(C)=CCC/C(C)=C/CNC(=O)C1CC1,,0,0,0,0,0,0,0,0,1,0,0
CCCCCCCCCC=CCO,,0,0,0,0,0,0,0,0,0,0,0
CCCC(C)OC(C)=O,,,0,,,,,,0,0,0,0
CCCC(=O)OC(C)C(=O)OCC,0,1,0,,,0,0,0,0,,0,0
CC(C)=CCC[C@](C)(O)[C@@H]1CC=C(C)CC1,0,,,,0,,,0,0,0,0,0
CC1=NC(C)SC(C)S1,,0,0,0,0,0,0,0,0,,0,0
C=C(C)C1CCC(C)CC1C(=O)NCC,0,0,0,0,0,1,0,0,0,0,0,
COCc1ccco1,0,1,0,0,0,0,0,0,0,,0,0
CCOC(=O)C(C)S,,,0,,1,,0,0,0,,0,0
CC/C=C\C/C=C\C/C=C\CCCCCCCC(=O)O.CCCCC/C=C\C/C=C\CCCCCCCC(=O)O.CCCCCCCC/C=C\CCCCCCCC(=O)O.CCCCCCCCCCCCCCCC(=O)O.CCCCCCCCCCCCCCCCCC(=O)O,0,0,0,0,0,0,0,0,0,0,1,0
CCCCOC(=O)C(C)CCC,0,0,1,,0,1,0,0,0,0,0,1
CC(=O)OC1CC2CCC1(C)C2(C)C,0,,0,,,,0,1,1,0,0,
CCCC(=O)OCCCCC(C)C,0,0,,1,0,1,0,,0,0,0,0
CCCCC(O)C(=O)OC,0,0,,1,0,1,0,,0,0,0,0
CCCCCCCC(=O)CCCC(=O)O,0,,0,1,0,0,0,0,0,0,0,0
C=CCc1ccc(O)c(O)c1,0,0,0,0,,0,0,0,,0,0,0
CCC(=O)O[C@@H]1C[C@H](C)CC[C@H]1C(C)C,0,1,1,,0,1,0,0,0,0,0,
C[C@H]1C[C@H]2[C@@H]3CCC4=CC(=O)C=C[C@]4(C)[C@@]3(F)[C@@H](O)C[C@]2(C)[C@@]1(O)C(=O)CO,0,0,0,0,0,0,0,0,0,0,1,0
CC1=C[C@@H]2C(=C(C)CC[C@H]2C(C)C)CC1,0,0,0,,1,,,,0,0,0,
N.NC(=S)S,0,0,0,0,0,0,0,0,0,0,1,0
COc1c(Cl)ccc(Cl)c1C(=O)O,0,0,0,0,0,0,0,0,0,0,1,0
CCCCCCCC/C=C\CCCCCCCCCCCCC,,0,0,0,0,0,0,0,0,0,0,0
Cc1ncc(CO)c(CO)c1O.Cl,0,0,0,0,0,0,0,0,0,0,1,0
CC1=CCC2(C)CC[C@H](C(C)C)C2(O)CC1,0,0,0,0,0,0,0,0,0,0,0,0
CCCOC(=O)Cc1ccccc1,,1,1,,0,0,0,0,0,0,0,0
COC(=O)CC(C)CCC=C(C)C,,,,1,0,1,0,,0,,0,0
CCOC(=O)C(C)C(C)O,0,,0,,0,,0,0,0,0,0,0
CCCCC/C=C\CO,,,1,,,,0,0,0,0,0,0
C=CCC1=CC=C2OCOC2C1,0,0,1,0,0,,0,,0,0,0,1
CC(=O)C1=NCCCC1,0,1,0,0,0,0,,0,0,,0,0
CN1CCN(C(c2ccccc2)c2ccccc2)CC1.Cl,0,0,0,0,0,0,0,0,0,0,1,0
CC(=O)Oc1ccc(C)cc1,,,1,,,,0,,0,0,0,
CCCCCOC(C)OCCCC,0,,0,1,,1,0,,0,,0,0
CC(C)COC(=O)C(C)C,0,,,1,,0,0,,0,0,0,0
Cc1cnc2ccccc2n1,0,,0,,,0,1,0,0,1,0,0
CCCCCCCC(C)OC(C)=O,0,0,0,,0,1,0,1,0,0,0,0
CC(=O)C1(C)CC2=C(CCCC2(C)C)CC1C,1,0,0,0,1,0,0,1,1,0,0,0
C=CCOC(=O)C=Cc1ccccc1,,,,,0,0,0,,,0,0,
CSCCCN,0,,0,,1,0,0,0,0,0,0,0
CC(O)/C=C/c1ccccc1,0,,1,,0,0,0,0,1,0,0,0
CC1(C)O[C@@H]2C[C@H]3[C@@H]4C[C@H](F)C5=CC(=O)C=C[C@]5(C)[C@@]4(F)[C@@H](O)C[C@]3(C)[C@]2(C(=O)CO)O1,0,0,0,0,0,0,0,0,0,0,1,0
CCCSSSCCC,0,0,0,,,1,0,0,0,0,0,
I[Hg-2](I)(I)I.[K+].[K+],0,0,0,0,0,0,0,0,0,0,1,0
O=C(CS)OC1CCCCC1,0,0,0,,0,0,0,0,0,0,0,0
COc1nccnc1C(C)C,0,,0,,,,,,,,0,
c1ccc(C2CO2)cc1,0,,0,0,,0,0,0,,0,,0
OCCc1ccccc1,0,,1,,,,0,,0,,0,
CC(C)=CCCC(C)=CC#N,0,0,1,1,1,1,0,0,0,0,0,0
O=C1CCc2ccccc2O1,,1,,,,,1,0,,0,0,
CSC(C)CC(=O)C1=C(C)CCCC1(C)C,0,1,0,,0,1,0,0,0,0,0,0
CCCCCCCC=CC=CC=CC=CC=O,,0,0,0,0,0,0,0,0,0,0,0
CC(C)[C@@H]1CC[C@@H](C)C[C@H]1OC(=O)CCCC(=O)O,0,0,0,0,0,1,0,0,0,0,0,
C/C=C/C=C1\C(C)=CC(=O)CC1(C)C,0,1,0,,0,1,,1,0,0,0,
CSCc1ccsc1,,,0,,,,0,,0,1,0,
CC(C)Nc1cccnc1N1CCN(C(=O)c2cc3cc(NS(C)(=O)=O)ccc3[nH]2)CC1.CS(=O)(=O)O,0,0,0,0,0,0,0,0,0,0,1,0
CCC[C@H](O)CC(=O)OCC,0,1,0,1,,1,0,1,0,,0,1
C=CCOC(=O)COCC(C)CC,0,0,0,,0,1,0,0,0,0,0,0
CCCCCCC1OCC(CO)O1,0,,0,,,,0,1,0,0,0,0
CCCC=CCOC(C)=O,0,,,,,,0,0,0,0,0,0
CCC(=O)CSC,0,0,0,1,1,1,0,,0,,0,1
CN=C=S,0,0,0,,1,0,0,0,0,0,0,
C=CC(C)=O,0,,0,0,,0,0,0,0,0,0,0
O=C1NS(=O)(=O)c2ccccc21,0,0,0,0,0,,0,0,0,0,1,
C=COC(C)=O,0,0,0,,,0,0,0,0,0,0,0
O=C(O)c1ccco1,0,0,0,0,0,0,0,0,0,0,1,0
CCCC(=O)OC(C)CC,,1,0,1,0,0,0,,0,0,0,1
CC(C)CC1CCCC(C)(O)C1,0,0,1,1,0,1,0,0,0,0,0,0
COC1(C)CCC23CC1C(C)(C)C2CCC3C,,0,0,0,0,,0,1,,0,0,0
CCCCCC1CCC(=O)O1,,,,,0,,,0,,,0,
CCCSC(C)=O,0,0,0,,1,1,0,0,0,0,0,1
CCCCCCCCCC(=O)OCCC,,0,0,1,0,,0,1,0,0,0,0
C=C1C2CC[C@H]3C2C(C)(C)CCC[C@]13C,0,1,1,,1,,,1,,0,0,
CCc1nccnc1OC,0,0,0,1,,1,1,1,0,0,0,0
CCCCCCCCCC(=O)OCC,,,,1,0,0,,,0,,0,0
ClC1=C(Cl)C2(Cl)C3CCC4C(CCC3C1(Cl)C2(Cl)Cl)C1(Cl)C(Cl)=C(Cl)C4(Cl)C1(Cl)Cl,0,0,0,0,0,0,0,0,0,0,1,0
C=C[C@H]1CN2CC[C@H]1C[C@@H]2[C@H](O)c1ccnc2ccc(OC)cc12,0,0,0,0,0,0,0,0,0,0,1,0
Br/C=C/c1ccccc1,0,0,1,0,0,1,0,0,0,0,0,0
C=CCOC(=O)CCC,,,0,1,,,0,0,0,0,0,0
Cc1cncc(C)n1,,,0,,,0,,0,0,,,0
O=S(=O)([O-])NC1CCCCC1.[Na+],0,0,0,0,0,0,0,0,0,0,1,0
[Be]=O,0,0,0,0,0,0,0,0,0,0,1,0
C/C=C/c1cc(OC)c(OC)c(OC)c1,0,0,1,0,0,0,0,0,0,0,0,1
CCCCCCCC/C=C\CCCCCCCCO,,0,0,0,0,0,0,0,0,0,0,0
CCC(C)CCCO,,0,0,0,1,0,0,0,0,0,0,0
CC1=CCC(C(C)C)CC1=O,0,0,0,0,0,1,0,0,0,0,0,
CC=CC(=O)C1C(C)=CCCC1(C)C,0,1,1,1,,1,0,1,0,0,0,1
CCC(=O)C1=NCCC1,0,0,0,0,,0,0,0,0,,0,0
COC(=O)c1ccccc1C(=O)OC,0,0,0,0,,,0,0,0,0,,
COc1ccc2c(c1OC)C(=O)OC2C1c2c(cc3c(c2OC)OCO3)CCN1C,0,0,0,0,0,0,0,0,0,0,1,0
C=CCOc1c(Br)cccc1C(=O)Nc1cccc(-c2nncn2CC=C)n1,1,0,1,0,,0,0,1,0,0,0,0
CC1(C)[C@@H]2CC[C@]1(C)[C@@H](O)C2,0,0,0,0,1,1,0,0,0,0,0,0
C/C=C(/C)C(=O)OCCCCC,0,,1,,0,,0,,0,0,0,
C/C(=C/CCC(C)CCO)C(C)C,0,0,1,0,1,1,0,0,0,0,0,0
CC(C)CC(=O)c1ccccc1,0,0,1,,0,0,0,0,0,0,0,0
C=CCCCCCCCCC(=O)OCC,,,,,,,0,,0,,0,0
CCC1=C(O)C(=O)C(C)O1,0,1,0,,,0,0,,0,,0,0
CCC(C)C(=O)OCCCCO,0,0,0,,0,0,0,0,0,0,0,0
C/C=C\CC1=C(C)CCC1,,1,1,,,,0,0,0,,0,0
O=C1CCCC1C1CCCC1,,0,,,,,0,,0,0,0,
Nc1nc2c(ncn2[C@@H]2O[C@H](COP(=O)([O-])[O-])[C@@H](O)[C@H]2O)c(=O)[nH]1.[Na+].[Na+],0,0,0,0,0,0,0,0,0,0,1,0
CCC(C)CCCC(C)(C)OC(C)=O,0,0,,1,0,1,0,,0,0,0,
CC=CCSCC=CC,0,0,0,0,0,0,0,0,0,0,1,0
OC1CCCCC1C1CCCCC1,0,0,1,0,1,1,0,1,0,0,0,
CC12CCC(CC1)C2(C)C,0,0,0,0,1,1,0,0,0,0,0,0
CC1(C)C2CCC1(C)[C@@H](O)C2,0,0,0,0,1,1,0,1,0,0,0,
C=CCCC(O)CCC,0,0,0,,0,0,0,0,0,0,0,0
C[C@@H]1CC(C)(C)C[C@@]2(C1)[C@@H](C)CC(=O)[C@]2(C)O,1,1,0,0,0,1,0,1,1,0,0,0
CCCOc1nn(/C([O-])=N/S(=O)(=O)c2ccccc2C(=O)OC)c(=O)n1C.[Na+],0,0,0,0,0,0,0,0,0,0,1,0
Cc1cc(C)c(C)cc1C,0,1,0,0,1,,0,0,0,0,0,0
CCC(=O)OC/C=C(\C)CCC=C(C)C,0,,1,1,0,,0,0,,0,0,0
CCC/C=C/C(=O)O,,,0,,,,0,,0,0,0,0
C/C=C\C(=O)OCCCCCC,0,0,0,1,0,0,0,1,0,0,0,0
C=CCc1ccc(OC(=O)Cc2ccccc2)c(OC)c1,0,1,,0,0,,0,0,0,0,0,1
O=[N+]([O-])[O-].[K+],0,0,0,0,0,0,0,0,0,0,1,0
CCCCC(C)C(C)(C)OC(=O)CC(C)C,0,0,1,,0,1,0,1,0,0,0,0
CC=CC(=O)OCc1ccccc1,0,0,0,0,0,1,0,0,1,0,0,1
CCCC=O,,,0,,,,,,0,,0,0
CC(C)=CCCC(C)CC#N,0,0,1,1,,1,0,0,0,0,0,0
CCC(C=O)CC,0,1,0,,,,0,0,0,,0,0
C=CCCCCCC(C)=O,0,0,0,,,0,0,0,0,,0,0
CCCCOC(=O)CCCCCCCCC(=O)OCCCC,0,0,0,,0,0,0,0,0,0,,0
COc1ncc(CC(C)C)nc1C,0,1,0,0,0,0,0,1,0,0,0,1
Cc1cscc1C,0,0,0,0,1,0,0,0,0,,0,0
CC(C)=CC(C)CCCCC=O,0,0,1,0,1,1,0,0,0,0,0,0
CSCC/C=C(\C=O)CSC,,1,0,1,1,0,0,0,0,,0,0
Cc1ccc(C#N)c(C)c1C,0,0,0,0,0,0,1,1,0,0,0,0
C/C=C/C(=O)OCCc1ccccc1,0,,1,0,1,1,0,0,0,0,0,0
CC(C)CN1CCCc2ccccc21,1,0,0,,1,0,1,1,0,0,0,
CC(=O)/C(C)=C/C1C(C)=CCCC1(C)C,0,,,0,0,0,0,,0,0,,0
OC[C@H]1O[C@@H]2O[C@H]3[C@H](O)[C@@H](O)[C@@H](O[C@H]4[C@H](O)[C@@H](O)[C@@H](O[C@H]5[C@H](O)[C@@H](O)[C@@H](O[C@H]6[C@H](O)[C@@H](O)[C@@H](O[C@H]7[C@H](O)[C@@H](O)[C@@H](O[C@H]1[C@H](O)[C@H]2O)O[C@@H]7CO)O[C@@H]6CO)O[C@@H]5CO)O[C@@H]4CO)O[C@@H]3CO,0,0,0,0,0,0,0,0,0,0,1,0
CCCCCCCOC(=O)CCCCC,0,,0,,0,1,0,0,0,0,0,0
CCCCC=C(C=O)CC,,0,0,0,0,1,1,0,0,0,0,0
CC(=O)CC(=O)OC1CCCCC1,0,1,0,,0,0,0,0,0,,0,0
CCCCCCCC=CC(=O)OCCCC,,,,,0,,0,,0,0,0,
Sc1ccc2ccccc2c1,,,0,1,1,0,0,,0,,0,0
Cc1ccc2c(c1)OC(=O)[C@H]2C,0,,0,,0,0,,0,0,0,,0
Cc1ccc(OC(=O)C(C)C)cc1,,0,,,0,,0,0,0,0,0,0
CCCOC(=O)CC(C)C,0,,,1,,,0,,0,0,0,0
CC(=O)O[C@H]1CCC[C@H](C(C)(C)C)C1,0,0,1,0,1,1,0,1,0,0,0,0
CC(C)=C1CC[C@H](C)CC1=O,0,0,0,0,,1,0,0,0,0,0,
O=[Cr](=O)([O-])O[Cr](=O)(=O)[O-].[K+].[K+],0,0,0,0,0,0,0,0,0,0,1,0
C=CCc1ccc(OCC)c(OC)c1,0,,0,0,1,1,0,0,0,0,0,1
OCC=Cc1ccco1,0,1,0,0,0,1,0,0,1,,0,0
CCCCCC1C(=O)CCC1CC(=O)OC,0,,,,0,,0,0,0,0,,0
CC(C)/C=C/C=O,0,,0,1,1,1,0,1,0,1,0,1
CCOCC.OC1CCCc2ccccc21,0,0,1,0,0,0,0,1,0,0,0,0
CCCCC1CCOC1=O,1,0,0,0,0,,0,0,1,0,0,1
CCCCC1(C)Oc2ccccc2O1,0,0,1,,0,0,0,0,0,0,0,0
OC/C=C/c1ccccc1,0,,,0,,,0,0,,0,0,
CC(=O)OC(C)(C)C1CCC(C)CC1,0,0,,1,0,,0,,,0,0,0
CCc1nc(C)cnc1C.CCc1ncc(C)nc1C,0,1,0,,1,0,1,0,0,1,0,0
CC1=CC[C@H]2C[C@@H]1C2(C)C,0,0,0,0,,,0,1,1,0,0,0
Cc1cc(C)c(O)c(C)c1,,1,0,,1,,,,,,0,
CC1=C(S)CCO1,,0,,0,,0,0,0,0,,0,0
C=C1CCCC(C)(C)[C@@H]1CCC(C)=O,1,0,1,0,0,0,0,1,0,0,0,0
CCC(=O)O.CCCCCC1CCCCC1,0,,0,1,0,0,0,0,0,0,0,0
CCC(C)CCO,0,,,,,1,0,,0,,0,
CCOCC,0,,0,0,,0,0,0,0,0,0,0
O=C1OC(c2ccc(O)c(S(=O)(=O)[O-])c2)(c2ccc(O)c(S(=O)(=O)[O-])c2)c2c(Br)c(Br)c(Br)c(Br)c21.[Na+].[Na+],0,0,0,0,0,0,0,0,0,0,1,0
O=C(O)CC(O)(CC(=O)O)C(=O)O,0,0,0,,0,0,0,0,0,0,,0
CC/C=C\CCOC(=O)CC,,,0,,0,1,0,0,0,0,0,0
O=P([O-])([O-])[O-].O=P([O-])([O-])[O-].[Ca+2].[Ca+2].[Ca+2],0,0,0,0,0,0,0,0,0,0,1,0
CCCC/C=C/CCCCC(=O)OCCC(C)C,0,,,,0,,0,,0,,0,0
CCCCCCC1OCCO1,,0,,,,1,0,,0,0,0,0
CCC(CC)C(=O)N(C)c1cccc(C)c1,0,0,0,1,,,0,0,0,0,0,
C=CC(C)(O)CC[C@H]1C(=C)CC[C@H]2C(C)(C)CCC[C@]12C,1,0,0,0,0,0,0,1,1,0,0,0
Cc1ccc(C=O)[nH]1,0,1,0,0,0,1,1,0,0,0,0,1
CCCCc1ccc(CC)s1,0,0,0,,,0,0,,0,,0,0
CN=C1CN(O)C(c2ccccc2)=c2cc(Cl)ccc2=N1,0,0,0,0,0,0,0,0,0,0,1,0
CCC1NC(=O)c2cc(S(N)(=O)=O)c(Cl)cc2N1,0,0,0,0,0,0,0,0,0,0,1,0
CC(C)COC(=O)CCCCC(=O)OCC(C)C,0,0,0,,0,0,0,0,0,0,,0
C1CNCCN1,0,0,0,0,,0,0,0,0,0,0,0
O=C([O-])C([O-])C([O-])C(=O)[O-].O=C([O-])C([O-])C([O-])C(=O)[O-].[K+].[K+].[Sb+3].[Sb+3],0,0,0,0,0,0,0,0,0,0,1,0
CC1OC(OCC2OC(Oc3cc(O)c4c(c3)OC(c3ccc(O)cc3)CC4=O)C(O)C(O)C2O)C(O)C(O)C1O,0,0,0,0,0,0,0,0,0,0,1,0
CN1CCN(CC/C=C2/c3ccccc3Sc3ccc(S(=O)(=O)N(C)C)cc32)CC1,0,0,0,0,0,0,0,0,0,0,1,0
CCCC(C)C1OCC(C)(CCC)CO1,0,0,1,0,,1,0,0,0,0,0,
CCCCOC(=O)/C=C\C(=O)[O-],0,0,,1,0,0,0,,0,0,0,0
COC(=O)CCCCC(=O)OC,0,,,,0,0,,,0,0,0,0
CO[C@]1(C)CC[C@@]23C[C@@H]1C(C)(C)[C@@H]2CC[C@H]3C,1,0,0,0,0,1,0,1,1,0,0,0
Nc1ccccc1C(=O)OCCc1ccccc1,0,,,,0,0,0,,0,0,,0
CCCCOC(=O)C(C)CC,0,,0,,,,0,0,0,,0,0
CSc1ccccc1,,,0,0,1,0,0,1,0,,0,
C=CC(C)(CCC=C(C)C)OCCCCCCC,0,0,0,0,0,1,0,1,0,0,0,0
CCCCC/C=C/C/C=C/C/C=C/C/C=C/CCCC(=O)O,,0,0,0,1,0,0,0,0,0,0,0
C=C(OC(C)=O)c1ccccc1,,0,1,0,,,0,0,0,0,0,0
CCCCCCC(CCOC(C)=O)OC(C)=O,0,,1,,0,,0,,0,,0,0
CCOC(=O)C1(c2ccccc2)CCN(CCc2ccc(N)cc2)CC1,0,0,0,0,0,0,0,0,0,0,1,0
CCCCC[C@H]1O[C@@H]1C=O,,0,0,1,0,0,0,0,0,0,0,0
CCCCCCCC(=O)CCO,0,0,0,1,0,1,0,,0,0,0,0
CCC1CCc2nccnc21,0,1,0,0,1,0,1,1,0,1,0,0
Cc1ccccc1-n1c(C)nc2ccccc2c1=O,0,0,0,0,0,0,0,0,0,0,1,0
C=CC1(C)CCCC(C)(C)O1,0,,,,,,0,,0,0,0,
C=CC(C)(CCC=C(C)C)OC(=O)CCCCC,,0,0,,,,0,0,0,0,0,0
COC(Cc1ccccc1)OC,0,0,,,,1,0,,0,0,0,
CCCCCCCC[C@H]1CCC(=O)O1,1,1,0,,0,0,0,0,0,0,0,0
CC=CC(=O)OCC1CCCO1,0,1,1,0,0,1,0,0,1,,0,0
CC(C)C12CCC(C)(O)C1C2,0,,0,,,,0,,,0,0,
CC1=CCC(C(C)(C)OC=O)CC1,0,,1,,0,1,0,,,0,0,
CC(OCCc1ccccc1)OCCc1ccccc1,0,0,1,0,0,1,0,0,1,0,0,0
CC(O)CCC1C(C)CCCC1(C)C,1,0,1,0,,0,0,1,0,0,0,0
Cc1nc2ccccc2nc1C,,0,0,0,,0,0,,0,,0,0
C/C1=C\[C@@H](OC(=O)CCNC(=O)OCc2ccccc2)C(=O)/C=C/C=C\c2csc(n2)[C@H](C)NC(=O)C[C@@]2(CC1)S(=O)SC(=O)[C@]2(C)O,,,1,1,,1,0,0,,0,0,
CCCCCCCCCCCCCC(=O)OC(C)C,,,,,,0,0,,0,0,,
CC(=O)OC(C)C=CC1=C(C)CCCC1(C)C,0,1,1,1,0,,,1,0,,0,0
CC1=CC2CC(C3OCCO3)C1CC2C(C)C,,,1,0,,1,0,1,0,0,0,0
CC(O)CCc1ccccc1,0,,,,0,1,,,0,0,0,
CC=C(C)CSC,,0,0,0,0,0,0,0,0,1,0,0
CCCCCCC(O)CC,0,0,,,0,1,0,,0,0,0,1
CC(C)CC(=O)OC/C=C/c1ccccc1,0,,,,,,0,,0,,0,
CC1(C)CC2C(C1)C1(C)CCCC2(C)C1O,0,0,0,0,,0,0,1,,0,0,
CCCCCC(C)OC(=O)CC(C)C,0,0,,1,0,1,0,,0,0,0,0
O=Cc1cccs1,0,,0,,,0,,0,0,0,0,0
CCCC1CCC(=O)O1,,,0,,0,,1,0,0,,0,0
CCCCCCC(O)CCCCCCCCCCC(=O)OCC(CC)CCCC,0,0,0,0,0,0,0,0,0,0,1,0
C/C=C(\CC)CCC(C)CCO,0,0,1,0,0,1,0,0,0,0,0,0
O=CCC/C=C1\CC2CC1C1CCCC21,0,,1,0,1,1,0,0,0,0,0,0
CON(C)C(=O)Nc1ccc(Cl)c(Cl)c1,0,0,0,0,0,0,0,0,0,0,1,0
CCC(CC(C)CC)=NO,0,,,1,,1,0,,1,0,0,0
C=C(C)COCC/C=C\CC,0,0,1,,,1,0,0,0,0,0,
COc1cc(C2OCC(C)O2)ccc1O,0,1,0,,,0,0,0,0,,0,0
CCC(=O)OCCCc1ccccc1,0,0,1,,0,,0,,,0,0,0
C=CC=CC=CCCCCC,,0,0,,,1,0,,,0,0,0
CC(C)OC=O,0,,0,,,0,0,0,0,0,0,0
COC(CC(C)C)OC,0,1,0,,,1,0,0,0,0,0,0
O.O=C1O[Bi]Oc2ccccc21,0,0,0,0,0,0,0,0,0,0,1,0
CCCCCCCCc1ccco1,,0,0,0,0,0,0,0,0,0,0,0
CCCCCC/C=C\CC(=O)O,,0,0,0,0,0,0,0,0,0,0,0
CC(=O)[C@@]1(O)CC[C@H]2[C@@H]3C=C(C)C4=CC(=O)CC[C@]4(C)[C@H]3CC[C@@]21C,0,0,0,0,0,0,0,0,0,0,1,0
Cc1coc2c1CC(C)CC2,0,1,0,0,1,0,1,1,0,,0,0
CC(C)[C@@H]1CC[C@@H](C)C[C@H]1OCC(C)(O)CO,0,0,0,0,0,1,0,0,0,0,0,
Cc1ccccc1OC(=O)Cc1ccccc1,0,,,0,,0,0,0,,0,,0
CC(=O)O/C=C\c1ccccc1,0,1,0,,0,0,0,,0,0,0,1
CCC/C=C/COC(=O)C(C)CC,0,0,0,,0,,0,0,0,0,0,0
CCOC(=O)Oc1ccc(C)cc1,1,0,1,0,0,,0,0,0,0,0,0
CC(C)COC(=O)CCc1ccco1,0,,,1,0,0,0,,0,,0,
CCC(C)(O)CC,0,0,0,,,1,0,,0,0,0,0
CC(=O)OC[C@@H](OC(C)=O)[C@@H](OC(C)=O)[C@H](OC(C)=O)[C@H](C=O)OC(C)=O,0,0,0,0,0,0,0,0,0,0,1,0
CC1OC(C)OC(C)O1,0,,0,,,,0,,0,0,0,1
C=C(C)[C@@H]1CC[C@@H](C)C[C@H]1O,0,,,,,1,,,0,0,0,
COC(=O)C1OC1(C)/C=C/C1C(C)=CCCC1(C)C,0,,1,1,0,0,0,0,0,0,0,0
CCc1nccs1,0,0,0,,0,1,1,0,0,0,0,0
CCOC(=O)C1OC1c1ccc(OC)cc1,0,0,1,,,1,0,0,0,0,0,0
O=C(O)C(=O)CO,0,,0,,1,0,0,0,0,,0,
CC1=CCC(/C=C/C(C)C(C)O)C1(C)C,1,,0,0,0,,0,1,0,0,0,0
CCCCCCCC(=O)OCC(C)C,,0,,,0,,0,,0,0,0,0
CCC(C)SC(=O)C(C)CC,0,0,0,,1,1,0,0,0,0,0,0
OCCCCc1ccccc1,0,,1,0,0,,0,0,0,0,0,0
CCC1(O)C2(C)CCC(C2)C1(C)C,,0,0,0,1,,0,1,0,0,0,0
O=Cc1ccco1,,1,0,,,0,1,,0,,0,
CC(C)CCOC(=O)c1ccco1,0,1,,,0,0,0,0,0,,0,0
CCCSCCC,0,0,0,,1,1,0,0,0,0,0,1
O=C1OCCCCCCCCCCO1,0,0,1,0,1,1,0,1,0,0,0,0
SCc1ccccc1,,,0,,,,0,0,0,,,
CC(C)C/C=C(/CO)C(C)C,0,0,,0,0,1,0,1,0,0,0,
C=CCOC(=O)CCCCCCCC,,,,1,0,0,,,0,,0,0
CCCc1ccc(O)cc1,0,0,0,,1,0,,0,0,0,0,
CCCCCCC(=O)CSC,,0,0,1,1,0,0,0,0,,0,0
NC(=O)N/N=C/c1ccc([N+](=O)[O-])o1,0,0,0,0,0,0,0,0,0,0,1,0
CCC(=O)OC1CCCCCCCCCCC1,,0,0,,0,0,0,1,0,0,0,0
COc1ccc(/C=C/C(=O)NCCc2ccc3c(c2)OCO3)cc1OC,0,0,0,0,0,0,0,0,0,1,0,0
CCCCC/C=C\C(=O)O,,,0,0,1,0,0,0,0,,0,0
Cc1coc(C(=O)c2cccs2)c1C,,0,0,0,1,0,0,0,0,,0,0
C(=C\C1OCCO1)\c1ccccc1,0,,0,0,0,0,0,0,0,0,0,1
CCCCCCCCCC1CCC(=O)CC1,1,0,1,0,0,0,0,1,0,0,0,0
CCc1ccsc1CC,,0,0,0,1,0,0,0,0,1,0,0
COc1cnc(C)cn1,0,0,0,0,0,0,1,0,0,1,0,0
CCCCCCCCCCC(OC=O)C(=O)OC,,1,0,1,0,0,0,0,0,,0,0
CC1CCC(=O)O1,0,1,0,,0,1,,,0,0,0,
CC12CCC(C1)C(C)(C)C2=O,0,,0,0,,1,0,,,0,0,
C=C(C)[C@@H]1CC[C@H](C)C(=O)C1,0,0,0,0,0,1,0,0,0,0,0,
CCCCC/C=C/CCCCC=O,,0,0,1,0,0,0,0,0,0,0,0
O=C(OC1CCCCC1)c1ccccc1O,0,,1,0,0,1,0,0,1,0,0,
CCC(S)C(=O)OC,0,1,0,1,,1,0,0,0,0,0,0
Cc1ccc(O)cc1,,,,,,,,,,0,0,
CC(C)CC=C(CO)C(C)C,0,0,0,0,0,1,0,1,0,0,0,
CCCC12CCC3(C1)C(CCCC3(C)C)C2=O,1,0,0,0,0,0,0,1,1,0,0,0
CC1=CC[C@H](C(C)C)CC1=O,0,0,0,0,0,1,0,0,0,0,0,
CCC=CCCC(C)=O,,0,0,0,0,1,0,1,0,0,0,0
CC(=O)/C=C/C1C(C)=CCCC1(C)C,0,,1,,0,0,0,,,0,0,0
CCCCC=CC(C)=O,0,,0,1,0,,0,,0,0,0,
CC1=CCCCC1,0,0,0,1,0,0,0,,,0,0,0
CCCC=CC=CC=O,,0,0,,0,1,0,0,0,0,0,0
COc1ccc2ccccc2c1,0,,1,1,,,0,0,0,0,0,0
CCCCOC(=O)c1ccccc1C(=O)OCC(CC)CCCC,0,0,0,1,0,0,0,0,0,0,0,0
C=CC(C)(O)CCC=C(C)CCC=C(C)C,0,0,1,1,0,1,0,1,0,0,0,0
CCOCCCO,0,0,0,,0,0,0,0,0,0,0,0
CCCC(=O)OCC(C)=CCCC1(C)C2CC3C(C2)C31C,0,0,1,,0,0,1,1,1,0,0,0
CC(C)=CCCC(C)=CC(C)(C)O,0,0,0,1,0,1,0,1,1,0,0,0
CCCCCC(C)OC(C)=O,0,,0,,0,,0,0,0,0,0,
C=C(C)[C@H]1CCC2=CC(=O)C[C@H](C)[C@@]2(C)C1,0,,0,,,0,0,,,0,0,0
CCCCCCCCCCCC(=O)OC(O)C(CO)OCCCCCCCCCC,0,0,0,,0,0,0,0,0,0,0,0
COc1cc(CNC(=O)CCCC/C=C/C(C)C)ccc1O,0,0,0,0,,,0,0,0,0,0,0
CC(C)=CCC/C(C)=C\COC(=O)C(C)C,0,1,,,0,,0,0,0,0,0,0
Cc1ccc(OC(=O)c2ccccc2)cc1,0,0,1,0,0,,0,0,0,0,0,
CC1=CC(C)C(C(=O)C(C)(C)C)CC1,0,0,,1,0,1,0,0,0,0,0,
CCc1cnc(C)s1,0,1,0,,1,,,0,0,1,0,0
CCOC(=O)OC(C)OC1=C(C(=O)Nc2ccccn2)N(C)S(=O)(=O)c2ccccc21,0,0,0,0,0,0,0,0,0,0,1,0
CC(C)[C@H](C)S,,1,0,0,1,0,0,0,0,1,0,0
CC(=O)/C=C/[C@H]1C(C)=CC[C@@H](C)C1(C)C,0,,1,,0,0,0,1,0,0,0,0
CC1C(=O)C2CC1C(C)(C)C2,0,0,0,0,1,1,0,1,,0,0,0
C=CCc1ccc(OC=O)c(OC)c1,0,,1,0,0,,0,1,0,0,0,
C=CC(C)(C#N)Cc1ccccc1,0,1,0,0,1,1,0,0,0,0,0,1
COc1ccc(CCCO)cc1,0,,1,0,0,1,0,0,0,0,0,1
CC1CCC(=O)CC1,,0,0,0,1,,0,,0,0,0,
CCCCCc1cccc(=O)o1,,1,0,1,0,,1,,0,,0,0
CSCCCC(N)=O,,1,0,0,0,0,0,0,0,,0,0
CCOCOCC,0,,0,0,,0,0,0,0,0,0,0
COCCOCCO,0,0,0,0,1,0,0,,0,0,0,0
C=CC(C)=CCC=C(C)C,0,0,1,1,0,1,0,1,0,0,0,0
CC(O)COCC(C)O,0,0,0,,0,0,0,0,0,0,0,0
O=C1CCCCCCCCCC(=O)OCCO1,1,0,0,0,0,0,0,0,0,0,0,0
O=[Cr]O[Cr]=O,0,0,0,0,0,0,0,0,0,0,1,0
O=C(O)c1cccnc1,0,0,0,0,0,0,0,0,0,0,1,0
O=C(c1ccccc1)c1cccc2ccccc12,1,0,1,1,0,,0,0,1,0,0,0
CCCCC/C=C\CCCCCCC=O,,,,,0,,,0,0,0,0,0
C=CCO,0,0,0,,1,0,0,0,0,0,0,
CCC#CC(=O)C(OC)OC,0,1,0,0,1,1,0,1,0,0,0,
O=COCC(OC=O)c1ccccc1,0,0,0,,0,1,0,0,0,0,0,0
CC[NH+](CC)CCOC(=O)c1ccc(N)cc1Cl.[Cl-],0,0,0,0,0,0,0,0,0,0,1,0
CC([O-])CO.CCCCCCCCCC(=O)CC(=O)O,,0,0,0,0,0,0,0,0,0,0,0
C=C[C@]1(C)CC[C@@H](C(C)(C)O)O1,0,0,1,,0,0,0,0,0,0,0,0
C=C(CCCCCCC)C(C)O,0,0,1,1,0,0,0,0,0,0,0,0
CO[C@H]1[C@@H](O)[C@@H](CO)OC(OC2C3CO[C@H]2[C@H](O)C(C)O3)[C@@H]1O,0,0,0,0,0,0,0,0,0,0,1,0
CCCCCC(C=O)=Cc1ccccc1,0,,,,0,,0,0,0,0,0,0
CCCCCCCCCCOC(=O)c1ccccc1N,0,1,1,1,0,,0,0,0,0,0,0
CC=Cc1ccc(OCC)c(O)c1,0,1,0,0,1,1,0,1,0,0,0,1
C=C(C)CCO,0,1,0,,0,,0,0,0,0,0,0
CCCCC=C1CCCCC1=O,0,0,1,0,0,0,0,0,0,0,0,1
CCC(C)COC(=O)CC(O)C(=O)OCC(C)CC,,0,,1,,0,0,,0,0,0,0
C=CC(O)C/C=C/CC,0,0,0,0,,,0,1,0,0,0,0
CCOC(=O)CC(=O)CCc1ccccc1,0,0,1,,0,0,0,0,1,0,0,0
CCCCC(=O)OCC=Cc1ccccc1,0,0,1,0,0,1,0,0,0,0,0,0
C=C1[C@@H]2CC[C@@H](C2)[C@]1(C)CC/C=C(\C)CO,0,,0,0,0,,0,1,0,0,0,0
CCC=CCSSSSCC=CCC,0,0,0,0,0,1,0,1,0,0,0,0
CC(C)C(=O)C(=O)[O-].[Na+],0,0,0,,0,0,0,0,0,0,0,0
CCc1ccc(O)c(OC)c1,,,0,,,0,,,,,0,1
c1ccc(CCCc2ccccn2)cc1,0,0,,,,1,0,1,0,0,0,
CC1=CC2(C=CC(C)O2)C(C(C)C)CC1,0,0,0,1,,,0,0,0,0,0,0
CC(=O)OC(CCC(C)C)c1ccccc1,0,0,1,0,0,1,0,0,0,0,0,0
CC(C)=CCC/C(C)=C/COC(Cc1ccccc1)OC/C=C(\C)CCC=C(C)C,0,0,1,1,0,1,0,0,0,0,0,0
CC1(O)CCC2C(=CCCC2(C)C)C1,1,0,0,0,,,0,,,0,0,0
CCOC(=O)C(CC)OC(C)=O,0,0,0,,0,1,0,0,0,0,0,
CC(=O)O[C@@]12CCC[C@@](C)(CC[C@@H]3[C@@H]1CC3(C)C)C2,0,0,0,,0,0,0,1,0,0,0,1
CC(=O)c1ccncc1,0,1,0,0,1,0,0,0,0,,0,0
CC(N)=O,,0,0,0,,0,0,0,0,0,,0
CCCCCC(=O)CCC,0,0,0,,0,1,0,0,0,0,0,0
O=C1CC(c2ccc(O)c(O)c2)Oc2cc(O)cc(O)c21,0,0,0,0,0,0,0,0,0,0,1,0
C=CC1CN2CCC1CC2[C@H](O)c1ccnc2ccc(OC)cc12.Cl.O.O,0,0,0,0,0,0,0,0,0,0,1,0
CCC(C)COC(=O)c1ccccc1O,0,,1,0,0,1,0,,1,0,0,0
CCCCC(C)OC(C)=O,0,,0,1,1,0,0,0,0,0,0,0
Cc1ccccc1C(O)O.OCC(O)CO,0,1,0,,,,1,0,0,0,0,0
CCCCCC#CC(=O)OCCCCCCCC,,0,0,0,0,1,0,0,0,0,0,0
CC(C)=C[C@H]1C[C@@H](C)CCO1,0,0,1,0,0,1,0,0,0,0,0,0
Cc1ccncc1,,1,0,0,,,0,0,0,,0,0
CC(=O)SC1CCOC1C,,0,0,0,1,0,0,0,0,1,0,0
CC/C=C/CCOC(CC)OC,0,0,0,,,1,0,0,0,0,0,0
COc1ncc(C)nc1C,0,0,0,0,,0,0,1,0,0,0,0
CCC(C)C(=O)OCCc1ccccc1,0,,1,,0,1,0,0,0,0,0,0
O=C1C=C2C(=CCOC2O)O1,0,0,0,0,0,0,0,0,0,0,1,0
CC[C@H](C)CC=O,0,0,0,,1,1,0,0,0,0,0,0
CC(=O)OCCCC(C)c1ccccc1,0,0,1,,0,1,0,0,0,0,0,0
CC(C)C1CCCCC1.CCO,0,0,1,0,1,1,0,1,0,0,0,0
O=C1CCCCCC1,0,0,0,0,0,1,0,0,0,0,0,
CCCCC(CC)C(=O)OCC(C)CC,,0,0,0,0,0,0,0,0,0,0,0
O=C1C(O)=C(O)OC1C(O)CO,0,0,0,0,0,0,0,0,0,0,1,0
CCCC[C@H](C)O,0,,0,1,,1,0,1,0,0,0,0
CC(C)(C)C(=O)OCc1ccccc1,0,0,1,0,0,1,0,0,0,0,0,1
CC(C)[C@H]1CC[C@H](C)CC1=O,0,0,0,0,0,1,0,0,0,0,0,
CCCCCC(=O)OCCC,0,,,,,,0,,0,0,0,0
CCCCCOC(=O)c1ccccc1O,0,,1,,0,1,0,0,,,0,0
CC(=O)OC(C)CC/C=C(\C)CCC=C(C)C,0,1,0,1,,1,0,0,0,0,0,0
CCCCC=CCC(=O)O,,0,0,0,0,0,0,0,0,0,0,0
CCC(=O)SCc1ccco1,0,1,0,,1,,0,0,0,1,0,
CC(=O)CCS,,0,0,,,0,0,0,0,,0,0
CCCOC(=O)CCC,,,,,,0,0,,0,0,0,0
CCC(C)C=O,,,0,,,,,,0,,0,0
CCc1nc(C)c(C)o1,0,,0,1,,1,0,1,0,0,0,0
CCCCCC=CC(=O)OCCC,,0,0,0,0,0,0,0,0,0,0,0
CCCSS(=O)(=O)CCC,0,0,0,,1,,0,0,0,1,0,0
CC=C(C)C(=O)OCCCCCC,0,0,0,,0,1,0,0,0,0,0,0
CCCCCCCC1CCCC(=O)O1,,,,,,,,,0,,0,0
Cc1ccc(OC(=O)Cc2ccccc2)cc1,,,,0,0,,0,0,0,0,0,0
CCCCC(CC)C(=O)OCc1ccccc1,0,0,0,,0,1,0,1,0,0,0,0
CC(C)C/C=C(/C=O)c1ccccc1,0,1,0,,,,,0,0,,0,0
CC1SCCS1,0,0,0,,1,0,0,,,,0,0
C=CCCCCO,,0,0,0,,1,0,0,0,0,0,0
CC/C=C\CC(OCC)OCC,0,0,0,1,0,1,0,0,0,0,0,
FC(F)(Cl)CCl,0,0,0,0,0,0,0,0,0,0,1,0
CCc1c([N+](=O)[O-])cc(C(C)(C)C)c(OC)c1[N+](=O)[O-],1,0,0,0,0,0,0,0,1,0,0,0
COC(=O)C1CCCCC1,,,,1,0,,0,0,0,0,0,
CCCCCCC(C)C=O,,0,1,,,,0,0,0,0,0,0
C=C1C(=O)CC2CC1C2(C)C,0,0,0,0,,1,0,0,0,0,0,
CC(C)CC(=O)CO,0,0,0,,,0,0,0,0,0,0,0
C/C=C/C(=O)OC,0,0,0,,0,1,0,0,0,0,0,0
C/C=C\CCCOC(C)=O,0,,0,1,0,1,0,0,0,0,0,0
CCCCCC(=O)OCC(C)O,0,0,0,,,1,0,0,0,0,0,0
CCCCCC(=O)OC(CCCC)C(=O)OCC,0,1,0,,0,0,0,0,0,0,0,0
CCCCCCCCCCCC(=O)OCCCC,,,0,,,0,,0,0,0,0,0
CCCCCCCC=CC(C)=O,0,0,0,,0,1,0,0,0,0,0,0
CC1(C(=O)O)CCC2(C)CCC3(C)C(=CC(=O)C4C5(C)CCC(OC6OC(C(=O)O)C(O)C(O)C6OC6OC(C(=O)O)C(O)C(O)C6O)C(C)(C)C5CCC43C)C2C1.N,0,0,0,0,0,0,0,0,0,0,1,0
CC1COC(Cn2cncn2)(c2ccc(Oc3ccc(Cl)cc3)cc2Cl)O1,0,0,0,0,0,0,0,0,0,0,1,0
CCCCCCCC=C(C=O)CCCCCC,0,0,0,1,,0,0,0,0,0,0,0
Cc1cc(C)cc(C)c1,0,,0,0,,1,0,0,0,0,0,1
CC1CC(C)C(=O)C1=O,0,1,0,,,0,,,0,,0,
CC(=O)SC1CC(C)OC1C,,0,0,0,1,0,0,0,0,1,0,0
CC(C)C(=O)OC(C)(C)c1ccccc1,,,0,,0,,0,0,0,0,0,0
CCCCCC(CC)OC(=O)CCC,0,0,0,,,1,0,,0,0,0,0
CC(C)(c1ccc(O)cc1)c1ccc(O)cc1,0,0,0,0,1,0,0,0,0,0,0,0
CCCCC/C=C/C=C/C(C)=O,,0,0,,0,,0,0,0,,0,0
CCOC(=O)C(C)(O)CC,0,,0,,0,,,,0,,0,
[Ne],0,0,0,0,0,0,0,0,0,0,1,0
C=CCc1ccc(OC(=O)c2ccccc2)c(OC)c1,0,0,0,0,0,0,0,0,1,0,0,
COC.Oc1cccc(O)c1O,0,0,0,,1,0,,1,0,0,0,
CC1=NC(C)OC1C,0,1,0,,1,1,1,1,0,,0,0
CCC1(O)C2(C)CCCC1(C)CC2,,0,0,0,,0,0,1,0,0,0,0
CCOC(CCc1ccccc1)OCC,0,0,1,0,0,0,0,0,0,0,0,1
O=C(O)c1ccccc1O,0,0,0,0,,0,,0,0,0,,0
CC/C=C/CC=O,0,0,,,,1,0,0,0,0,0,0
CC(C)OC(=O)CCCCCCCCC(=O)OC(C)C,0,0,0,0,,0,0,0,0,0,0,0
O=C([O-])[C@H](O)[C@@H](O)[C@H](O)[C@H](O)CO.O=C([O-])[C@H](O)[C@@H](O)[C@H](O)[C@H](O)CO.[Ca+2],0,0,0,0,0,0,0,0,0,0,1,0
O=C/C=C\c1ccccc1,0,,0,0,0,0,0,0,0,0,0,1
COC(=O)c1ccccc1N=Cc1ccc(OC)cc1,0,1,1,,0,1,0,,0,0,0,0
CC(=O)c1cc2c(cc1C)C(C)(C)C(C)CC2(C)C,1,,0,,,0,0,,,0,0,0
CC1(C)CC2C3CCCC(C)(C3O)C2C1,0,0,0,0,,,0,1,,0,0,
O=c1ccc2ccccc2o1,0,1,0,0,,,,0,0,0,0,
C=CC(O)CCCCCC,0,,0,1,,,0,1,0,0,0,
COC(OC)OC,0,,,1,,0,0,,0,,0,0
CC(=O)OCC(C)c1ccccc1,0,,1,,,1,0,1,0,0,0,0
C/C=C\C(=O)CC,0,1,0,1,1,1,0,,0,0,0,1
CC1CCC2C(C1)C(C(C)C)CCC2(C)O,1,0,0,0,1,0,0,1,1,0,0,0
CC(=CCC(C)C=O)C(C)C,0,0,0,1,1,1,0,0,0,0,0,0
CC(=O)OC(C(C)=O)C(O)CO,0,0,0,0,0,0,0,0,0,0,1,0
CCCCOC(=O)CCC(C)=O,,,0,,0,,0,0,0,,0,0
CCCCC(=O)CCCC,0,,,,0,,0,0,0,0,0,
CCCCCCCCC(OC)OC,0,0,,1,,1,0,0,0,0,0,0
CCCCCCN,0,0,0,0,1,0,0,,0,0,0,0
C=CCSC(=O)CC,0,,0,,1,1,0,0,0,0,0,1
C=C1CC[C@H]2[C@@H]([C@H]3C(C)CC[C@@H]13)C2(C)C,0,0,0,,0,0,0,0,0,0,0,0
COC(=O)C=C(C)C,0,1,1,1,,1,0,0,0,0,0,1
CCCC(=O)C(S)CC,0,0,0,1,,1,0,0,0,0,0,0
CCCCCCCC/C=C/CCCCCCCC(=O)OCCOCC(OCCO)C1OCC(OCCO)C1OCCO,0,0,0,,0,0,0,0,0,0,0,0
CCCCCCCCOC(C)=O,,0,,1,,1,0,,0,0,0,0
CC(C)COC(=O)c1ccccc1O,0,,1,0,0,1,0,,0,0,0,
O=C(CCO)OCCc1ccccc1,0,1,,,,0,0,0,0,0,0,0
CCCCCCCC=CC=CC=CC=O,,0,0,0,0,0,0,0,0,0,0,0
COc1ccc(C)cc1C,0,0,0,0,0,1,,,0,0,0,
CCOC(=O)CC(O)c1ccco1,0,,1,0,0,1,0,1,0,0,0,0
O=P([O-])([O-])F.[Na+].[Na+],0,0,0,0,0,0,0,0,0,0,1,0
C=CCSSC=CC,0,0,0,,1,1,0,0,0,0,0,1
Cc1ccccc1N1C(=O)c2cc(S(N)(=O)=O)c(Cl)cc2NC1C,0,0,0,0,0,0,0,0,0,0,1,0
CCC(=O)OC(C)c1ccccc1,0,1,1,,,1,0,,0,0,0,0
C/C=C/c1ccc(OC)cc1,0,,,,,,,,0,0,0,1
FC(F)=C(F)C(F)(F)F,0,0,0,0,0,0,0,0,0,0,1,0
CC(S)CCCN,0,0,0,0,0,0,0,0,0,0,1,0
C=CCSC,0,0,0,,1,1,0,0,0,0,0,1
CC(=O)C(C)O,,,0,,,,0,,0,,0,0
CC(C)CCCCC=CC=O,,0,0,1,0,0,0,1,0,0,0,0
CCOC(C)/C=C/C1=C(C)CCCC1(C)C,,,1,1,0,0,0,1,0,0,0,0
OC[C@H]1O[C@@H]2O[C@H]3C(O)[C@@H](O)[C@@H](O[C@H]4[C@H](O)[C@@H](O)[C@@H](O[C@H]5[C@H](O)[C@@H](O)[C@@H](O[C@H]6[C@H](O)[C@@H](O)[C@@H](O[C@H]7[C@H](O)[C@@H](O)[C@@H](O[C@H]8[C@H](O)[C@@H](O)[C@@H](O[C@H]1[C@H](O)[C@H]2O)O[C@@H]8CO)O[C@@H]7CO)O[C@@H]6CO)O[C@@H]5CO)O[C@@H]4CO)O[C@@H]3CO,0,0,0,0,0,0,0,0,0,0,1,0
CC(=O)OCC[C@@H]1CC=C(C)C1(C)C,0,,,,,1,0,,0,0,0,
C=CCSSSSC,0,0,0,,1,1,0,0,0,0,0,1
C=C/C(C)=C/C=C/C(C)C,0,0,1,0,0,1,0,0,0,0,0,0
CCc1nccnc1SC,,0,0,,,,,,0,1,0,0
C=CCC(=O)c1ccc(O)c(OC)c1,0,1,0,0,0,0,0,0,0,0,0,0
O=C([O-])O,0,0,0,0,0,0,0,0,0,0,1,0
Cc1cccc2cccnc12,1,1,1,0,0,0,0,0,0,0,0,0
CCCCCCCC/C=C/CCCCCCCCO,,0,0,0,0,0,0,0,0,0,0,0
O=C1CCC/C=C\CCCCCCCCCC1,1,0,0,0,0,0,0,0,1,0,0,0
CC(=O)OC1CCC2C(C)(C)CCCC2(C)C1,1,0,0,0,0,0,0,1,1,0,0,0
CC1(C)C2=CCCC(C)(C)C23CCC1C3,,0,0,0,0,0,0,1,,0,0,0
CC(=O)OCC(C)C,0,,,,,,0,0,0,0,0,0
CCCC(CC=O)SC,,1,,0,,1,0,0,0,,0,0
C[C@H]1CCc2nccnc21,,1,0,1,0,0,1,1,0,1,0,0
CCCCOCCc1ccccc1,0,,1,1,,1,0,,0,0,0,
OCCOCCOCCO,0,0,0,0,,0,0,0,0,0,,0
C[C@H]1O[C@H](O[C@@H]2[C@@H](O)C[C@@H](O[C@@H]3[C@@H](O)C[C@H](O[C@H]4CC[C@]5(C)[C@H](CC[C@H]6[C@@H]5CC[C@]5(C)[C@H](C7=CC(=O)OC7)CC[C@]65O)C4)O[C@@H]3C)O[C@@H]2C)C[C@H](O)[C@H]1O,0,0,0,0,0,0,0,0,0,0,1,0
CCc1ccccn1,0,0,0,0,,1,0,,,0,0,0
COC(CCc1ccccc1)OC,0,0,1,,0,1,0,,0,0,0,0
CC(=O)[O-].[Tl+],0,0,0,0,0,0,0,0,0,0,1,0
O=C1O[C@H]([C@@H](O)CO)C(O)=C1[O-],0,0,0,0,0,0,0,0,0,0,1,0
C/C=C(\C)COC(C)=O,0,,0,1,0,1,0,0,0,0,0,0
CCCC(=O)OC[C@@H](O)c1ccccc1,0,0,1,,0,1,0,0,0,0,0,0
CCCCCOCCCCC,0,0,0,1,,1,0,0,0,0,0,0
COc1ccc(CCC(=O)c2c(O)cc(O[C@@H]3O[C@H](CO)[C@@H](O)[C@H](O)[C@H]3O[C@@H]3O[C@@H](C)[C@H](O)[C@@H](O)[C@H]3O)cc2O)cc1O,0,,0,,0,0,0,0,0,0,,0
CCc1cncc(C)n1,,,0,,,0,,0,0,,0,0
C/C=C/C(=O)C1C(C)=CCCC1(C)C,0,,,,,,0,,,0,0,
CC1CCCC(=O)O1,0,1,0,,0,,,0,0,,0,0
CCCCCCCCCC,0,,0,0,,0,0,0,0,0,0,0
CCCOC(=O)C(C)CC,0,,,,,,0,,0,0,0,0
C=C/C=C/C=C\CCC(=O)CC,0,0,1,,0,0,0,0,1,0,0,0
Oc1ccc(Cl)cc1Cc1cc(Cl)ccc1O,0,0,0,0,0,0,0,0,0,0,1,0
CC(=O)OC/C=C(\C)CC/C=C(\C)CCC=C(C)C,0,0,,,0,,0,0,0,0,0,0
CC(C)CCCCCCCCCCO,0,0,1,0,0,0,0,0,0,0,0,0
COC(=O)C1OC1(C)C=CC1C(C)=CCCC1(C)C,0,,,,0,0,0,,0,,0,0
O=P([O-])(O)O.[NH4+],0,0,0,0,0,0,0,0,0,0,1,0
CC(C)=CCCC(C)CCOCC=O,0,,1,,,,0,0,0,0,0,0
CCC(=O)C(C)(C)C,0,0,0,0,1,1,0,0,0,0,0,
C=CC(C)(C)O,0,0,0,,,1,0,,0,0,0,0
CC(C)(S)CC=O,0,0,0,0,1,0,0,0,0,1,0,0
CCOC(=O)C(=O)C(C)CC,0,0,0,0,0,,1,1,0,0,0,0
C/C=C(\C)C(=O)OCCCCCC,0,0,,,0,1,0,,0,0,0,0
CCCCCCCC1CCCO1,0,0,1,,,,0,0,0,0,0,0
CCCCSSCCCC,0,0,0,,1,,0,0,0,0,0,0
C[C@]12C=CC(=O)C=C1CC[C@@H]1[C@@H]2C(=O)C[C@@]2(C)[C@H]1CC[C@]2(O)C(=O)CO,0,0,0,0,0,0,0,0,0,0,1,0
C/C=C(\C)C(=O)OCC=Cc1ccccc1,0,0,1,0,0,1,0,0,0,0,0,0
C=C(C)C1CCC(C)CC1=O,0,0,0,0,0,1,0,,0,0,0,
CCCCCC=CC=CO,0,0,0,0,0,1,0,0,0,0,0,0
CSSC(C)(C)C=O,,,0,,,,0,,,,0,
CC(C)C1OC(C)(C)OCC1(C)C,0,0,0,,,,0,1,0,0,0,0
CC(C=O)Cc1ccc2c(c1)OCO2,,0,1,,,1,0,0,0,0,0,
CCCCN,,0,0,0,1,0,0,0,0,,0,0
Nc1c(Cl)cc([N+](=O)[O-])cc1Cl,0,0,0,0,0,0,0,0,0,0,1,0
COc1ccc(C=CC=O)cc1OC,0,0,0,0,0,0,1,1,1,0,0,1
CC(=O)OCC(OC(C)=O)c1ccccc1,0,,1,,0,1,0,1,,0,0,0
CCCCOC(C)OCCCC,0,,,,,1,0,,0,0,0,
CSSCc1ccccc1,0,0,0,,,,0,0,0,0,,0
CC(C)CCOCCc1ccccc1,0,,,,,1,0,,0,0,0,0
C/C=C/C=C\COC(=O)CC,0,1,,1,0,0,0,,0,0,0,0
CCCCC(=O)OC,,,0,1,,1,,0,0,0,0,0
OC[C@@H](O)[C@@H](O)[C@H](O)[C@H](O)CO,0,0,0,0,0,0,0,0,0,0,1,0
CCOC(=O)CCCCC(=O)OCC,0,0,,1,0,0,0,,0,0,0,0
CCC1OCCC(C)S1,,,1,1,0,1,0,0,0,0,0,0
O=S(=O)([O-])[O-].[Be+2],0,0,0,0,0,0,0,0,0,0,1,0
CC1CC2C(C/C1=C/CC#N)C2(C)C,0,0,1,0,0,1,0,,0,0,0,0
C=CCOC(=O)CCCC(C)(C)CC,,,,,0,0,0,0,0,0,0,
CC(C)=CCCC(C)=C1CC=C(C)CC1,0,,0,1,0,1,0,1,1,0,0,1
CC(C)[C@H]1CC[C@H](C)C[C@@H]1O,0,0,0,0,0,1,0,0,0,0,0,
O=C([O-])CC(O)(CC(=O)[O-])C(=O)[O-].O=C([O-])CC(O)(CC(=O)[O-])C(=O)[O-].[Co+2].[Co+2].[Co+2],0,0,0,0,0,0,0,0,0,0,1,0
O=C1OC(c2ccc(O)c(S(=O)(=O)[O-])c2)(c2ccc(O)c(S(=O)(=O)[O-])c2)c2c(Br)c(Br)c(Br)c(Br)c21,0,0,0,0,0,0,0,0,0,0,1,0
CCCCCC#CC(=O)OCCC(C)C,,,,0,0,1,0,0,0,0,0,0
CCCCCCCc1ccccn1,0,0,1,0,,1,0,1,0,0,0,0
COC(=O)c1ccc(OC)cc1,0,,,,0,,0,,,,0,
C=CC(C)(CCC1OC1(C)C)OC(C)=O,0,0,1,1,0,1,0,1,0,0,0,
CCCCCc1cccs1,,,0,,,,,,0,,0,0
C/C(=N\NC(=O)Nc1cc(F)cc(F)c1)c1ncccc1C(=O)O,0,0,0,0,0,0,0,0,0,0,1,0
CCCCCCOC(CCCC)OCCCCCC,0,0,0,,,1,0,0,0,0,0,0
CC(C)=CC/C=C(/C)CCO,0,0,1,0,0,0,0,0,0,0,0,0
CC(=O)C=C(C)C=CC1=C(C)CCCC1(C)C,0,0,0,,0,0,0,1,0,0,0,0
COc1cc(C(C)C)ccc1C,0,0,0,,,,0,0,0,0,0,
C=CCC(C)C(=O)O,0,0,0,,1,0,0,0,0,0,0,0
CCCCC/C=C\CCCC(=O)O,,,0,0,0,1,0,0,0,0,0,0
Cc1ccccc1C,0,,,0,,,0,0,0,0,0,
CCC(=O)S,0,0,0,0,1,0,0,0,0,0,0,0
CCCCCCCCC(=O)OCCCCCCC,0,,1,1,0,,0,,0,0,0,0
CCCCCCCCCCCCCCCCO,,0,,,0,0,0,0,0,0,,0
CCCc1nccnc1C,0,,0,0,,0,1,,0,0,0,0
CN(c1c(Br)cc(Br)cc1Br)c1c([N+](=O)[O-])cc([N+](=O)[O-])cc1C(F)(F)F,0,0,0,0,0,0,0,0,0,0,1,0
CC1CC(C)(C)CC(=O)O1,0,0,0,1,,1,1,1,0,0,0,1
C=CCc1ccc(OC(C)=O)c(OC)c1,0,,,,0,,0,,,0,0,1
NC(=O)/N=N/C(N)=O,0,0,0,0,0,0,0,0,0,0,1,0
CCC(C)(C)SSC(C)(C)CC,,0,0,1,1,1,0,0,0,1,0,0
CCCCC(C#N)c1ccccc1,,,,0,0,,0,,1,0,0,0
CCCCCCC/C=C/C(=O)O,,1,0,,0,1,0,0,0,,0,0
COC(=O)c1c(C)cc(O)c(C)c1O,0,0,0,0,,0,0,1,0,0,0,0
CCCCCCOC=O,0,,0,,,,0,0,0,0,0,0
CCCCCCCCCCCCCCCCCCOC(C)=O,,0,0,0,0,0,0,0,0,0,0,0
COC(=O)c1ccccc1C,0,1,1,1,0,,0,,0,0,0,0
C=CCOC(=O)CCC1CCCCC1,0,,0,1,0,,0,0,,0,0,0
CCCCCCCCCCCC(=O)OCC,,,,,0,,0,,0,0,0,
O=C(O)/C=C(/CC(=O)O)C(=O)O,0,0,0,,,0,,0,0,,,0
CCOC(=O)C(C)C(=O)OCC,0,0,0,0,,0,0,0,0,0,0,0
CCC(C)C(O)C(=O)O,0,1,0,,1,0,0,0,0,,0,0
CCOC(C)C=CC1C(C)=CCCC1(C)C,0,0,0,,,0,0,1,0,0,0,0
OCc1ccccc1,0,,,,,,,,,0,,
N[C@@H](CC(=O)O)C(=O)[O-].N[C@@H](CCC[NH3+])C(=O)O,0,0,0,0,0,0,0,0,0,0,1,0
CC(CC(C)(C)C#N)c1ccccc1,0,,,1,,1,0,,0,0,0,
O=P([O-])([O-])[O-].O=P([O-])([O-])[O-].[Mg+2].[Mg+2].[Mg+2],0,0,0,0,0,0,0,0,0,0,1,0
Cc1c(O)ccc([N+](=O)[O-])c1[N+](=O)[O-],0,0,0,0,0,0,0,0,0,0,1,0
CCCCc1nc(C)c(C)s1,,0,0,0,1,1,1,0,0,1,0,0
CCCCC=CCCCCC(=O)OCCC(C)C,0,0,1,0,0,0,0,0,0,0,0,0
O=C[O-].O=C[O-].[Ni+2],0,0,0,0,0,0,0,0,0,0,1,0
Cc1c(Br)c2ccc(F)cc2n1S(=O)(=O)c1ncn(S(=O)(=O)N(C)C)n1,0,0,0,0,0,0,0,0,0,0,1,0
CCCCCCCC(O)CC,,0,,1,1,0,0,,0,0,0,0
O=C([O-])[C@H](O)[C@@H](O)[C@H](O)[C@H](O)CO.O=C([O-])[C@H](O)[C@@H](O)[C@H](O)[C@H](O)CO.[Cu+2],0,0,0,0,0,0,0,0,0,0,1,0
CCCC(=O)OCC=Cc1ccccc1,0,,,,0,0,0,,1,,0,
CC(=O)C1(C)CC=C(C)CC1,0,0,0,,0,,0,0,0,0,0,
C/C=C/C(=O)[C@@H]1[C@@H](C)C=CCC1(C)C,0,,1,,,,0,0,0,0,0,0
O=[Cr](=O)([O-])[O-].[Li+].[Li+],0,0,0,0,0,0,0,0,0,0,1,0
CCC(=O)OCC(C)OC(=O)CC,0,0,,1,0,0,0,,0,0,0,0
F[Si](F)(F)[Si](F)(F)F,0,0,0,0,0,0,0,0,0,0,1,0
CCCCCCCCCCCCC1CCC(=O)O1,,,0,0,0,0,0,0,0,0,0,0
CC(C)=CCCC1(C)C2CC=C(C)C1C2,0,,0,0,0,1,0,1,0,0,0,0
CC(C)[C@H](N)C(=O)O,0,0,0,0,0,0,0,0,0,0,1,0
CC(C)CCCCOC(=O)C(C)C,0,0,,1,0,1,0,,0,0,0,0
CC(C)CC(=O)OCCc1ccccc1,,,1,,0,,0,0,,0,0,0
CC(=O)OCCCCCCCS,0,,0,1,0,1,0,0,0,0,0,0
CC(C)C(=O)OC1CC2CC1C1CC=CC21,,1,1,0,0,1,0,1,0,0,0,0
CC1=CC[C@@H](C(C)(C)O)CC1,0,,1,0,0,,0,0,0,0,0,0
CCCCCCCOC(C)C,0,0,0,1,,1,0,0,0,0,0,0
C=C(C)C1CCC2(C)OC2C1,0,,0,,0,,0,0,0,0,0,
CC=Cc1cc(OC)c2c(c1OC)OCO2,0,0,0,0,0,1,0,1,0,0,0,0
CC1CCCCCCCCCCCCCC1=O,1,0,0,0,0,0,0,0,0,0,0,0
CCCCCOC(=O)CCCCC,,,0,,0,,0,,0,,0,0
CCCCCOC(=O)CCC,,,0,1,,0,0,0,0,0,0,0
CSC(=O)CC(C)C,0,,0,1,1,0,0,,0,0,0,0
CC(=O)OCCCCS,0,0,0,,1,0,1,0,0,0,0,0
C[C@@H]1C[C@H](O)CC(C)(C)C1,0,0,0,0,0,1,0,,0,0,0,
CC(C)OC(=O)Cc1ccccc1,0,1,,,,,0,,0,,0,0
CC(C)=CCC/C(C)=C/CO,,,1,,0,,0,0,0,0,0,0
CCCCOC(=O)C(C)C,0,,0,,,,0,0,0,0,0,0
O=CCCCc1ccccc1,0,0,1,,0,0,0,0,0,0,0,0
CCCCCCCCCOC(=O)c1ccccc1N,0,,,,0,,0,,0,0,0,0
CCCC(=O)OCC,0,,0,1,,0,0,,0,,0,0
Cc1ccc(CS)o1,0,,0,0,1,0,0,0,0,1,0,0
CSC(C)S,,0,0,,,,0,0,0,,0,
C#CC1(OC(C)=O)CCCCC1C(C)CC,1,,0,0,0,0,0,1,1,0,0,0
CC1=CCC(C(C)(C)OC(=O)C(C)C)CC1,,0,1,,0,,0,0,,0,0,
CCS(=O)(=O)c1nc2ccccn2c1S(=O)(=O)NC(=O)Nc1nc(OC)cc(OC)n1,0,0,0,0,0,0,0,0,0,0,1,0
CCCCCCCCOCC(=O)OCC,,0,1,,0,0,0,0,0,0,0,0
C=CCCCCCCCC(C)=O,,0,0,1,0,,0,0,0,0,0,0
CC(OC=O)C1CCCC(C)(C)C1,0,0,0,1,0,,0,1,,0,0,0
CC=Cc1ccccc1O,0,,0,0,1,1,0,0,0,0,0,1
CCCCCC1COC(=O)CO1,0,,,1,,0,0,,0,,0,0
O.O.O.O.O=[As][O-].O=[As][O-].[Sr+2],0,0,0,0,0,0,0,0,0,0,1,0
CCCCCCOC(C)OCCC(C)C,0,,0,,,,0,0,0,0,0,0
CC1(C)[C@@H]2CC[C@@]1(C)[C@H](O)C2,0,,0,0,,1,0,,,0,0,0
CCCCC1(CCCC)CCC(=O)O1,0,,0,,0,0,,0,0,,,0
NS(=O)(=O)c1cc2c(cc1Cl)NC(C1CC3C=CC1C3)NS2(=O)=O,0,0,0,0,0,0,0,0,0,0,1,0
CCOCc1ccccc1,0,0,0,,0,0,0,0,0,0,0,0
CBr,0,0,0,0,0,0,0,0,0,0,1,0
CCC(=O)C=Cc1ccc(OC)cc1,0,1,,,0,,,0,0,,0,
CC(C)(C)O,0,0,0,0,1,,0,0,0,0,0,
CC1=NC(C)SC1,,0,0,1,0,0,1,0,0,1,0,0
C=C(C)CCC(C)=O,,,0,1,,1,0,0,0,0,0,0
CCCC1OC1C=CC=O,0,0,0,0,,0,0,0,0,0,0,0
N#C[S-].N#C[S-].[Hg+2],0,0,0,0,0,0,0,0,0,0,1,0
NC(N)=NCCC[C@H](N)C(=O)O,0,0,0,0,0,0,0,0,0,0,,0
C=C/C(C)=C/CC(C)(C)/C(=N\O)C(C)C,0,0,1,1,,1,0,0,0,0,0,
CC1NC(C)SC(C)S1,,0,0,,,0,,,0,,0,0
CC1(C)C[C@H]2[C@H]1CC[C@]1(C)CCC[C@@]2(O)C1,0,0,0,0,,0,0,1,,0,0,1
CC(=O)CO,0,1,,,,,0,,0,,0,0
CC(=O)CCC(=O)OCc1ccccc1,0,,0,,0,0,0,0,0,,0,0
CCO,0,,,,,0,,,0,0,0,
C=C(C)C1CC=C(C)CC1,0,0,0,,,,0,,,0,0,
CC(=O)C(S)C(C)C,0,0,0,1,,,0,0,0,0,0,0
C=CC(C)(O)CCC=C(C)C,0,,1,,,,0,,0,0,0,
C=CC/C=C/CCC(=O)OC,0,0,0,1,0,,0,0,0,0,0,0
CCCCCCCCCC(C)C=Nc1ccccc1C(=O)OC,0,0,1,,0,,0,0,0,0,0,0
CC(=O)/C(C)=C/c1ccccc1,0,,0,,1,1,0,0,0,0,0,0
O.O.O=S(=O)([O-])[O-].[Ca+2],0,0,0,0,0,0,0,0,0,0,1,0
CCOC(=O)COCc1ccccc1,0,0,1,0,0,0,0,0,0,0,0,0
CC(=O)OCC=Cc1ccccc1,0,,1,,0,0,0,0,1,0,0,1
CCCCCC/C=C\C=O,,0,1,1,0,1,0,1,0,0,0,0
C=C[C@@H](O)CCCCCCC,0,0,0,0,,0,0,1,0,0,0,0
COC(=O)CCC(C)C,0,,0,,,0,0,0,0,0,0,0
C=CC(CCCCC)OO,0,0,0,1,,0,0,,0,0,0,0
COc1ccc(C(=O)OCC(=O)O)cc1,0,0,0,0,0,0,0,0,0,1,0,0
COC1=C(C)O[C@H](C)C1=O,0,1,0,0,1,0,0,0,0,,0,0
CCc1ccc(CC(C)(C)C#N)cc1,0,0,0,0,1,1,0,0,0,0,0,
CCC(S)SC(S)CC,0,0,0,,1,1,0,0,0,0,0,1
O=C(CCCCC(=O)Nc1c(I)cc(I)c(C(=O)O)c1I)Nc1c(I)cc(I)c(C(=O)O)c1I,0,0,0,0,0,0,0,0,0,0,1,0
CCCCCC[C@@H](O)C/C=C\CCCCCCCC(=O)O.[Na+],0,0,0,0,0,0,0,0,0,0,1,0
CC1(C)CCCC2(C)OC(=O)C=C12,,,,,0,,0,,0,0,0,0
CCCCCOC(CCC)OCC,0,,0,1,,1,0,,0,,0,0
CC(C)CCC=O,,1,0,,1,1,0,0,0,0,0,0
CCOC(=O)C(=CCC(C)CCC=C(C)C)C(=O)OCC,0,0,0,0,0,0,0,0,0,0,1,0
CC(C)(O)CCCC1=CCCC(C=O)C1,0,0,1,0,1,1,0,0,0,0,0,0
O=C([O-])CCC(=O)[O-].[Na+].[Na+],0,0,0,0,0,0,0,0,0,0,1,0
C#N,0,1,0,0,,,1,,0,0,0,0
COC(=O)CCc1ccco1,0,0,0,,0,1,0,1,0,0,0,0
CCCCCCCCCC=CC=CC=CC=O,,0,0,0,0,0,0,0,0,0,0,0
C=CCCCCCCCCC(OCC)OCC,0,,0,1,0,0,0,,0,,0,0
COc1ccc(C(=O)O)cc1,,,0,,,0,,0,0,0,,
CCOCC=C(C)C,0,,0,,0,,0,,0,,0,0
C=C(C)CCCC(C)CCOC(=O)CC(C)C,0,0,1,,0,0,0,0,0,0,0,0
O=C(OCCc1ccccc1)c1ccccc1O,0,,1,0,0,,0,0,1,0,0,
c1ccc2[nH]ccc2c1,,,,,,,0,,,,,0
CC(C)CCCCCCCCCCCCCCC(=O)O.OC[C@H](O)[C@@H](O)[C@H](O)C(O)O,0,0,0,0,0,0,0,0,0,0,1,0
CCCCCCCOC(=O)c1ccco1,0,1,1,0,0,1,0,0,0,,0,0
CCCCCCCCCCCCCCC,0,0,0,0,,0,0,0,0,0,0,0
Cl.N[C@@H](CCC(=O)O)C(=O)O,0,0,0,0,0,0,0,0,0,0,1,0
CC(C)=CC(=O)OC(C)C,0,1,,1,0,1,0,0,0,0,0,1
CCOCC.Oc1ccc2ccccc2c1,0,0,0,0,0,0,0,0,0,0,1,0
CC=Cc1ccc(OC)c(OC)c1,0,,,,,,,,0,0,0,
COc1ccc2cc([C@H](C)C(=O)[O-])ccc2c1.[Na+],0,0,0,0,0,0,0,0,0,0,1,0
CCOC(=O)c1ccc(C)cc1O,1,,1,1,0,0,0,,0,0,0,
CC1=CCC2CC1(O)C2(C)C,0,0,0,0,1,0,0,,0,0,0,0
CSSc1ccccc1,0,0,0,1,1,0,0,0,0,0,0,
CCCC1C=CC(=O)O1,0,1,0,1,0,1,1,0,0,,0,0
CC1(C)CCOCS1,,0,0,1,1,1,0,0,0,,0,1
CC1(C=O)CC(C)(C)C2CCCC=C21,0,0,0,,,1,0,0,0,0,0,1
O=[V](=O)O[V](=O)=O,0,0,0,0,0,0,0,0,0,0,1,0
CCc1ccccc1O,0,,0,,1,0,,,,0,0,
COC(=O)/C=C/c1ccco1,0,,0,,0,0,0,0,,0,0,
C/C=C/C(=O)OC(C)CC(C)C,0,,0,1,0,0,0,0,0,0,0,0
CC(=O)OC1CCC2CCCCC2C1,0,0,1,,0,,0,,0,0,0,0
CCC(C)C(=O)OCC(C)OC(=O)C(C)CC,0,1,0,,0,0,0,0,0,,0,0
CCCCCC(O)CC,0,,0,,,,,,0,0,0,
CCC(C)[C@H]1O[C@]2(C=C[C@@H]1C)C[C@@H]1C[C@@H](C/C=C(\C)[C@@H](O[C@H]3C[C@H](OC)[C@@H](O[C@H]4C[C@H](OC)[C@@H](O)[C@H](C)O4)[C@H](C)O3)[C@@H](C)/C=C/C=C3\CO[C@@H]4[C@H](O)C(C)=C[C@@H](C(=O)O1)[C@]34O)O2.CO[C@H]1C[C@H](O[C@H]2[C@H](C)O[C@@H](O[C@@H]3/C(C)=C/C[C@@H]4C[C@@H](C[C@]5(C=C[C@H](C)[C@@H](C(C)C)O5)O4)OC(=O)[C@@H]4C=C(C)[C@@H](O)[C@H]5OC/C(=C\C=C\[C@@H]3C)[C@]54O)C[C@@H]2OC)O[C@@H](C)[C@@H]1O,0,0,0,0,0,0,0,0,0,0,1,0
CC[N+](CC)(CC(=O)Nc1c(C)cccc1C)Cc1ccccc1,0,0,0,0,0,0,0,0,0,0,1,0
CCCCC(CC)CO,0,,1,,,,0,0,0,0,0,0
COC(=O)c1ccoc1,0,0,,1,0,0,0,,0,0,0,0
Cc1ccoc1CC1OC1(C)C,0,0,0,1,,1,0,1,0,0,0,0
Cc1ncsc1CCO,,,0,,,0,,0,0,,0,0
CC=CC1OC(C)CC(C)(C)O1,0,0,1,0,0,1,0,0,0,0,0,0
C=C[C@]1(C)CC[C@H](O)C(C)(C)O1,0,,,,0,,0,0,0,0,0,0
CCCCCCCCC=CCCCCCCCCOCCO.O=P(O)(O)O,0,0,0,0,0,0,0,0,0,0,1,0
C/C(=C\C(C)C)C(=O)O,,,,,1,0,0,0,0,0,0,0
CCC(=O)OC1CC(C)CCC1C(C)C,0,0,1,0,0,1,0,0,0,0,0,
CC(C)=CC1CC(C)=CCO1,,0,1,,0,,0,0,0,0,0,
CCC(C=O)=Cc1ccco1,1,0,0,0,,0,0,1,0,0,0,1
COc1ccc(C(C)(C)C(=O)[O-])cc1,0,0,0,,0,0,0,0,1,0,0,1
COc1cc(C=CC(=O)O)cc(OC)c1O,0,0,0,0,0,0,0,0,0,0,1,0
CCC/C=C/CC1CCCC1=O,1,1,1,,0,0,,0,0,0,0,0
CC1=C(O)C(=O)CC1.CC1CCC(=O)C1=O,0,1,0,0,0,1,1,0,0,,0,1
CCCC/C=C/C=O,,,0,,,,,0,0,0,0,
C=CCOC(=O)COCCC(C)C,,0,0,1,,1,0,,,0,0,
OCC(S)CS,0,0,0,0,1,0,0,0,0,0,0,0
CCCCCCC1C=CC(=O)O1,0,1,0,1,0,0,1,,0,0,0,0
CCc1ccc(C)s1,0,0,0,,1,,0,0,0,0,0,0
CC/C=C\CCOC(=O)CC(C)=O,0,0,1,0,,1,0,1,0,0,0,0
CCCCCCCCc1cccs1,,0,0,0,,,0,,0,0,0,0
C=CCOC(=O)/C(C)=C/C,0,,0,,0,1,0,,0,0,0,0
CC(C)c1cccc(CC=O)c1,0,0,1,0,,1,0,1,0,0,0,0
C/C(C=O)=C/c1ccccc1,0,1,0,0,0,,0,0,1,0,0,1
O[B-]1(O)OO[B-](O)(O)OO1.[Na+].[Na+],0,0,0,0,0,0,0,0,0,0,1,0
O=c1[nH]cc(N(CCCl)CCCl)c(=O)[nH]1,0,0,0,0,0,0,0,0,0,0,1,0
CC(C)=CCCC(C)=CCCC(C)=CC=O,0,0,1,0,0,1,0,0,0,0,0,
CC(=O)OCC1=CCC2CC1C2(C)C,0,,,,0,1,0,,0,0,0,
CC(C)CC1CCC(=O)O1,,1,0,1,0,1,1,0,0,0,0,1
CC(C)=C1CCC2(C)OC2C1=O,0,0,0,,0,1,0,0,0,0,0,
C=C(C)COc1ccc(OC)cc1,0,0,1,0,0,1,0,0,0,0,0,0
CCOCC.Oc1ccccc1O,0,1,0,0,0,,0,0,0,0,0,1
CC(C)=CCCC(C)CCOC(=O)c1ccccc1,0,0,1,,0,,0,,0,0,0,0
CCOCCOCCC(C)C,0,,0,1,1,1,1,,0,,0,0
C=CC(C)(CCC=C(C)C)OC(=O)Cc1ccccc1,0,,1,,0,,0,0,0,0,0,0
CCCCCCCOCCCCCCC,,0,0,0,,0,0,0,0,0,0,0
CC(=O)CCC1C(C)=CCCC1(C)C,0,,1,,,,0,1,0,0,0,0
C1COCCO1,0,0,0,0,,0,0,0,0,0,0,0
COc1cncc(C)n1,0,,0,0,0,0,1,0,0,1,0,0
CCOC(=O)/C=C(\C)CCC=C(C)C,0,0,1,,0,1,0,1,0,0,0,0
CCCCCCC1OCC(O)CO1,0,0,0,0,1,1,0,1,0,0,0,0
CCCCC[C@@H](C)O,,1,0,,0,0,0,0,0,0,0,0
CC=CCOC(=O)CCCCCC,0,0,,1,0,1,0,,0,0,0,0
C=CC(C)(CC=C(C)C)C(C)O,0,0,1,0,0,1,0,0,0,0,0,
C[C@@H](NC(=O)[C@@H](N)CC(=O)O)C(=O)NC1C(C)(C)SC1(C)C,0,0,0,0,0,0,0,0,0,0,1,0
CCCCCCOC(C)OCCCC,0,,0,1,,1,0,,0,,0,0
CCOC(=O)CC1(C)OCCO1,0,,,1,0,,0,,,0,0,0
CC(C)C(=O)OCc1ccc2c(c1)OCO2,0,1,,1,0,0,,0,0,,0,
CCC(C)(N)C(=O)O,0,0,0,0,0,0,0,0,0,0,1,0
CC(C)C1CC=C(CCC=O)CC1,0,0,1,0,1,1,0,0,0,0,0,0
CCCCCCCC(=O)OC1CC(C)CCC1C(C)C,0,0,1,0,0,1,0,0,0,0,0,
O=C[C@H](O)[C@H]1OC(=O)[C@@H](O)[C@H]1O,0,0,0,0,0,1,0,0,0,0,0,0
CC1=CC2C(C(C)C)CC1CC2C1OCCO1,1,1,1,0,,1,0,1,0,0,0,0
O=C1N[C@@H]2C(=C[C@H](O)[C@@H](O)[C@H]2O)c2cc3c(c(O)c21)OCO3,1,0,0,,0,1,0,1,0,0,0,0
O=C(C=Cc1ccccc1)OCCCc1ccccc1,0,0,1,,0,0,0,0,1,0,0,0
[NH4+].[O-][Cl+3]([O-])([O-])[O-],0,0,0,0,0,0,0,0,0,0,1,0
C=CCOc1ccccc1,0,0,1,0,1,1,0,0,0,0,0,0
CC1(C)C2CC3OC3(C)C1C2,0,,0,0,0,1,0,,,0,0,0
CCCCCCOC(=O)/C=C/C(=O)OCCCCCC,0,0,,,,1,0,,0,0,0,0
CCc1ccc(O)cc1,,,0,,1,,,,,,0,
CC(=O)CCC=C(C)C,,,0,,,,,,0,,0,
C=C1CCC(C)C(C)(C)C1CCC(C)=O,0,0,0,0,0,0,0,0,0,0,1,0
CCCCC(=O)C1=C(C)CCCC1(C)C,,1,0,1,0,0,0,0,0,0,0,0
CCCCCCCOCC(C)C,0,0,1,0,,1,0,1,0,0,0,0
CCc1ccc(OC)c(O)c1,0,0,0,,1,0,,0,0,0,0,1
CC(=O)OC(OC(C)=O)c1ccc2c(c1)OCO2,0,0,1,0,0,0,0,0,0,0,0,0
CC1=CCC(C(C)(C)O)CC1,0,,,,0,,0,,,0,0,
CC1=CC[C@@H]2C[C@H]1C2(C)C,0,0,0,0,0,1,0,,,0,0,1
CCCC(O)CCC1C(C)CCC(C)C1(C)C,1,0,0,0,0,0,0,1,1,0,0,0
CCCCCCCCCCOC(=O)CC(C)C,0,,,1,0,0,0,,0,,0,0
C=C[C@H]1CN2CC[C@H]1C[C@H]2[C@H](O)c1ccnc2ccc(OC)cc12.Cl.O.O,0,0,0,0,0,0,0,0,0,0,1,0
CC/C=C/CCOC(C)=O,,,,,0,,0,,0,0,,
[O-]B([O-])[O-].[O-]B([O-])[O-].[Zn+2].[Zn+2].[Zn+2],0,0,0,0,0,0,0,0,0,0,1,0
CCCCCCCCC=CCCCCCCCC=O,,0,0,0,0,0,0,0,0,0,0,0
C/C1=C2/[N-]C([C@H](CC(N)=O)[C@@]2(C)CCC(=O)NC[C@H](C)OP(=O)([O-])O[C@H]2[C@@H](O)[C@@H](n3cnc4cc(C)c(C)cc43)O[C@@H]2CO)[C@]2(C)N=C(/C(C)=C3\N=C(/C=C4\N=C1[C@@H](CCC(N)=O)C4(C)C)[C@@H](CCC(N)=O)[C@]3(C)CC(N)=O)[C@@H](CCC(N)=O)[C@]2(C)CC(N)=O.O.[Co+2],0,0,0,0,0,0,0,0,0,0,1,0
CC(S)CCS,,0,0,,1,1,,0,0,,0,1
CC(C)=CCC/C(C)=C/C(=O)O,,,1,,,1,0,1,0,0,0,0
COc1cccc(C)c1,,0,1,0,,,,0,0,0,0,0
O=[N+]([O-])O.c1ccc2c(CC3=NCCN3)cccc2c1,0,0,0,0,0,0,0,0,0,0,1,0
C[N+](C)(C)CCOC(N)=O.[Cl-],0,0,0,0,0,0,0,0,0,0,1,0
CCCCCCCCCCCCCCCCCCCCCCC,0,0,0,0,,0,0,0,0,0,,0
CC(C)C(=O)OC/C=C/c1ccccc1,0,,,,0,0,,0,,0,0,
CC/C=C\CCCCCCC=O,0,0,1,1,1,0,0,0,0,0,0,0
CC(=O)OC1(C)CCC23CC1C(C)(C)C2CCC3C,0,0,0,0,0,0,0,1,0,0,0,0
CCOP(=O)=O.CCOP(=O)=O.CCOP(=O)=O.[Al+3],0,0,0,0,0,0,0,0,0,0,1,0
CC=CC=CCO,0,1,0,1,1,1,1,1,0,0,0,
CCOC(=S)C(C)CC,0,1,0,1,1,0,0,1,0,0,0,0
C=CC(=O)CCCCC,,0,0,1,,,0,,0,,0,0
CC(=O)Cc1ccccc1,0,0,,,0,1,0,0,0,0,0,0
C/C=C/C=O,0,0,,0,,0,0,0,0,0,0,
C/C=C(/C)C(=O)OCC(C)CC,0,0,1,,0,0,0,0,0,0,0,0
N#Cc1ccccc1,0,,0,,,0,,0,0,0,,0
O=C1CC2CCCCC2O1,0,1,0,0,0,1,0,0,0,0,0,0
CCCCCCCC1(C)OCC(C)O1,,0,1,,0,1,0,0,0,0,0,0
CC(C)=CCCC1(C)C2CC3C(C2)C31C,0,,0,0,0,0,0,1,0,0,0,0
C=C(C)[C@@H]1CC=C(C)CC1,0,0,0,,,,0,,,0,0,
CC1(C)C2CCC1(C)[C@H](O)C2,0,0,0,0,1,1,0,1,1,0,0,1
CC=CC(=O)OCC(C)C,0,,0,1,0,,0,,0,,0,
CC(C)(c1ccccc1)c1cc(-n2nc3ccccc3n2)c(O)c(C(C)(C)c2ccccc2)c1,0,,1,1,0,1,0,0,0,0,0,0
CC(=O)OC[C@H]1O[C@@H](OC(C)=O)[C@H](OC(C)=O)C(OC(C)=O)[C@@H]1OC(C)=O,0,0,0,0,0,0,0,0,0,0,1,0
CC1=CC2OCC(C)=C2CC1,0,0,,0,0,1,0,0,0,0,0,
CCCCCCOC(=O)CCC(C)=O,0,1,,1,0,0,0,,0,,0,0
C=C[C@](C)(O)CC[C@@H]1[C@@]2(C)CCCC(C)(C)[C@@H]2CC[C@@]1(C)O,1,,0,0,0,1,0,,1,0,0,
CC(C)CCSSSCCC(C)C,0,0,0,,1,1,0,0,0,0,0,1
O=C1C=CCO1,0,1,,,,0,0,,0,,0,0
CCS,,,0,,1,,0,0,0,,0,
CC1=N[C@@H](C)O[C@H]1C,0,1,0,1,1,1,1,1,0,0,0,0
CC1(C)[C@H]2CC[C@]3(C2)[C@@H]1C(=O)CCC3(C)C,0,0,0,0,0,0,0,1,0,0,0,0
COC(=O)c1ccccc1N=CC=Cc1ccccc1,0,0,1,1,0,,0,0,0,0,0,1
CC/C=C\C/C=C\CC=O,,0,0,,0,,0,0,0,0,0,0
O=C1CC[C@H]2CCCC[C@H]2C1,1,0,0,0,0,,0,1,1,0,0,0
CCCCCCCC/C=C/C=O,,,,,,1,0,0,0,0,0,0
Cc1ccc(C)c(O)c1C,1,0,0,,1,0,,1,,0,0,1
CC1(C)[C@H]2CC[C@]1(C)[C@H](OC(=O)c1ccccc1)C2,0,0,0,0,0,1,0,1,1,0,0,0
CC(C)(Cc1ccccc1)OC=O,,0,1,0,0,,0,0,0,0,0,0
CCCCCCCCCCCCCC(=O)OCC=Cc1ccccc1,0,0,0,0,0,0,0,0,,0,,0
CCC=CCC1C(=O)CCC1CC(=O)OC,,0,1,0,0,1,0,0,0,0,0,0
CCOC(CCOCCC(C)C)OCC,0,0,0,0,,1,0,0,0,0,0,0
CCCCC(CO)C(C)=O,0,0,0,,0,1,0,0,0,0,0,1
C=CC(CCCCC)OC(C)=O,0,,,,0,1,0,,0,,0,
CCCCCCCCCC(=O)OCCc1ccccc1,0,0,1,1,0,1,0,,0,0,0,0
S=C=NCCc1ccccc1,0,0,0,,,,,,0,0,0,
S=c1[nH]c2ccccc2s1,0,0,0,,1,1,0,0,0,0,0,1
Cc1ccsc1C,,1,0,0,0,0,1,0,0,1,0,0
COC1COC(OC2COC(OC3COC(OC4COC(OC)C(OS(=O)(=O)[O-])C4OS(=O)(=O)[O-])C(OC4OC(C(=O)[O-])C(OC)C(OS(=O)(=O)[O-])C4OS(=O)(=O)[O-])C3OS(=O)(=O)[O-])C(OS(=O)(=O)[O-])C2OS(=O)(=O)[O-])C(OS(=O)(=O)[O-])C1OS(=O)(=O)[O-].[Na+].[Na+].[Na+].[Na+].[Na+].[Na+].[Na+].[Na+].[Na+].[Na+],0,0,0,0,0,0,0,0,0,0,1,0
C=CC1(C)CCC(=O)O1,0,0,,,0,,0,0,0,0,0,
Cc1ccc(CC(=O)[O-])cc1,0,0,1,,0,1,0,0,0,0,0,0
CCOC(=O)c1cccnc1,0,1,1,,0,1,0,0,0,0,0,0
CC/C=C\CCCCO,,0,,1,,1,0,,0,0,0,0
CCCC(=O)Oc1ccccc1,0,,1,,0,,0,0,0,0,0,
CC(C)=CC/C=C(\C)C1CC=C(C)CC1,0,1,1,1,0,0,0,1,1,0,0,0
Cc1ccc(-c2c(Cl)nc(C#N)n2S(=O)(=O)N(C)C)cc1,0,0,0,0,0,0,0,0,0,0,1,0
C=CCC(C=O)c1ccccc1,0,,,,0,0,0,0,0,,0,0
CCCCCC(=O)OCSC,0,,0,1,0,0,0,0,0,0,0,0
CCCC(C)(S)CO,0,0,0,,1,,0,0,0,0,0,
CC/C=C1\OC(=O)c2ccccc21,0,,0,,,1,0,,0,,0,
CCCCCCCC1(C)OC1C(=O)OCC,0,0,0,,0,0,0,0,0,0,0,0
C=C(CO)[C@H]1CC=C(C)CC1,0,0,0,1,0,1,0,0,0,0,0,
CC(C)=CCCC(C)CCOC(=O)/C=C/c1ccccc1,0,1,1,,0,1,0,0,0,0,0,1
CCCCCCCCCCOC(=O)CCCCCCCCCCCCCCC(C)C,0,0,0,0,0,0,0,0,0,0,1,0
CCCCCCC=C(C=O)CCCCC,,0,0,0,0,1,0,0,0,0,0,0
COc1c([N+](=O)[O-])cc(C=O)cc1C(C)(C)C,0,0,0,0,1,1,0,0,0,0,0,0
CCC/C=C\CCCCC=O,,0,0,,0,1,0,0,0,0,0,0
CCCCOC(=O)Cc1ccccc1,,1,1,,0,,0,0,0,,0,0
O=C(O)CCS,,0,0,0,1,0,0,0,0,,0,0
CC(C)C1CCC2(CCC(=O)O2)CC1,0,0,0,,0,1,0,1,0,0,0,0
CCCCCC(CC)OC=O,0,0,,,0,1,0,,,0,0,0
CCOC(=O)C=CC(=O)OCC,0,,0,1,0,0,0,0,0,0,0,0
CC(=O)OCCCC1CCCCC1,0,0,1,,,0,0,0,0,0,0,0
CC(C)(CO)[C@@H](O)C(=O)NCCC(=O)[O-].CC(C)(CO)[C@@H](O)C(=O)NCCC(=O)[O-].[Ca+2],0,0,0,0,0,0,0,0,0,0,1,0
C=CCSSSCCC,0,0,0,,1,1,0,0,0,0,0,1
CC/C=C/CCCC,0,0,0,0,1,0,0,0,0,0,0,0
C=CC(C)(CCC=C(C)C)OCC,0,0,1,,0,,0,0,0,0,0,0
CCC/C=C(\C)C(=O)O,0,0,0,,1,0,0,0,0,0,0,0
CCCC(O)CC(=O)OCC,0,,,,,,0,,,,0,
CNC(C)Cc1ccccc1,0,0,0,0,0,0,0,0,0,0,1,0
CC1=NC(C)OC1,,0,0,,0,0,,0,0,1,0,0
[Ca+2].[OH-].[OH-],0,0,0,0,0,0,0,0,0,0,1,0
CC1CCC2(CCC(=O)O2)CC1,0,,0,1,0,0,,0,0,0,0,0
CC(C)CCCOC(=O)CCC(C)C,0,,0,,0,1,0,0,0,0,0,0
CCCCCCCCCCCC=O,,,1,,,,0,,,0,0,0
CCC(O)OC,0,0,0,0,0,0,0,0,0,0,1,0
CCCCCCCCCCCCCCCC[N+](C)(C)C.[Cl-],0,0,0,0,0,0,0,0,0,0,1,0
CCC/C=C1\OC(=O)C2=C1CCC=C2,0,0,0,0,0,0,0,0,0,0,1,0
CCCCCCCCCCC(OC)OC,0,0,,1,0,,0,0,0,0,0,0
Cc1ccsc1C=O,,1,0,0,0,0,0,0,0,1,0,0
O=C(Nc1ccccc1C(=O)O)c1ccccc1,0,0,0,,0,0,0,0,0,0,0,0
C=CCOC(C)=O,0,,,,,,0,,0,0,0,
O.O=[Si]([O-])O.O=[Si]([O-])O.O=[Si]([O-])[O-].[Mg+2].[Mg+2],0,0,0,0,0,0,0,0,0,0,1,0
CCCCCN=C=S,0,0,0,,,,0,0,0,0,0,
CC(C)(C=O)Cc1ccccc1,0,0,,0,,1,0,0,0,0,0,0
COCCOC(C)OCc1ccccc1,0,,0,,,,,0,0,0,0,0
C/C=C/C=C/COC(C)=O,0,1,,1,0,,0,,0,,0,0
CCCC/C=C/CCO,0,0,0,1,0,1,0,1,0,0,0,0
COC(=O)[C@H]1[C@H]2C[C@@H]3c4[nH]c5cc(OC)ccc5c4CCN3C[C@H]2C[C@@H](OC(=O)c2cc(OC)c(OC)c(OC)c2)[C@@H]1OC,0,0,0,0,0,0,0,0,0,0,1,0
CC(C)=CCN1CC[C@@]2(C)c3cc(O)ccc3C[C@@H]1[C@@H]2C,0,0,0,0,0,0,0,0,0,0,1,0
CC(C)=CC(=O)OCCc1ccccc1,0,,,1,0,1,0,,,0,0,0
CCCCCCCCCC1CCC(=O)O1,1,0,0,0,0,0,0,0,0,0,0,0
CC(C)[C@H]1CC[C@@H](C)C[C@H]1O,0,0,0,0,,1,0,,0,0,0,
CCC/C=C/C(OCC)OCC,,0,0,1,0,1,0,,0,0,0,
CCCCCC=CO,,0,0,,0,0,0,0,0,0,0,0
Cc1ccccc1[N+](=O)[O-],0,,0,0,0,,,0,0,0,,
CC1=C[C@@H]2C(CC1)[C@](C)(O)CC[C@H]2C(C)C,0,0,0,0,0,1,0,1,0,0,0,0
O=C(O)C=Cc1ccccc1,0,1,,0,0,0,0,,1,0,0,
CC(=O)OCC1CC(C)=CC(C)C1,0,,1,1,0,1,0,0,0,0,0,0
Cc1cc(C(C)(C)C)c(O)c(C(C)(C)C)c1,0,0,0,0,,,0,0,,0,,0
CCCCCCC(C)OC(C)=O,0,0,,,0,,0,,0,0,0,0
CCOc1ccc(C=O)cc1OC,0,1,,0,0,0,0,,0,0,0,0
Cc1cccc(N(C)C(=S)Oc2ccc3ccccc3c2)c1,0,0,0,0,0,0,0,0,0,0,1,0
O=CCC1CCOC1=O,0,1,0,0,1,0,0,0,0,,0,0
COC(=O)[C@@H]1CC[C@](C)(C(=O)OC)C1(C)C,0,0,0,,0,0,0,,0,0,,0
CCCC[C@@H]1OC(=O)C[C@@H]1C,0,,0,,0,0,,0,0,0,,0
CC(C)C(C)CCC(C)(C)O,0,0,1,,0,0,0,0,0,0,0,
O=C1C=CCCCCCCCCCO1,0,1,0,,0,1,0,0,0,0,0,
CC(C)=CCCC(C)=CCCC(C)C=O,0,0,1,0,1,,0,0,0,0,0,0
C=CC(C)(C)C(=O)C=C(C)C,0,,0,,0,1,0,,0,0,0,
CCCCCCCCCCCCCCCC(=O)OCCC(C)C,,0,0,0,0,0,0,0,0,0,0,0
CC(C)c1cccc(C(C)CC=O)c1,0,,1,0,0,1,0,0,0,0,0,0
COC(=O)C=Cc1ccccc1,0,,0,1,0,0,0,0,1,0,0,
COC(=O)c1ccccc1N=Cc1ccccc1,0,1,1,,,,1,0,0,0,0,0
Cc1ccc(O)c(C(C)(C)C)c1,1,0,0,,1,0,,0,0,0,0,
CC(=O)C(C)CC1CCC(C(C)C)CC1,0,0,0,0,0,,0,1,0,0,0,0
COc1cc(C=O)ccc1OC(=O)C(C)C,0,1,0,,0,0,,0,0,,0,0
CC(C)c1ccc(C(C)C=O)cc1,0,0,,0,,1,0,,0,0,0,0
CC(C)=CCC/C(C)=C/C1OCCO1,0,0,1,1,0,1,0,0,0,0,0,0
CCCCCCC=COC(=O)CC,0,,0,1,0,1,0,0,0,0,0,0
CCCCSSSCCCC,0,0,0,,1,1,0,0,0,0,0,1
CC1=CCC2C3CC(C2C1)C1(C3)OC1C,0,0,1,1,0,1,0,1,0,0,0,1
CC/C=C/CCC(=O)O,,0,0,,0,1,0,0,0,0,0,0
CC(C)=CCC/C(C)=C/C(C)(C)O,0,0,0,1,,1,0,1,1,0,0,0
CC1OC(C)(O)C(C)OC1(C)O,1,1,0,0,0,0,0,0,0,,0,0
C=CC1(C)CCC(C(C)C)=CC1C(=C)C,0,,,0,0,,0,1,,0,0,
C=C(C)C1CCC(C)C(O)C1,,,,0,,,0,,0,0,0,
C1CCCCC1.CC(=O)O,0,0,0,0,0,0,0,0,0,0,1,0
CC(=O)SC1=C(C)OCC1,0,0,0,0,1,0,0,0,0,0,0,0
CCCCCCCCCCCCOC(=O)CCSCCC(=O)OCCCCCCCCCCCC,0,,0,0,,0,0,0,0,,0,0
N#CCCCCC#N,0,0,0,0,0,0,0,0,0,0,1,0
CC(=O)C1(C)CCC2=C(C1C)C(C)(C)CCC2,1,0,1,0,0,0,0,1,1,0,0,0
CCCCCCCCC(C)=O,,0,1,1,0,,0,0,0,0,0,0
Cc1occc(=O)c1OC(=O)C(C)C,0,1,0,1,,0,0,0,0,,0,0
CN(C)CCOC(c1ccccc1)c1ccccc1.Cn1c(=O)c2[nH]c(Cl)nc2n(C)c1=O,0,0,0,0,0,0,0,0,0,0,1,0
CC12CCC(C1)C(C)(C)C2OC=O,0,0,0,0,0,0,0,1,1,0,0,0
C=CCOC(=O)CCC(C)=O,0,,0,1,,,0,0,0,0,0,0
COc1cc(/C=C/CO)ccc1O,0,0,0,0,0,0,0,0,0,0,1,0
CCCCOC(=O)C(C)O,,1,,,,,0,,0,,0,0
CC=CC(=O)C(C)CC,0,1,0,,,0,1,0,0,1,0,0
CCCOC(C)OCC,0,,0,1,1,1,1,,0,,0,0
O=C1CCCCCCCCOCCCCCCO1,1,1,1,,0,0,0,0,0,0,0,0
CCOC(OCC)C(C)Cc1ccc(C(C)C)cc1,0,0,1,1,0,1,0,0,0,0,0,0
COc1cc(CCCS(=O)(=O)[O-])ccc1OC(Cc1cccc(OC)c1O)CS(=O)(=O)[O-].[Ca+2],0,0,0,0,0,0,0,0,0,0,1,0
CC(=O)c1ccc(C)cc1C,0,,,0,0,1,0,,0,0,0,
CCC(=O)C=CC1=C(C)CCCC1(C)C,0,,,,0,,0,,0,0,,0
C=Cc1scnc1C,0,1,,1,1,,1,,0,,0,0
C=C(C)[C@H]1C=C[C@](C)(O)CC1,0,0,0,0,0,1,0,0,0,0,0,
CC(C)=CCCC(C)=CCCC(C)(O)C1CO1,0,0,1,,0,0,0,0,0,0,0,0
CC(C)(C)c1cccc(CCC=O)c1,0,0,1,0,1,0,0,0,0,0,0,0
CCOCCO,0,0,0,,0,0,0,,0,0,,0
CCCC(C)C(C)=O,0,,0,,,1,0,0,0,0,0,0
CC(C)(C)C(=O)C1C(=O)c2ccccc2C1=O,0,0,0,0,0,0,0,0,0,0,1,0
CC1=C(C)C(=O)CC1,0,1,0,,1,0,0,0,0,1,0,0
O=C(O)CCC(=O)O,0,0,0,0,,0,0,0,0,0,,0
COC(=O)C1(c2ccccc2)OC1C,0,1,0,,1,0,0,0,0,0,0,0
CC(=O)CCCC(C)C,0,0,0,0,,1,0,0,0,0,0,
CC(=CC=O)CCCC(C)CCCC(C)C,0,0,1,,0,0,0,0,0,0,0,0
C=COCCc1ccccc1,0,0,1,0,,0,0,0,0,0,0,0
CC1=C(O)C(=O)CC1,0,1,0,0,0,,,1,0,,0,
CCCCCCCCCCCCCCCCOP(=O)(O)OCCCCCCCCCCCCCCCC,0,0,0,0,0,0,0,0,0,0,1,0
O=C1CC=CCC1,0,0,0,0,,0,0,0,0,0,0,0
CCC(C)COC(=O)C(C)C,0,,0,,,0,0,0,0,0,0,0
COc1cc(OC)nc(NC(=O)NS(=O)(=O)c2ncccc2C(F)(F)F)n1,0,0,0,0,0,0,0,0,0,0,1,0
CC(=O)c1cc(C)sc1C,,0,0,0,,0,,0,0,,0,0
CCCC1(C(C)(C)C)C=CC(C)O1,0,0,0,,,1,0,,0,0,0,
CC(=O)[C@H]1CC[C@H]2[C@@H]3CCC4=CC(=O)CC[C@]4(C)[C@H]3CC[C@]12C,0,0,0,0,0,0,0,0,0,0,1,0
CCCC1CC(C(=O)OCC)=C(C)O1,0,1,1,1,0,1,0,1,0,0,0,1
CC(=O)O[C@]1(C(C)=O)CC[C@H]2[C@@H]3C=C(Cl)C4=CC(=O)CC[C@]4(C)[C@H]3CC[C@@]21C,0,0,0,0,0,0,0,0,0,0,1,0
C=C(OCC)C1C(C)(C)C=C(OCC)CC1(C)C,1,0,0,0,0,0,0,1,1,0,0,0
O=[N+]([O-])[O-].O=[N+]([O-])[O-].[Co+2],0,0,0,0,0,0,0,0,0,0,1,0
O=S(=O)(c1ccc(Cl)cc1)c1cc(Cl)c(Cl)cc1Cl,0,0,0,0,0,0,0,0,0,0,1,0
Nc1ccccc1C(=O)OC/C=C/c1ccccc1,,,,,0,0,0,0,,0,0,0
C=CCc1ccc(OC(=O)/C=C/c2ccccc2)c(OC)c1,0,,0,0,0,0,0,0,0,0,0,1
CCOCc1ccc(O)cc1,1,1,1,0,1,1,0,0,0,0,0,1
CC1(C)OC2CC3C4CC(F)C5=CC(=O)CCC5(C)C4C(O)CC3(C)C2(C(=O)CO)O1,0,0,0,0,0,0,0,0,0,0,1,0
C/C=C(\C)C(=O)OC/C=C/CCC,0,0,0,,0,1,0,0,0,0,0,0
CCCCCCCC=CC(=O)O,,,0,,0,,0,0,0,0,0,0
CC(=CCO)CCCC(C)CCCC(C)CCCC(C)C,0,0,1,0,0,1,0,0,1,0,0,0
CCCCCCCCCCCC(=O)OCC(C)C,,0,,1,0,0,0,,0,0,0,0
FC(F)(F)F,0,0,0,0,0,0,0,0,0,0,1,0
O=C(O)COc1cc(Cl)c(Cl)cc1Cl,0,0,0,0,0,0,0,0,0,0,1,0
CCCCC(CC)C(=O)OCC(COC(=O)C(CC)CCCC)OC(=O)C(CC)CCCC,0,0,0,0,0,0,0,0,0,0,1,0
C=C1CC[C@@H]2[C@H]1[C@H]1[C@H](C(C)C)CC[C@]12C,0,,,0,0,,,,,,0,0
CCCCCCCCCCCCOC(=O)CC,,0,,1,0,0,0,,,0,0,0
CC1=CC(O)C[C@@H](C)[C@]12CCC(=C(C)C)C2,0,1,0,0,0,,0,1,1,0,0,0
CC(C)c1ccncc1,1,1,0,0,0,1,0,1,0,0,0,0
C=COCC,0,0,0,0,,0,0,0,0,0,0,0
CC(=O)c1cnc(C)nc1C,1,1,1,0,,0,0,0,0,0,0,0
CN(C)C(=S)[S-].CN(C)C(=S)[S-].[Zn+2],0,0,0,0,0,0,0,0,0,0,1,0
O=CC=C1CCCCC1,0,0,1,0,0,0,0,0,0,0,0,0
C=CCCC(=O)C1=CCCC(C)(C)C1,1,0,1,1,,1,0,1,1,0,0,0
CCOC(=O)c1ccccc1NC(=O)c1ccc([N+](=O)[O-])cc1Cl,0,,1,1,0,0,0,1,0,0,0,0
ClC1(Cl)C2(Cl)C3(Cl)C4(Cl)C(Cl)(Cl)C5(Cl)C3(Cl)C1(Cl)C5(Cl)C24Cl,0,0,0,0,0,0,0,0,0,0,1,0
CCCCCCC[C@H]1CCCC(=O)O1,0,1,0,,0,0,0,0,0,0,0,0
C=CCCCCCCCCC(=O)OCC(C)C,,,,,0,,0,,0,,0,0
CC(=O)CC[C@H]1C(C)=CCCC1(C)C,0,0,1,,0,0,0,1,0,0,0,0
C/C=C(C)/C=C/C=C(C)C,0,,,,,1,,0,0,0,0,
O=C([O-])[O-].[Mg+2].[OH-],0,0,0,0,0,0,0,0,0,0,1,0
CC1=C(O)/C(=N/O)C(C(C)C)CC1,0,0,0,0,0,0,0,1,0,0,0,0
COC(=O)c1ccccc1N=CC1CC=C(CCCC(C)(C)O)CC1,0,,1,1,0,,0,0,0,0,0,0
CC1(C)CCC(CO)C23C4CC(CC412)C3(C)C,1,0,0,0,0,1,0,,1,0,0,
CCCCCCC(=O)OCc1ccc(OC)cc1,,,0,1,0,0,0,0,0,0,0,0
O=[N+]([O-])[O-].O=[N+]([O-])[O-].[Be+2],0,0,0,0,0,0,0,0,0,0,1,0
CSCCO,,0,0,,1,0,0,0,0,,0,0
CC(=O)CC(=O)Nc1ccccc1,0,0,0,0,0,0,0,0,0,0,1,0
CC[C@H](S)C(C)=O,,0,0,1,1,0,1,0,0,1,0,
CC1C2CCC(C3(O)CCCCC3)(C2)C1(C)C,0,1,0,0,0,,0,1,0,0,0,0
OC1C(C2CCCC2)CCC1C1CCCC1,1,0,1,1,0,0,0,0,0,0,0,0
CCC(=O)[O-].CCC(=O)[O-].[Ca+2],0,0,0,0,0,0,0,0,0,0,1,0
CCCCCCCCCC(=O)OC(C)C,0,0,0,,0,1,0,1,0,0,0,0
CCCC[C@H](CC)COC(=O)/C=C/c1ccc(OC)cc1,0,0,0,0,0,0,0,0,0,0,1,0
CCCCCC(O)CCCC(=O)OCC,,1,0,1,0,0,0,0,0,0,0,0
OCCOCCO,0,0,0,0,0,0,0,0,0,0,1,0
C=CCc1ccc(OC)c(OC)c1,,,,,,,,,0,,0,
N[C@@H](CCC(=O)O)C(=O)[O-].N[C@@H](CCC(=O)O)C(=O)[O-].[Ca+2],0,0,0,0,0,0,0,0,0,0,1,0
CCCCCCCCCCOC(=O)CCC,,,1,,0,0,0,0,0,0,0,0
CC(S)C(C)S,,,0,,1,0,0,0,0,,0,0
CC[C@@H](/C=C/C1=C(C)CCCC1(C)C)OC(C)=O,0,,1,1,0,0,0,0,0,0,0,0
CCCCCOC(=O)c1ccccc1,,,,,,,0,,1,0,0,0
CCC(C)(OC(C)=O)c1ccccc1,0,0,1,,0,1,0,0,0,0,0,0
CC=C(C)CCC(=O)OC,0,,0,1,0,1,0,0,0,0,0,0
CC(=O)C1CCC2C3CC=C4CCCCC4(C)C3CCC12C,1,0,0,0,0,0,0,1,0,0,0,0
CC(=O)Cc1ccco1,0,1,0,,,,0,0,0,,0,1
CC/C=C\CC(=O)OC,0,0,,,0,0,0,0,0,0,0,0
O=C(O)CO,0,0,0,0,0,0,0,0,0,0,1,0
CCCC(O)CCC,0,0,,,,,0,0,0,0,0,0
O=C1CCC2CCCCC2O1,,,0,,0,,,,,0,0,
CCC1CCCC(=O)O1,0,,0,,,,,,0,0,0,0
COCc1ccccc1,0,,,,,,0,,0,0,0,0
CCCCCCC1OC(C)C(C)O1,,,0,,0,1,0,0,0,0,0,0
CCCCOC(=O)CCc1ccco1,0,,0,1,,0,0,1,0,,0,0
C=C(C)[C@H]1CC=C(C)[C@H](OC(=O)CC)C1,0,1,0,,,1,0,1,0,0,0,1
C=CCOC=O,0,0,0,,,0,0,0,0,0,0,0
CC(C)CC(=O)O[C@@H]1C[C@H]2CC[C@@]1(C)C2(C)C,,0,0,,,1,0,,0,0,0,0
NC(=O)OCC(O)COc1ccc(Cl)cc1,0,0,0,0,0,0,0,0,0,0,1,0
Cc1ccc2nc3sc(=O)sc3nc2c1,0,0,0,0,0,0,0,0,0,0,1,0
COC(=O)c1ccc(O)c(OC)c1,0,1,,0,,,0,,0,,0,
CCC(=O)OC1CCC(C(C)(C)C)CC1,0,0,0,,0,0,0,1,0,0,0,0
C=CCCC(=O)C(=C)C1CCCCC1,0,,,1,,1,0,,,0,0,0
C=CC1(C)CCC(C(=C)C)CC1C(=C)C,0,0,0,0,0,,0,,0,0,0,0
C/C=C/C(=O)C1C(C)C=CCC1(C)C,0,,,,,,0,,,0,0,
COc1ccc(COC=O)cc1,0,,,,,1,0,0,0,0,0,
Cc1occc1SC(C)CC=O,,0,0,0,0,0,0,0,0,1,0,0
OCC1CC2C3CCC(C3)C2C1,0,0,0,0,1,1,0,0,0,0,0,0
Cc1ccc(OP(=O)(Oc2ccccc2)Oc2ccccc2)cc1,0,0,0,0,0,0,0,0,0,0,1,0
CC/C=C\C[C@@H]1C(=O)CC[C@@H]1CC(=O)OC,0,0,1,0,0,0,0,0,0,0,0,0
Cc1cnc(C)s1,,0,0,,,,1,,0,,0,
CCC(C)COC(=O)c1ccccc1,0,1,1,,0,1,0,0,1,0,0,0
C=C(C)C1C=CC(C)C(=O)C1,0,0,0,0,0,1,0,0,0,0,0,
OC[C@H]1O[C@@H](O[C@H]2[C@H](O)[C@@H](O)C(O)O[C@@H]2CO)[C@H](O)[C@@H](O)[C@H]1O,0,0,0,0,0,0,0,0,0,0,1,0
OC[C@H]1OC(O[C@H]2[C@H](O)[C@@H](O)C(O)O[C@@H]2CO)[C@H](O)[C@@H](O)[C@H]1O,0,0,0,0,0,0,0,0,0,0,1,0
CC1CC(O)C2(C(C)C)CC12,0,0,0,0,1,1,0,0,0,0,0,
C=CC(C)=CCC(O)C(=C)C,0,0,0,1,1,1,0,,,0,0,0
CCCCCCC(OCCCC)OCCCC,0,,0,1,0,1,0,,0,,0,0
COC(=O)CCc1cccc(OC)c1,0,0,0,,0,0,0,0,1,0,0,0
CC=CC(=O)C1=C(C)CCCC1(C)C,0,1,1,1,,1,0,0,0,0,0,0
CC(C)SSC(C)C,,,0,,1,,0,0,0,,0,
CC(=O)C(C)CC1=C(C)CCCC1(C)C,1,0,0,0,0,0,0,1,1,0,0,0
CCOC(=O)C1OC1(C)c1ccc(C)cc1,0,,1,,0,,,,0,0,0,0
CC(C)C(N)C(=O)O,0,0,0,0,,0,0,0,0,0,,0
CCCCCCC#CC(OC)OC,0,,1,0,0,1,0,0,0,0,0,0
Brc1c(Br)c(Br)c(Oc2c(Br)c(Br)c(Br)c(Br)c2Br)c(Br)c1Br,0,0,0,0,0,0,0,0,0,0,1,0
CC1=C2C[C@H](C(C)(C)O)CC[C@]2(C)CCC1,0,1,,0,0,0,0,,0,0,0,0
CCCCCCCOC(=O)CCCCCCC,,0,0,,,,0,,0,0,0,0
CCCCCCCCCCCOCCCCCCC,0,0,0,0,1,0,0,0,0,0,0,0
CCCCCC/C=C\CCCCC(C)=O,0,0,1,,0,0,0,1,0,0,0,0
CCCCCCCCCOC=O,0,,,1,0,0,0,0,0,0,0,0
Cc1cc(O)c(C)c(O)c1C#N,0,0,0,0,0,0,0,1,0,0,0,0
CCCCCCCCCCCCCCCO,,0,1,0,0,0,0,0,0,0,0,0
CCOc1nccnc1CC,0,0,0,1,,0,,1,0,,0,0
CC(C)N.O=C(O)CNCP(=O)(O)O,0,0,0,0,0,0,0,0,0,0,1,0
CC1(C)C2CCC1(C)C(OC(=O)Cc1ccccc1)C2,0,0,0,0,0,0,0,,,0,,0
CCCCCCCC(C=O)CCCCC,0,,0,1,0,0,0,0,0,0,0,0
Cc1cc(C)nc(NS(=O)(=O)c2ccc(N)cc2)n1,0,0,0,0,0,0,0,0,0,0,1,0
CC(C)CC(=O)OC(=O)CC(C)C,0,0,0,0,1,0,0,0,0,0,0,0
CC1=CC(=O)CC(C)(C)C1=O,0,1,0,,,1,0,,0,0,0,0
CCCCCCCCCCCCCCCC(=O)OCC(C)C,0,0,0,0,0,0,0,0,0,0,1,0
CSCC/C=C(/C=O)CSC,,1,0,1,1,0,0,0,0,,0,0
CC1=CC(C)C(CO)C(C)C1,0,0,1,0,0,1,0,1,0,0,0,1
CCC(CC)COC(C)=O,,,0,1,1,0,0,,0,0,0,0
CCCCCCC(=O)CC,0,,,,,,0,,0,0,0,
O=c1oc2ccccc2c(O)c1C1CC(c2ccc(-c3ccccc3)cc2)Cc2ccccc21,0,0,0,0,0,0,0,0,0,0,1,0
c1ccoc1,0,0,0,0,,0,0,,,0,0,
O=C(OC1CCCCC1)c1ccccc1,0,0,1,,0,1,0,0,1,0,0,0
Cc1csc(C(C)C)n1,,1,0,1,,1,1,1,0,,0,0
CC(=O)OC(C)CCCC(C)C,0,,,,0,,0,0,0,0,0,0
CC(C)(C)[C@@H]1CCCCC1=O,0,0,1,0,1,1,0,1,0,0,0,
CCCCCCCC/C=C\CCCCCCCC(=O)OCCCC,,0,0,0,,0,0,0,0,0,0,0
COc1nn(C(=O)[N-]S(=O)(=O)c2ccccc2OC(F)(F)F)c(=O)n1C.[Na+],0,0,0,0,0,0,0,0,0,0,1,0
CC1CC(=O)CC(C)(C)C1,0,1,0,0,0,1,0,0,0,0,0,
CCOC(=O)CCCSC,0,0,0,,1,0,0,0,0,0,0,0
FC(F)(Cl)Br,0,0,0,0,0,0,0,0,0,0,1,0
C=CC(=C)CC/C=C(/C)CCC=C(C)C,0,0,,1,0,1,0,,0,0,0,0
CCCCCCC(=O)OCCCCC,0,,,,,1,,,0,0,0,0
CCCCCCOC(=O)CCc1ccccc1,0,1,0,,0,1,0,0,0,0,0,0
CSCCCN=C=S,0,0,0,1,1,,0,1,0,0,0,
Nc1nc(N)c2nc(-c3ccccc3)c(N)nc2n1,0,0,0,0,0,0,0,0,0,0,1,0
CCCCC/C=C/CCC=O,,,0,1,,1,0,0,0,0,0,0
CCCCCCC(OCC)OCC,0,,,1,0,1,0,,0,,0,0
CCCCCCCC/C=C\CCCCCCCCOC(C)=O,,0,0,,0,0,0,0,0,0,0,0
CC(O)C(=O)OCCc1ccccc1,0,0,1,,,0,0,0,0,0,0,0
COc1cc(O)c(C(C)=O)c(OC)c1,0,0,0,,1,1,,,0,0,0,
CCCOC(=O)c1cc(O)c(O)c(O)c1,0,0,0,,,0,,0,0,0,,
CC(=O)CCc1ccccc1,0,0,1,0,0,,0,0,,0,0,0
O=S(=O)([O-])[O-].[NH4+].[NH4+],0,0,0,0,0,0,0,0,0,0,1,0
CC/C=C/C=C/C=O,,,0,,,,,0,0,0,0,
CCC(C)N=C=S,0,0,0,,,,0,0,0,0,0,
COC1CCC(OC)O1,0,0,0,0,,0,0,0,0,0,0,0
CCCCOC(=O)C(C)Oc1ccc(Oc2ccc(C(F)(F)F)cn2)cc1,0,0,0,0,0,0,0,0,0,0,1,0
CC(C)C(=O)OC(C)(C)Cc1ccccc1,0,,1,,,,0,0,0,,0,
[Na+].[Na+].[O-]B1OB2OB([O-])OB(O1)O2,0,0,0,0,0,0,0,0,0,0,1,0
CCCCCCC/C=C/C(=O)OC,,0,0,,,1,0,,0,0,0,0
CCCCOC(=O)CC(=O)OCC,0,0,,1,0,1,0,,0,0,0,0
CC1CCC(CO)C(C)C1,,0,1,0,,1,0,1,0,0,0,
CCCCCC(C)CCC(=O)O,1,0,0,0,,0,0,0,0,,0,0
CN1c2c(nc(N)[nH]c2=O)NC[C@@H]1CNc1ccc(C(=O)N[C@@H](CCC(=O)[O-])C(=O)[O-])cc1.[Ca+2],0,0,0,0,0,0,0,0,0,0,1,0
Cc1ncc2c(n1)COC2,0,1,0,,0,0,,0,0,,0,0
CC(C)C(=O)[O-].CCOc1cc(C=O)ccc1O,1,1,0,,0,0,0,,0,1,0,1
C=C(C)C1CCC(C)(O)CC1,0,,0,0,,,0,,0,0,0,0
CCCCCCCCCCCCCCC=O,0,0,,0,0,,0,0,0,0,0,0
Cc1nccnc1CC(C)C,0,,0,,0,1,0,,0,,0,0
CCOC(=O)/C=C(\CC(=O)O)C(=O)O,0,1,,1,0,0,0,,0,,0,
O=C(CCc1ccccc1)c1ccccc1,0,0,1,0,0,0,0,0,1,0,0,0
COC(=O)CCc1ccc(C)cc1,0,,1,0,0,1,0,,0,0,0,0
CC(=O)c1ccccn1,,1,0,,,,,,0,,0,0
COc1ccc(C=O)c(O)c1,0,,,,,,,0,0,0,0,
CC(C)(C)S,,0,0,,1,0,0,0,0,,0,0
COC1=CC(=O)C[C@@H](C)[C@]12Oc1c(Cl)c(OC)cc(OC)c1C2=O,0,0,0,0,0,0,0,0,0,0,1,0
CCN,0,,0,,1,0,0,0,0,0,0,0
c1ccc(CCCC2CCCO2)cc1,,,,,,,,,,,0,
CC(C)C(C)C(C)(C)O,0,0,0,,,,0,,0,0,0,0
CCOC(=O)COc1ccc(C)cc1,0,,0,1,0,,,0,0,0,0,
CC(C)=O,0,0,0,,,0,0,0,0,0,0,0
CCCCCCCCCOC(=O)CCCC,0,0,1,,1,0,1,0,0,0,0,0
CC1CCC(C(C)C)C(OC(=O)c2ccccc2O)C1,0,0,0,0,0,0,0,0,0,0,1,0
C=C(C)[C@@H]1CC[C@H](C)C2=C(C1)[C@@H](C)CC2,0,0,0,0,0,0,0,,1,0,0,0
CC(C)=CCC/C(C)=C/COC(=O)C(C)C,,,1,,0,,0,0,0,0,0,0
CCOc1ccccc1OC,0,1,0,0,1,0,1,1,0,0,0,0
C=CCOC(=O)/C=C/c1ccccc1,,,0,,0,,0,0,1,0,0,
O=C(Cc1ccccc1)Cc1ccccc1,0,1,,,,,1,0,0,0,0,0
O=[Cr](=O)([O-])O[Cr](=O)(=O)[O-].[NH4+].[NH4+],0,0,0,0,0,0,0,0,0,0,1,0
C[C@H]1CCO[C@@H](c2ccccc2)C1,0,0,1,0,0,1,0,0,0,0,0,0
CCc1occc(=O)c1OC(=O)C(C)C,0,1,0,1,0,0,0,0,0,,0,0
C=C1C(O)CC2CC1C2(C)C,0,,,0,,,0,,1,0,0,
CC(=O)O[C@@H]1C[C@H](C)CC[C@H]1C(C)C,0,,,,,1,0,,0,0,0,
CC(C)CCC1(C)OCC=CCO1,1,1,1,0,0,1,0,0,1,0,0,
CCCC(=O)c1ccccc1,0,,,,,,1,,0,,0,0
COc1ccc(C=CC(C)=O)cc1,0,,1,0,0,0,0,0,0,0,0,0
C=C1CCCC(C)(C)C1C(=O)/C=C/C,0,1,1,,0,1,0,0,0,,0,0
CCCCCCCCCCCCCC(=O)N(C)CC(=O)[O-].[Na+],0,0,0,0,0,0,0,0,0,0,1,0
CCOCc1ccccc1O,1,1,0,0,1,0,0,1,,0,0,0
CC1(C)[C@H]2CC=C(CO)[C@@H]1C2,0,,0,,1,1,,1,1,0,0,
CC1C2CCC1(C)C(=O)C2,0,0,0,,1,1,,1,1,0,0,
CCCCCCCC(=O)OCCC,,,,,0,,,,0,,0,0
Oc1ccc2c(c1)OCO2,0,0,0,0,1,0,0,0,0,0,0,1
C=CCc1cc(OC)c2c(c1)OCO2,0,0,0,0,0,0,0,,,0,0,
CCCCOC=O,0,,,,,0,0,,0,,0,
C=CCCCCCCC/C=C/CC#N,0,,0,1,,,0,0,0,0,0,0
CCCOS(C)=S,0,0,0,,1,1,0,0,0,0,0,1
CC(C)=C1CCC(C)CC1=O,0,,0,0,,1,0,0,0,0,0,
CCCC/C=C(/C=O)CC,,0,0,0,0,1,,0,0,0,0,0
C/C=C\c1cc(OC)c(OC)cc1OC,0,0,0,0,0,0,0,0,0,0,1,0
CCCCOC(=O)C=Cc1ccco1,0,0,1,0,1,1,0,0,0,0,0,0
CC(C)(O)C(C)(C)O,0,1,0,0,,,0,,0,,0,
OCC1CCCCC1,0,0,0,0,1,1,0,0,0,0,0,
CN1CCCC1,,,,,,,0,0,0,0,0,0
CC(=O)C1(C)CCCC1,0,0,0,0,,1,0,0,0,0,0,0
CC/C=C/C/C=C/C=C/C=O,,0,0,1,,1,0,0,0,0,0,0
C=Cc1cnccn1,0,0,0,0,,,,0,0,0,0,0
CC1(C)CCCC2(C)C1CCC1(C)OC(=O)CC12,,1,0,0,0,1,0,,,0,0,
CO[C@@H](C(=O)[C@H](O)[C@H](C)O)[C@H]1Cc2cc3cc(O[C@H]4C[C@H](O[C@H]5C[C@H](O)[C@@H](O)[C@H](C)O5)[C@@H](O)[C@H](C)O4)c(C)c(O)c3c(O)c2C(=O)[C@@H]1O[C@@H]1C[C@H](O[C@@H]2C[C@H](O[C@@H]3C[C@@](C)(O)[C@H](O)[C@H](C)O3)[C@@H](O)[C@H](C)O2)[C@@H](O)[C@H](C)O1,0,0,0,0,0,0,0,0,0,0,1,0
COc1cc(N)c(Cl)cc1C(=O)N[C@@H]1CCN(CCCOc2ccc(F)cc2)C[C@@H]1OC,0,0,0,0,0,0,0,0,0,0,1,0
CCCCCCCCCCCCCCCCCCC,0,0,0,0,,0,0,0,0,0,,0
CCC(C)C(=O)OCCC(C)C,0,1,,1,0,0,0,,0,0,0,0
CC(=O)OCC(C)OC(C)=O,0,,0,,,0,0,0,0,,0,0
CCCCc1nccs1,0,0,0,,0,1,0,0,0,0,0,0
C=C(C)[C@H]1CC=C(C)C(=O)C1,0,,0,0,0,,0,0,0,,0,
CC(N)(Cc1ccc(O)c(O)c1)C(=O)O,0,0,0,0,0,0,0,0,0,0,1,0
O=C(O)c1ccccc1O.OCCN(CCO)CCO,0,,0,0,0,0,0,0,0,0,,0
C/C=C/C=C/C(=O)O,0,0,0,0,0,0,0,0,0,0,1,0
CCOC(=O)[C@@]12CCC[C@@H]1[C@H]1CC[C@@H]2C1,0,1,1,,0,0,0,,0,0,0,1
CCCCC=CCC(=O)OCC,,0,,1,0,0,0,,0,0,0,0
CCOC(=O)CNC(=O)C1CC(C)CCC1C(C)C,0,0,0,0,0,1,0,0,0,0,0,
CCCCC/C=C\CC=O,0,0,0,,0,,,0,0,0,0,0
CCOC(CCCCC(C)C)OCC,0,0,0,,0,1,0,0,0,0,0,0
C=CC1(C)CCC(C(C)(O)CCC=C(C)C)O1,0,0,1,0,0,0,0,0,0,0,0,0
CN[C@@H]1[C@H](O[C@H]2[C@H](O[C@H]3[C@H](O)[C@@H](O)[C@H](N=C(N)N)[C@@H](O)[C@@H]3N=C(N)N)O[C@@H](C)[C@]2(O)C=O)O[C@@H](CO)[C@H](O)[C@H]1O,0,0,0,0,0,0,0,0,0,0,1,0
CCCCCCCCC(=O)OCCCC,,,1,1,0,0,0,,0,,0,0
Cc1cccc(O)c1C,,0,0,0,,0,0,,0,0,,
CCCCC=CC=CC=O,,0,,,0,1,0,0,0,0,0,0
CCCCc1cscn1,0,0,0,1,0,1,0,0,0,0,0,
COC(OC)c1ccc(C(C)C)cc1,0,0,,1,0,1,0,,0,0,0,0
CCCCCCCCCCc1ccco1,,0,0,0,,0,0,0,0,0,0,
CC/C=C\CCOC(=O)CC(C)C,,0,,1,,1,0,0,0,0,0,0
C=CC(C)=CCC1OC1(C)C,0,1,1,1,,1,0,0,1,0,0,
CC(=O)OC(C)CC(C)C,0,,0,1,0,,0,0,0,0,0,0
CCCCCCCCCC=CC=O,,,0,1,,1,0,0,0,0,0,
CCCCCCCCCCCC(=O)OCCCCC,,0,,,0,0,0,,0,0,0,0
C/C1=C2/N=C(/C=C3\N=C(/C(C)=C4\[N-][C@@](C)([C@@H]5N=C1[C@](C)(CCC(=O)NCC(C)OP(=O)([O-])O[C@H]1[C@@H](O)[C@@H](n6cnc7cc(C)c(C)cc76)O[C@@H]1CO)[C@H]5CC(N)=O)[C@@](C)(CC(N)=O)[C@@H]4CCC(N)=O)[C@@](C)(CC(N)=O)[C@@H]3CCC(N)=O)C(C)(C)[C@@H]2CCC(N)=O.[CH3-].[Co+3],0,0,0,0,0,0,0,0,0,0,1,0
CCCCCCCCC[C@H](O)CC(=O)CCc1ccc(O)c(OC)c1,1,0,0,0,0,0,0,1,0,0,0,0
C=C(C)C1CCC2(C)CCC=C(C)C2C1,,0,0,0,0,0,0,,,0,0,
CC(C)OCCO,0,0,0,0,0,0,0,0,0,0,0,1
CSCc1ccco1,0,,0,1,1,,0,0,0,,0,
C=CCC(C=CCCC)OC(C)=O,,0,0,1,,1,0,1,1,0,0,0
CC(=O)/C(C)=C/C1=C(C)CCCC1(C)C,,0,1,0,0,0,0,,,0,0,0
O=C(/C=C/c1ccccc1)OC/C=C/c1ccccc1,0,,1,,0,0,,0,,0,0,
CCCCCCCCC(=O)OCCCCCC,,,,1,,1,,,0,,0,0
O=[N+]([O-])O[C@@H]1CO[C@H]2[C@@H]1OC[C@@H]2O,0,0,0,0,0,0,0,0,0,0,1,0
CCCC(=O)OCCC(S)CCC,,,0,1,1,0,0,0,0,0,0,0
OCCCCCc1ccccc1,0,,1,1,,1,,0,0,0,0,
C/C=C/C=C/C(=O)OCCC(C)C,0,0,,1,0,1,0,,0,0,0,0
CCCN(CC1CC1)c1c([N+](=O)[O-])cc(C(F)(F)F)cc1[N+](=O)[O-],0,0,0,0,0,0,0,0,0,0,1,0
N=c1nc(N2CCCCC2)cc(N)n1O,0,0,0,0,0,0,0,0,0,0,1,0
COc1cccc(CO)c1OC,0,1,0,,0,1,0,0,0,0,0,1
O=C1CCCCCCCCCCCCCCCC1,1,0,0,0,0,0,0,,0,0,0,0
C=C(C)CCCC(C)C=COC(C)=O,0,0,0,,0,1,0,0,0,0,0,1
CCCCCCCC(O)CCCC(=O)OCC(O)CO,0,,0,,0,,,0,0,,0,0
CCOC(CC(C)CCC=C(C)C)OCC,,0,0,,0,,0,0,0,0,,0
CCOC(=O)c1ccccc1OC,,,1,1,0,,0,,0,0,0,0
CCCCCCCC1CCCC1=O,0,0,1,,0,1,0,0,0,0,0,0
O=C(c1cccc2ccccc12)c1cn(CCN2CCOCC2)c2ccccc12,0,0,0,0,0,0,0,0,0,0,1,0
C=C1C[C@]23C[C@@]1(O)CC[C@H]2[C@@]12C=C[C@H](O)[C@@](C)(C(=O)O1)[C@H]2[C@@H]3C(=O)O,0,0,0,0,0,0,0,0,0,0,1,0
O=S(=O)(F)F,0,0,0,0,0,0,0,0,0,0,1,0
CCC/C=C\CCOC(C)=O,,,0,1,0,1,0,0,0,0,0,0
CCCCCCOCC#N,,0,1,0,0,1,0,0,0,0,0,0
CC(C)=CCCC(C)CCOC(=O)Cc1ccccc1,0,,1,0,0,,0,0,0,0,0,0
CCC(CC)C(=O)OCCc1ccccc1,0,0,1,,0,,0,0,0,0,0,0
CCOC(OCC)C(C)c1ccccc1,0,0,1,,1,1,0,1,0,0,0,0
[Cl-].[Hg+2].[NH2-],0,0,0,0,0,0,0,0,0,0,1,0
O=C(O)[C@@H]1[C@H](C(=O)O)[C@H]2CC[C@@H]1O2,0,0,0,0,0,0,0,0,0,0,1,0
c1csc(COCc2cccs2)c1,0,0,0,,0,0,0,1,0,0,0,0
CCC/C=C/COC(=O)CCCCC,0,,0,1,0,,0,,0,,0,0
CCCCCCC(=O)CC(=O)OCC,0,0,,1,0,1,0,,1,0,0,0
CC(C)C1=CC2=CC[C@@H]3[C@](C)(CCC[C@@]3(C)C(=O)O)[C@H]2CC1,0,0,0,0,,0,0,0,0,0,,0
CCCC1NCCS1,0,1,0,1,1,1,0,0,0,1,0,
CCCCC(=O)OC/C=C(/C)CCC=C(C)C,0,0,0,,0,1,0,0,0,0,0,0
CCCC/C=C\CCOC(=O)CC,0,,0,1,0,1,0,,0,1,0,0
CC(O)CCO,0,0,0,0,0,0,0,0,0,0,1,0
CCOC(OCC)C(C)CC,0,0,0,1,,1,0,0,0,0,0,0
CCCCCC(=O)OC1CCCCC1,0,0,,1,,0,0,,0,0,0,0
CCCCCCCC/C=C/CCCCCCCC(=O)O,,0,0,0,0,0,0,0,0,0,0,0
CC1=C[C@H]2[C@H](C(C)C)CC[C@](C)(O)[C@H]2CC1,0,,0,0,0,1,0,0,0,0,0,1
C1N2CN3CN1CN(C2)C3,0,0,0,0,0,0,0,0,0,0,1,0
CC1(C)C2CCC3(C2)C1C(=O)CCC3(C)C,0,,0,0,,,0,1,,0,0,0
CN1CCNc2ccccc21,,0,0,0,1,0,0,0,0,,0,0
CCOc1ccc(C=O)cc1,0,,,,0,,,0,0,0,0,
CCCC(=O)OC(C)C(C)=O,0,,0,,,0,0,,0,,0,0
CC(C)(C)c1ccc(CC=O)cc1,0,0,1,0,0,1,0,1,0,0,0,0
C=CC(C)(CCC=C(C)C)OC(=O)CC,0,,,,0,,0,,0,0,0,
CC(C)C(=O)C(C)C,0,0,0,,1,1,0,0,0,0,0,0
CCC/C=C/COC(=O)c1ccccc1O,0,0,,0,0,,0,,,0,0,
COCc1ccc(OC)cc1,0,1,1,0,0,,0,0,0,0,0,1
COCC(C)c1ccccc1,0,0,1,0,0,0,0,0,0,0,0,0
CC1=CC(C=O)=C(C(C)C)CC1,,0,0,0,0,1,0,0,0,0,0,1
C=C(C)C(=S)OCCCC,0,0,0,,0,0,0,0,0,0,0,0
CCCCCCCCCCCCCCCCCC(=O)OC,,0,0,0,0,0,0,0,0,0,,0
CCN(CC)c1ccc(C(=C2C=CC(=[N+](CC)CC)C=C2)c2ccccc2)cc1,0,0,0,0,0,0,0,0,0,0,1,0
O=C1COc2ccccc2O1,0,,0,0,0,1,0,0,0,0,0,0
C=CCOC(=O)CCCCCCCCC,,,,1,0,0,0,,0,0,0,0
CC(=O)O[C@@H]1C[C@@H]2CC[C@@]1(C)C2(C)C,0,,0,,,,0,1,1,0,0,
C=CC(C)(CC/C=C(\C)CCC=C(C)C)OC(=O)C(C)C,0,0,0,1,0,1,0,1,0,0,0,
OCc1cccs1,0,1,0,,,0,0,0,0,1,0,0
Cc1ccccc1CCO,0,,1,0,,,0,,0,0,0,0
COC(=O)C1C(C)=CCCC1(C)C,0,0,1,,1,1,0,1,0,0,0,0
C/C=C/C(=O)C1CCC(C)(C)C=C1C,0,,1,1,0,,0,0,0,0,0,0
Cc1nc2c(nc1C)CCC2,0,0,0,0,1,0,1,1,0,1,0,0
[Br-].[NH4+],0,0,0,0,0,0,0,0,0,0,1,0
CCC(SC)C(=O)OC,0,,0,1,1,,0,,0,0,0,0
CC1(C)[C@@H]2CC[C@@](C)(C2)[C@@H]1O,0,,0,,1,1,0,,,0,0,
NCCC(=O)N[C@@H](Cc1cnc[nH]1)C(=O)O,0,0,0,0,0,0,0,0,0,0,1,0
CC1=C[C@H]2C(=CC1)[C@@H](C)CC[C@@H]2C(C)C,0,0,0,1,0,0,0,0,0,0,0,1
CC(C)C1=CC(=O)C(C)CC1,0,0,0,0,0,1,0,0,0,0,0,
CC1=CCC2CC1C2(C)C,0,,0,0,,,0,1,1,0,0,
CC(C)C(=O)OCCc1ccccc1,0,,1,,,,0,0,,,0,0
O=C1CCCCCCCCC/C=C/CCCO1,1,,0,,,0,0,0,0,0,0,0
[Cd],0,0,0,0,0,0,0,0,0,0,1,0
CCCCCCCCC(=O)OCC=Cc1ccccc1,0,0,1,,0,0,0,1,0,0,0,0
CCOC(C)OC,0,0,0,,1,1,1,0,0,0,0,0
CC1=C(CCC(C)O)C(C)(C)CC=C1,1,0,1,0,,1,0,1,0,0,0,0
CCCc1ccccc1O,0,0,0,,1,0,,1,,0,0,
CCOC(=O)Cc1ccccc1,,1,,,,,0,,,,0,
CCCCCC/C=C/CC(=O)O,,0,0,,0,,0,0,0,0,0,0
CCCCCOC(C)OCCC(C)C,0,,0,1,,1,0,,0,,0,0
CCC(C)S,,0,0,,1,,0,0,0,,0,0
CCCCC(=O)C(C)=O,,1,0,,,0,0,0,0,,0,0
CC1(C)C2CCC(C)(C3(C)CCC4CC3(C3(C)CCC5CC3C5(C)C)C4(C)C)C1C2.CCC(=O)O,0,0,0,,0,1,0,1,1,0,0,0
CC1=C(O)C(=O)[C@H](C)[C@@H]1C,0,1,0,0,0,0,0,1,0,,0,0
COc1c2occc2cc2ccc(=O)oc12,0,0,0,0,0,0,0,0,0,0,1,0
C/C=C/c1ccc(OC)c(OC)c1,0,,,0,0,,0,,0,0,0,1
CCOC(=O)/C(C)=C/C(C)C,0,0,0,,0,1,0,0,0,0,0,0
CN(C)c1ccc(N=NS(=O)(=O)[O-])cc1.[Na+],0,0,0,0,0,0,0,0,0,0,1,0
CCCCCCC/C=C/COC(C)=O,,0,0,,0,0,0,0,0,0,0,0
CCCC(=O)Oc1ccc(C)cc1,,0,1,,,,,0,0,0,0,
CC(C)=CCCC(C)c1ccc(C)cc1,0,0,0,0,0,1,0,0,0,0,0,0
CCCC(=O)C(CC)SC(C(=O)CC(C)C)C(C)C,0,0,1,1,0,0,0,1,0,0,0,0
CC1=CCC(CCC(C)C(C)O)C1(C)C,,,0,0,0,,0,1,0,0,0,0
COCOC1CCCCCCCCCCC1,1,0,0,0,0,0,0,1,1,0,0,0
CCOC(=O)CO,0,0,,1,,1,0,,0,0,0,
C=C[C@H](O)CCCCC,0,,,1,,0,0,,0,0,0,0
C=C1C=C[C@@H]([C@@H](C)CCC=C(C)C)CC1,0,0,0,,0,1,0,1,0,0,0,0
C/C1=C\CC[C@@](C)(O)/C=C/[C@H](C(C)C)CC1,0,,1,1,0,0,0,0,0,0,0,0
CN,0,,0,,1,0,0,0,0,0,0,0
C[C@]12CCC(=O)C=C1CC[C@@H]1[C@@H]2CC[C@@]2(C)[C@H]1CC[C@]2(C)O,0,0,0,0,0,0,0,0,0,0,1,0
O=C1OCCCCCCCCO1,0,0,0,0,1,1,0,0,0,0,0,
CCC=CCO,0,0,,0,0,1,0,0,0,0,0,0
CCOC(=O)C=CSC,0,1,0,,1,0,0,0,0,0,0,0
C=C(C)C1CCC(C)C2=C(C1)C(C)CC2,0,1,0,0,0,0,0,1,1,0,0,
CCCCCCC1CCCC(=O)O1,,,0,1,0,,,0,0,,0,0
CCC[C@H](S)CCO,0,0,0,1,,1,0,0,0,0,0,0
CCC1OCCC(C)(C)S1,,0,0,,1,1,0,0,,0,0,
C=C(CCCCC)C(C)=O,0,,0,1,1,,0,,0,0,0,0
CCCCC(=O)OCCCc1ccccc1,0,,,,0,0,0,0,,0,0,
C[C@]12CC[C@@H](O)C[C@@H]1CC[C@@H]1[C@@H]2CC[C@]2(C)C=CC[C@@H]12,1,0,0,0,0,0,0,0,0,0,0,0
CCC(C)(O)CCc1ccccc1,,,1,,,,0,,0,0,0,
COc1cc2c(cc1OC)[C@@]13CCN4CC5=CCOC6CC(=O)N2C1[C@H]6[C@H]5C[C@H]43,0,0,0,0,0,0,0,0,0,0,1,0
CC(C)=CC=O,0,1,0,,,0,1,0,0,0,0,
C=C[C@](C)(CCC=C(C)C)OC(C)=O,0,0,0,0,0,1,0,0,0,0,0,0
CC(=O)OC(C)/C(C)=C/C1C(C)=CCCC1(C)C,0,0,,,0,1,0,1,0,0,0,
CC[C@@H](CO)NCCN[C@@H](CC)CO,0,0,0,0,0,0,0,0,0,0,1,0
CC(=O)c1oc(C)cc1C,0,1,0,0,0,0,,0,1,,0,0
CCCCCOC(=O)c1ccccc1C(=O)OCCCCC,0,0,0,0,0,0,0,0,0,0,1,0
Cn1c(=O)c2[nH]cnc2n(C)c1=O.NCCN,0,0,0,0,0,0,0,0,0,0,1,0
CCc1cccc(CC)c1N(COC)C(=O)CCl,0,0,0,0,0,0,0,0,0,0,1,0
CCCCC/C=C/CC/C=C/C=O,,0,0,1,0,0,0,0,0,0,0,0
COC(C)(C)CCCC(C)CC=O,0,1,1,,0,1,0,0,0,0,0,0
C=CC(O)C/C=C\CC,0,0,0,1,,1,0,,0,0,0,0
CC(=O)OC[C@H]1O[C@@](COC(=O)C(C)C)(O[C@H]2O[C@H](COC(C)=O)[C@@H](OC(=O)C(C)C)[C@H](OC(=O)C(C)C)[C@H]2OC(=O)C(C)C)[C@@H](OC(=O)C(C)C)[C@@H]1OC(=O)C(C)C,0,0,0,0,0,0,0,0,0,0,1,0
CC(C)CCCCCCOC(=O)C1CCCCC1C(=O)OCCCCCCC(C)C,0,0,0,0,0,0,0,0,0,0,1,0
CC(C)CCO,0,,,,,,0,,0,,0,
CCCCC/C=C\C[C@H]1CCC(=O)O1,0,0,0,0,0,0,0,0,0,0,0,0
O=C(C=Cc1ccccc1)N1CCCCC1,0,0,0,0,0,0,0,0,0,0,1,0
C[C@@H](C=O)[C@H]1CC[C@H](C)[C@H]1C(=O)O,0,0,0,0,0,0,0,0,0,0,1,0
CC(CC(=O)O)CC(C)(C)C,0,0,0,0,1,0,0,0,0,0,0,0
CCCCC=COC(=O)C=CCCCCC,,0,0,,0,0,0,0,0,0,0,0
FC(Cl)(Cl)Cl,0,0,0,0,0,0,0,0,0,0,1,0
CC(C)c1ccc2ncccc2c1,0,0,0,0,,,,1,0,0,0,
CC1CC=CCC12COC(C)(C)OC2,0,0,,1,1,1,0,1,0,0,0,0
CCC1=C(O)C(=O)CC1,0,1,0,,0,,0,,,,0,
CC12C=CC(CC1)C(C)(C)O2,0,0,0,1,0,1,0,0,0,0,0,
CC(S)c1ccccc1,,0,1,1,1,0,0,0,0,,0,0
C=CCOC(=O)CC(C)C,0,,,,,0,0,,0,0,0,0
CC1(C)[C@@H]2CC[C@@]1(C)C(O)C2,0,0,0,0,1,1,0,1,0,0,0,1
CC1=C[C@H]2OC(=O)[C@H](C)[C@H]2CC1,0,1,0,,0,1,,0,0,0,0,1
COc1ccc(C=O)c(OC)c1,0,0,1,0,0,0,1,1,0,0,0,0
CCCCCCCCCCCCCCCC(=O)OCCCCCCCCCC,0,0,0,0,0,0,0,0,0,0,0,0
COC(OC)c1ccc2c(c1)OCO2,0,0,0,0,0,1,0,0,0,0,0,0
C=C(C)C12CC(CC1CO)C(C)=C2C,0,0,0,0,1,1,0,1,0,0,0,0
C=C1CC/C=C(/C)CC[C@@H]2[C@@H]1CC2(C)C,0,0,0,0,0,0,0,1,0,0,0,
CCCCC/C=C\C/C=C\C=C\C=O,,0,0,,,,0,0,0,0,0,0
CCCCCC(C(C)=O)C(=O)OCC,0,0,1,1,0,1,0,,0,0,0,0
CC(C)=CCCC(C)=CCOC=O,0,0,1,1,0,1,0,0,0,0,0,0
COC1CC2CC1C1CC(C=O)CC21,0,0,,0,1,,0,,0,0,0,0
CCCCCCCCOC(=O)CCC,,,1,,,1,0,,0,0,0,0
Nc1ncnc2c1ncn2C1CC(O)C(COP(=O)(O)OP(=O)([O-])OP(=O)([O-])O)O1.[Na+].[Na+],0,0,0,0,0,0,0,0,0,0,1,0
CCC[C@H](CC(=O)OC)OC(C)=O,0,0,0,,0,1,0,0,0,0,0,0
CCCCCCCOP(=S)([S-])OCCCCCCC.CCCCCCCOP(=S)([S-])OCCCCCCC.[Zn+2],0,0,0,,,,0,,,0,0,
O=C(CCC(=O)OCBr)OCBr,0,0,0,0,,0,0,0,0,0,0,0
CCCCCCCCC=COC,,0,,1,,,0,0,0,0,0,0
NS(=O)(=O)Cc1noc2ccccc12,0,0,0,0,0,0,0,0,0,0,1,0
CC(=O)OCC1C=CC(C(C)C)=CC1,0,0,0,,0,1,0,0,0,0,0,1
CCCC(=O)CCC,0,,0,,,,,,0,,0,0
CC(=O)OC1CC2CC1C1CCCC21,0,0,0,,0,1,0,0,0,0,0,0
C=C[C@@H](O)CCC,0,0,0,0,,1,0,1,0,0,0,0
CCC(C)O,,,,,,0,0,,0,0,0,0
CCC(C)C(=O)C(=O)[O-].[Na+],0,0,0,,0,0,0,0,0,0,0,0
CCCCCCCC=CCO,,0,1,,,,0,0,0,0,0,0
Cc1ncc2c(n1)CSC2,0,,0,,0,0,1,0,0,1,0,
CC(C)[C@@H]1CC[C@@H](C)C[C@H]1OC(=O)CCC(=O)N(C)C,0,0,0,0,0,1,0,0,0,0,0,
CCCC(=O)CO,0,1,0,0,0,1,0,0,0,,0,0
COc1ccc2ccc(=O)oc2c1,0,1,0,0,0,,,0,1,0,0,0
SCc1cnccn1,,,0,,,0,0,0,0,1,0,0
CCC(C)CCCCC=O,,,0,1,0,1,0,0,0,0,0,0
OO,0,0,0,0,,0,0,0,0,0,1,0
CCCCCC=CC(=O)OC,0,0,0,,0,1,0,0,0,,0,0
CCOC(=O)C(C)C1CCCCC1,0,0,0,1,0,,0,0,0,0,0,0
CC1=C(C/C=C(\C)CCC[C@H](C)CCC[C@H](C)CCCC(C)C)C(=O)c2ccccc2C1=O,0,0,0,0,0,0,0,0,0,0,1,0
CNC.O=C(O)COc1ccc(Cl)cc1Cl,0,0,0,0,0,0,0,0,0,0,1,0
CCCOCCC.Cc1ccc(O)cc1,1,0,1,0,0,1,0,0,0,0,0,1
OC/C=C/CO,0,0,0,0,0,0,0,0,0,0,1,0
SCCCCS,,0,0,0,1,0,0,0,0,,0,0
CC(C)=CCC[C@](C)(O)[C@H]1CC=C(C)CC1,0,0,1,0,0,0,0,0,1,0,0,1
CC1=C(CCC(C)O)C(C)(C)CCC1,,,1,0,0,0,0,1,,0,0,0
C1=Cc2ccccc2C1,1,0,0,0,0,0,0,0,1,0,0,0
C=CCCCCCC,0,0,0,0,,,0,0,0,0,0,0
CCCCCCCCCCCOC(=O)CCC,,0,0,,0,0,0,0,0,0,0,0
CCCCCCCC/C=C/CO,0,0,,,0,,0,0,0,0,,0
CC(C)C1CCC(CO)CC1,,0,,0,,1,0,0,0,0,0,
C=COCCCCCCCCCC,0,0,1,,0,,0,0,0,0,0,0
O=C(O)/C=C/c1ccccc1,0,,,0,0,0,0,,,0,0,
CC(C)C(=O)OC1CC2CC1C1C=CCC21,,,0,,0,,0,0,,,0,
CCOC(C)(C)C1CC=C(C)CC1,,0,0,1,0,1,0,0,0,0,0,0
CC(=O)CC/C=C(/C)CCC=C(C)C,,0,0,0,,0,0,0,0,0,0,0
CCCCCCOC(C)OCCCCC,0,,0,1,,1,0,,0,,0,0
CCC(C)C(N)C(=O)O,0,0,0,0,0,0,0,0,0,0,1,0
Cc1ccc(C)[nH]1,1,0,0,0,1,1,0,1,0,0,0,0
CCCCCCN=C=S,0,0,0,,,1,0,0,0,0,0,
CC/C=C\CCOC(=O)c1ccccc1O,0,,1,0,,1,0,,1,0,0,0
CCCCCC(=O)CSCCC,0,1,1,1,,1,0,0,0,0,0,0
CCC1(CC)CSSS1,0,0,0,,1,1,0,0,0,0,0,1
O=C(Cc1ccccc1)OC/C=C/c1ccccc1,,,1,0,0,,0,0,1,0,0,
COc1ccccc1OC(=O)Cc1ccccc1,,,,0,,,0,1,,,0,
CO[C@@H]1C[C@H]2CC[C@]1(C)C2(C)C,0,0,0,0,0,1,0,1,1,0,0,0
O=C([O-])CCCCC(=O)[O-],0,0,0,0,0,0,0,0,0,0,1,0
C=Cc1ccc(OC)cc1,0,,,0,0,,0,0,0,0,0,
CCCCCCCCCCCCCCO,,,,,0,0,,,0,0,0,0
CC1(O)CCC(C(C)(O)CO)CC1O,0,0,1,0,0,0,0,0,1,0,0,0
CCCCCCCCCOC(=O)C(C)C,,,1,1,0,1,0,0,0,0,0,0
CC1=C(C=CC#N)C(C)(C)CCC1,0,0,1,0,0,1,0,1,0,0,0,0
O=C1C=CC(=O)c2ccccc21,0,0,0,0,0,0,0,0,0,0,1,0
CCCCCCCCCCCCCCC(=O)OCC,,,0,0,0,0,0,0,0,0,0,0
C=C(C)OC(=O)CCC(C)=O,0,,0,1,0,1,0,0,0,0,0,0
CCCCCCCCCCCCCC(=O)OC,,,,,0,0,,,0,,0,0
C1CCNCC1,1,,1,0,,0,0,0,0,0,0,
CC(C)C12C=CC(C)(CC1)OO2,0,0,0,0,0,1,0,0,0,0,0,
CC[N+](CC)(CC)CCOc1cccc(OCC[N+](CC)(CC)CC)c1OCC[N+](CC)(CC)CC.[I-].[I-].[I-],0,0,0,0,0,0,0,0,0,0,1,0
C=CC(=C)CCCC(C)(C)OC(C)=O,0,,,,,,0,,0,0,0,
CCC(c1ccc(O)cc1)[C@H](CC)c1ccc(O)cc1,0,0,0,0,0,0,0,0,0,0,1,0
CC[C@@H](C)O,0,0,,1,0,0,0,,0,0,0,0
CCSC(=O)CNC(C)=O,,0,0,0,1,0,0,0,0,,0,0
C[C@@H]1OCCCCCCCCCCCOC1=O,1,1,1,0,0,0,0,0,1,0,0,0
CC(C)=CCC/C(C)=C/COC=O,0,,1,,0,,0,0,0,0,0,0
CCCCCCCCOC(=O)c1ccccc1N,0,0,1,0,0,1,0,0,0,0,0,0
CC=CCOC(=O)C(C)CCC,0,0,0,1,,0,0,0,0,0,0,0
CC1=CC[C@@H](C(C)(C)OC(=O)/C=C/c2ccccc2)CC1,0,0,1,0,0,0,0,0,1,0,0,0
CCCOC(C)=O,0,,,1,,,0,0,0,0,0,
CC(C)CS,0,0,0,1,1,,0,0,0,,0,
CC1(C)O[C@@H]2C[C@H]3[C@@H]4C[C@H](F)C5=CC(=O)CC[C@]5(C)[C@H]4[C@@H](O)C[C@]3(C)[C@]2(C(=O)CO)O1,0,0,0,0,0,0,0,0,0,0,1,0
OC[C@H]1O[C@@](CO)(O[C@H]2O[C@H](CO)[C@@H](O)[C@H](O)[C@H]2O)[C@@H](O)[C@@H]1O,0,,0,0,0,0,0,0,0,,,0
C=CCC1CC(O)C2CCCCC2C1,0,0,0,0,0,0,0,0,0,0,1,0
COc1cc(C=O)cc(OC)c1O,0,1,,,,,,,,,0,0
C=CC(C)(CCC=C(C)CCC=C(C)C)OC=O,0,0,1,0,0,1,0,1,0,0,0,0
CC(=O)c1sc(C)cc1O,,0,0,0,0,0,0,0,0,1,0,0
CC(=O)CCC(=O)OCC(C)C,0,1,0,,0,1,0,0,0,,0,0
CC(C)C(=O)OCC=Cc1ccccc1,0,,0,1,0,0,0,0,1,0,0,0
CCCC=CC=CC=CC=O,,0,0,1,1,0,0,0,0,0,0,0
CCc1ncc(C)nc1CC,,,0,,,,,,0,,0,0
Cc1cc([N+](=O)[O-])cc([N+](=O)[O-])c1O,0,0,0,0,0,0,0,0,0,0,1,0
CC(C)COCc1ccccc1,0,0,1,,0,0,0,0,0,0,0,0
CN1CCN(C(c2ccccc2)c2ccccc2)CC1.Cl.Cl,0,0,0,0,0,0,0,0,0,0,1,0
CC(S)S,,0,0,0,,0,0,0,0,1,0,0
C=C/C(C)=C/CCC(C)(C)O,0,,,,,,0,,,0,0,
CCc1cnc(C)cn1,0,,0,,,,,0,0,,0,0
Cc1ccc(CCC=O)cc1,0,,1,0,0,,,0,0,0,0,
CC(=O)CC(c1ccccc1)c1c(O)c2ccccc2oc1=O,0,0,0,0,0,0,0,0,0,0,1,0
Nc1ccc(S(=O)(=O)c2ccc(N)cc2)cc1,0,0,0,0,0,0,0,0,0,0,1,0
Cl[Cr]Cl,0,0,0,0,0,0,0,0,0,0,1,0
C/C=C/c1ccc2c(c1)OCO2,0,,0,0,0,,0,,0,0,0,1
CCC(=O)OCc1cccc(C)c1,0,0,1,,0,0,0,0,0,0,0,0
C/C=C/c1ccc(OC(=O)CC(C)C)c(OC)c1,0,1,0,,0,1,0,1,0,0,0,1
CCCOC(=O)C(C)=O,0,1,,,,0,0,0,0,,0,0
COC(=O)c1ccccc1N=CC(C)Cc1ccc(C(C)(C)C)cc1,0,0,1,1,0,,0,0,0,0,0,0
C[C@H](C=O)Cc1ccc2c(c1)OCO2,1,1,1,,1,1,0,0,0,0,0,1
COc1cc(Cc2cnc(N)nc2N)cc(OC)c1OC,0,0,0,0,0,0,0,0,0,0,1,0
CC(=O)CC(=O)O[C@@H]1C[C@H](C)CC[C@H]1C(C)C,0,0,0,0,0,1,0,0,0,0,0,
CC(=O)c1ccc(C)s1,0,1,,,0,,,0,0,,0,
CCCCCCCCCCCCOC(=O)C(C)O,,,0,,,0,0,0,0,,0,0
CCCCc1ccccn1,0,,0,0,0,1,0,0,0,0,0,0
CCCCC[C@H](C)O,,0,0,1,1,0,0,,0,0,0,0
Cc1ccccc1SSc1ccccc1C,,,0,0,,0,0,0,0,,0,0
CCC=CC=CC(C)=O,,0,0,,,,0,,0,0,0,0
CCCCCC=CCCCC(=O)[O-],0,0,0,0,0,1,0,1,0,0,0,1
C=CC(C)CCCC(C)(C)O,0,0,,1,,1,0,,,0,0,0
C/C=C/c1cc(OC)c(O)c(OC)c1,0,,0,0,0,0,0,0,0,0,0,1
SCCCS,,0,0,,1,,0,0,0,,0,
CCC(CC)CC(=O)OC,0,0,0,,0,0,0,0,0,0,0,0
CNC(=O)Oc1cccc2ccccc12,0,0,0,0,0,0,0,0,0,0,1,0
O=C([O-])O.[K+],0,0,0,0,0,0,0,0,0,0,1,0
CCC=CC=CCO,,1,0,0,1,0,1,0,0,0,0,0
O=C(/C=C/c1ccccc1)OC1CCCCC1,0,1,0,,,,1,0,,0,0,
COC(=O)C(C)S,,0,0,1,1,0,0,0,0,1,0,0
CC1=CCCC(C(=O)CC(=O)CC(C)C)C1,0,0,1,0,0,0,0,1,0,0,0,0
CCCCCCC(=O)OC1CCCCC1,0,0,0,,0,0,0,0,0,0,0,0
c1coc(Cc2ccoc2Cc2ccco2)c1,0,0,1,,0,0,0,0,0,0,0,0
CCCSSSCC,0,0,0,,1,1,0,0,0,,0,1
NC(=O)c1ncn([C@@H]2O[C@H](CO)[C@@H](O)[C@H]2O)n1,0,0,0,0,0,0,0,0,0,0,1,0
O=P([O-])([O-])O.[Mg+2],0,0,0,0,0,0,0,0,0,0,1,0
CCC[C@H]1O[C@@H]1/C=C/C=O,0,0,0,0,,0,,0,0,0,0,0
O=[N+]([O-])c1ccc(O)cc1,0,0,0,,,0,,0,,0,,
CC(CC#N)CCc1ccccc1,0,,1,1,,,0,0,0,0,0,0
CC(=O)C=CC(C)C,0,1,0,1,1,0,0,0,0,0,0,0
SCCCCCCCCCS,,0,0,,1,0,0,,0,,0,0
CC/C=C\CCOC(=O)CCCCCCC,,0,,1,,1,0,,0,0,0,0
O=C([O-])O.[Na+],0,0,0,0,0,0,0,0,0,0,1,0
CCCCC(=O)C(CCC)Sc1ccoc1C,,0,0,0,0,0,0,0,0,1,0,0
CC(C)/C=C/C(=O)O,,1,0,1,,1,0,0,0,0,0,0
NCCCCN,1,0,0,0,1,0,0,0,0,0,0,0
CCSSSC,0,0,0,,1,1,0,0,0,,0,1
O=C(C=CC=Cc1ccccc1)c1ccccc1,0,0,1,0,0,1,0,0,0,0,0,0
CCCCCCCc1ccco1,,,0,,0,1,1,0,0,,0,0
CC(C)=CCC/C(C)=C/COCC=O,0,,1,0,,,0,0,0,0,0,0
[2H][2H],0,0,0,0,0,0,0,0,0,0,1,0
CCCCCCCCCCCCOC(=O)CCC,,0,0,,,0,0,0,0,0,0,0
CCC1CCC(CC)O1,0,1,0,0,0,,0,0,0,,0,
CC(C)=CCC/C(C)=C\CS,,0,0,1,1,1,0,0,0,0,0,
ClC(Cl)(Cl)C(Cl)(Cl)Cl,0,0,0,,1,1,,0,0,0,0,
CC[C@@H](C)CO,,0,0,0,,0,0,0,0,0,0,0
CCC1(C)OCC(C)(C)C(C(C)C)O1,1,0,0,0,,1,0,0,0,0,0,
CC(=O)C(O)Cc1ccccc1,0,,0,,0,0,0,0,0,0,0,0
CCC(=O)c1nc(C)cs1,0,0,0,,0,1,0,0,0,0,0,0
CC(C)C(O)c1ccccc1,0,0,1,0,0,0,0,1,0,0,0,0
CCC(C)CCCCCCC(=O)O,,0,0,0,0,0,0,0,0,0,0,0
C=C1C2CCC(C2)C1(C)CCC=C(C)COC(C)=O.CC(=O)OCC(C)=CCCC1(C)C2CC3C(C2)C31C,0,0,1,1,1,1,1,1,0,0,0,0
CSCCCC=O,0,0,0,1,,,0,0,0,0,0,
CC(C)C(C)S,,,0,0,1,0,0,0,0,,0,0
CCCCC/C=C/C=C/C(=O)OCCC,,0,0,1,0,1,0,0,0,0,0,0
CCC1CC(C)(C)CCC1=O,0,0,1,0,0,1,0,0,0,0,0,
C/C1=C2/[N-][C@H]([C@H](CC(N)=O)[C@@]2(C)CCC(=O)NC[C@@H](C)OP(=O)(O)O[C@H]2[C@@H](O)[C@@H](n3cnc4cc(C)c(C)cc43)O[C@@H]2CO)[C@]2(C)N=C(/C(C)=C3\N=C(/C=C4\N=C1[C@@H](CCC(N)=O)C4(C)C)[C@@H](CCC(N)=O)[C@]3(C)CC(N)=O)[C@@H](CCC(N)=O)[C@]2(C)CC(N)=O.[Co],0,0,0,0,0,0,0,0,0,0,1,0
CC(C)=CCC/C(C)=C/CC/C(C)=C/CC/C=C(\C)CC/C=C(\C)CCC=C(C)C,0,0,,0,0,0,0,0,0,0,0,0
OCC(O)C(O)C(O)C(O)CO,0,0,0,0,0,0,0,0,0,0,1,0
CCCCCCOC(=O)/C=C/c1ccccc1,,0,0,,,,0,,1,0,0,
CCCCCCCCC([O-])=NCc1ccc(O)c(OC)c1,0,0,0,0,0,0,0,0,0,0,1,0
CCC(C)CC(O)CC,0,0,1,,,0,0,0,0,0,0,0
COC(=O)C[C@H](C)O,0,0,0,,0,0,0,0,0,0,0,0
CCCC,0,0,0,0,,0,0,0,0,0,,0
CCCCCCC(=O)OC,0,,,1,0,,0,,0,0,0,0
CCCCCCC#CC(=O)OC,0,0,1,,0,1,0,,0,0,0,0
CCCCCCCCCCCCCCC1CCC(=O)O1,,0,0,0,0,0,0,0,0,0,0,0
CC(=O)/C=C/C=C(\C)CCC=C(C)C,0,,1,,0,,0,,,0,0,
OC1CCCCO1,0,0,0,0,0,1,0,,0,0,0,0
CCCCCCCCCCCC(C)=O,,,0,,,1,,,0,,0,
CCCCCCCCC(=O)OCc1ccccc1,,,,,0,,0,,,0,0,0
CCCCOC(=S)C(C)C,0,0,0,1,1,0,0,,0,0,0,
CC1(C)C2=CCCC(C)(C)[C@]23CC[C@H]1C3,1,0,0,0,0,0,0,1,1,0,0,0
C=CC(C)CCOC(=O)/C(C)=C\C,0,0,0,,0,1,0,0,0,0,0,1
CCCC=C1OC(=O)C2=C1CCCC2,0,0,0,0,0,0,0,0,0,0,0,1
CCCC(=O)C(C)=O,,1,0,,,,0,0,0,,0,
CCC=C(C)OC=O,0,0,,1,,1,0,,0,0,0,0
CCC(C)=CC(C=C(C)C)CC(C)=O,0,0,1,0,0,1,0,0,0,0,0,0
CC(=O)c1cnc(C)o1,0,0,0,0,0,0,1,0,0,0,0,0
[Sn],0,0,0,0,0,0,0,0,0,0,1,0
C=C[C@]1(C)OC(C)(C)CC[C@@H]1O,0,,,1,0,,0,0,0,0,0,0
CC(C)[C@@H]1CC[C@@H](C)CC1=O,0,,,,,1,0,,0,0,0,
O=[Si]([O-])[O-].O=[Si]([O-])[O-].[Al+3].[Na+],0,0,0,0,0,0,0,0,0,0,1,0
CC(C)CCOC(=O)C(C)C,,,0,,,,0,0,0,0,0,0
CN1CCCCC1,0,0,0,0,0,0,0,0,0,0,,
C=C1CCC[C@H](C)C2CC(C(C)(C)O)CC12,0,0,0,,0,0,0,0,0,0,0,0
CCOC(OCC)C(C)C,0,0,0,1,,1,0,0,0,0,0,0
COC(=O)c1ccccc1NC=O,0,1,0,1,,0,0,0,0,0,0,0
O=C(Oc1cccc(OC(=O)c2ccccc2)c1)c1ccccc1,0,1,0,1,1,0,0,0,0,,0,0
CCCCCCCCCCCCOC(=O)c1ccccc1,0,0,0,0,0,0,0,0,0,0,1,0
CCOC(=O)CC(=O)OCc1ccccc1,0,0,,1,0,0,0,,0,0,0,0
OCC(O)/C(O)=C/c1ccccc1,0,1,0,,,,1,,0,0,0,0
CCO[C@@H]1O[C@H](CO)[C@@H](O)[C@H](O)[C@H]1O,0,0,0,,0,0,0,0,0,0,0,0
CC(C)CC(C)CCCC(C)O,,0,1,,0,1,0,,0,,0,0
CCCCCCC(C=O)=Cc1ccco1,0,0,0,0,0,1,0,0,0,0,0,1
O=C1CCCC1,0,0,0,0,,,,,0,0,0,
Cc1ccc(O)cc1.c1ccc(Oc2ccccc2)cc1,1,0,1,1,0,1,0,0,0,0,0,0
OC[C@H]1O[C@@H](O[C@H]2[C@H](O)[C@@H](O)[C@@H](O)O[C@@H]2CO)[C@H](O)[C@@H](O)[C@H]1O,0,0,0,0,0,0,0,0,0,0,1,0
CCC(=O)/C=C/C1C(C)=CCCC1(C)C,0,,1,,0,,0,1,0,0,0,0
CNC[C@H](O)c1ccc(O)c(O)c1,0,0,0,0,0,0,0,0,0,0,1,0
CCOC(=O)CC(C)=O,,,0,,,,0,,0,0,0,
CCSC,,,0,,1,,0,0,0,,0,
CCCCCCOC(C)OC,0,0,1,0,0,1,0,0,0,0,0,
Cc1sccc1S,,0,0,,,0,,0,0,,0,
O=[Cr](=O)([O-])O[Cr](=O)(=O)[O-].[Na+].[Na+],0,0,0,0,0,0,0,0,0,0,1,0
CC(C)CCCC1CCC(=O)CC1,0,0,1,0,1,1,0,1,0,0,0,
C/C=C/C(=O)OCCCCCCCCCC,0,0,0,0,,1,0,0,0,0,0,0
CC(C)CCCC(C)CCO,,,,,,,0,,,0,0,0
CNc1cnn(-c2cccc(C(F)(F)F)c2)c(=O)c1Cl,0,0,0,0,0,0,0,0,0,0,1,0
CCCCC(C)O,,0,,,,,0,,0,0,0,0
C[C@H]1CC[C@@]2(O)C(C)(C)[C@@H]3CC[C@@]2(C)[C@H]1C3,0,0,0,0,1,1,0,1,0,0,0,0
CCCCC(S)CCOC(C)=O,0,,0,,,,0,0,0,0,0,0
CC(=O)C(=O)C(C)C,,1,0,,0,0,0,0,0,,0,0
CC(C)=CCOC=O,0,1,0,,,,0,,0,0,0,1
CCCCCCC(O)CCc1ccccc1,0,0,1,0,1,0,0,1,0,0,0,0
C/C=C/S/C=C/C,0,0,0,,,,0,0,0,1,0,
CCCCC[C@H]1O[C@H]1/C=C/C=O,0,0,0,1,1,1,0,0,0,0,0,0
COC(=O)CCCc1ccccc1,0,1,1,,0,0,0,0,0,0,0,0
CC(OC=O)c1ccccc1,0,,1,0,0,1,0,1,,0,0,0
COc1ccccc1/C=C/C=O,0,,,,0,0,0,,,0,0,1
CCOC(=O)CCc1ccccc1,0,,1,,,,0,,0,0,0,
C=CCC(/C=C/CCCCC)OC(C)=O,,0,0,0,,1,0,,1,0,0,0
C1CCOC1,0,0,0,,,0,0,0,0,0,0,0
COC(=O)C(C)(C)C1CCC(C)CC1,0,0,0,1,1,1,0,1,1,0,0,
CCCCCCCCCCCCOS(=O)(=O)O.OCCNCCO.OCCO,0,0,0,0,0,0,0,0,0,0,1,0
CCOC(=O)C=Cc1ccco1,0,0,1,0,0,0,0,0,1,0,0,0
CCCCCC1CC(C)C(=O)O1,0,0,0,,1,1,0,0,0,0,0,
CC1(C)CCCc2ccc(C=O)cc21,0,,,,,1,0,0,0,0,0,0
CCCC/C=C/CCC=O,,0,0,,0,,0,0,0,0,0,0
CCCCCCCCCCCC(=O)O,,,,,,,,0,0,0,0,
CCC(C)(C)c1ccc(O)cc1,1,0,0,,1,0,,0,0,0,0,
CC(=O)OC1=C(C)OC(C)C1=O,,1,0,,,0,0,0,0,,0,0
COc1ccc(/C(=C\C(=O)N2CCOCC2)c2ccc(Cl)cc2)cc1OC,0,0,0,0,0,0,0,0,0,0,1,0
NC(=O)NN=Cc1ccc([N+](=O)[O-])o1,0,0,0,0,0,0,0,0,0,0,1,0
CCCCN(CCCC)CCCC,1,,0,1,1,0,0,0,0,0,0,0
C=CCC(C(=O)[O-])c1ccccc1,0,0,0,0,0,0,0,0,0,0,1,0
CC(C)OC(C)C,0,0,0,0,,0,0,0,0,0,0,0
COC(=O)C(C)(C)C(=O)[O-],0,0,,1,,0,0,,0,0,0,0
CC(C)=CCCC(C)=CC=O.COC(=O)c1ccccc1N,0,1,1,1,0,,0,0,0,0,0,0
C=C(C)CC(C)=O,0,,0,,1,,0,0,0,0,0,
CC(C)OC(=O)C(C)c1ccccc1,0,0,1,,,1,0,0,0,0,0,0
CC1=C[C@@H]2OC[C@@H](C)[C@@H]2CC1,0,0,0,0,0,1,0,0,0,0,0,1
CC(C)CCOCCC(C)C,0,0,0,,,1,0,0,0,0,0,0
CCCCCC(=O)c1ccco1,,,0,1,0,1,0,0,0,0,0,0
CCCCCCOC(C)OCCCCCC,0,,,,,1,0,0,0,0,0,0
CCCCCS,,0,0,,,,0,0,0,,0,
C/C=C/C(=O)OCCC(C)CCC=C(C)C,0,0,1,1,0,1,0,,0,0,0,0
CCC(=O)OC(c1ccccc1)C(Cl)(Cl)Cl,0,0,1,0,0,0,0,0,0,0,0,0
C#C[C@@]1(O)CC[C@@H]2[C@H]3CCC4=CC(=O)CC[C@H]4[C@@H]3CC[C@]21CC,0,0,0,0,0,0,0,0,0,0,1,0
CC(C)CC=O,,,0,,,,,0,0,,,0
CCCCC/C=C\CCC(OCC)OCC,0,0,0,1,,,0,0,0,0,0,0
CCCCCCCCCCCCCCCC(=O)OCC(O)C1OC(=O)C(O)=C1O,0,0,0,1,0,0,0,0,0,0,0,0
CC/C(=C/CC1CC=C(C)C1(C)C)CO,,0,0,0,0,,0,1,0,0,0,0
COC(CC(C)CCCC(C)(C)O)OC,0,0,1,,0,,0,0,0,0,0,0
CCCCC(C=O)CC,,0,0,,0,,0,0,0,0,0,0
CC(C)COC(=O)CCc1ccccc1,1,0,1,1,0,0,0,0,1,0,0,0
CSSCc1ccc(C)o1,0,1,0,,1,0,0,0,0,1,0,0
CC(=O)CC(=O)OC/C=C(\C)CCC=C(C)C,0,,,1,,,0,,0,0,0,0
O=C(CCO)c1cccs1,,1,0,0,1,0,0,0,0,1,0,0
CCCCCCCC1OCC(C)O1,0,0,0,,0,1,0,1,0,0,0,0
CC(=O)[C@H](C)S,,1,0,,1,0,0,0,0,1,0,0
C#C[C@]1(O)CC[C@H]2[C@@H]3CCC4=C(CCC(=O)C4)[C@H]3CC[C@@]21C,0,0,0,0,0,0,0,0,0,0,1,0
CCCCC(=O)OCc1ccco1,0,1,0,1,,0,0,,0,,0,0
CC(C)CCN=C=S,0,0,0,,,,0,0,0,0,0,
Clc1ccccc1C(c1ccccc1)(c1ccccc1)n1ccnc1,0,0,0,0,0,0,0,0,0,0,1,0
CSCSSC,0,0,0,,1,,0,0,0,0,0,
CCCCCCCCCCOC=O,0,,1,,0,,0,0,0,0,0,0
O=CCCCC=O,0,,0,,,,,0,0,0,0,
O.O=S(=O)([O-])[O-].[Ca+2],0,0,0,0,0,0,0,0,0,0,1,0
OCc1ccco1,0,,0,,,0,0,,0,,0,
CC1(C)[C@H]2CC[C@](C)(O)[C@@H]1C2,0,0,0,0,1,1,0,1,1,0,0,0
COCCNC(=O)CN(CCN(CCN(CC(=O)[O-])CC(=O)NCCOC)CC(=O)[O-])CC(=O)[O-].[Gd+3],0,0,0,0,0,0,0,0,0,0,1,0
CCCc1ncc(C)nc1C,0,0,0,0,1,0,1,0,0,0,0,0
CCC(C)C(=O)OC(C)C,0,1,0,1,,1,,0,0,0,0,0
CC/C=C\CCC=O,,,0,,,,0,0,0,,0,
CCC(=O)OC(C)(C)C,0,1,0,1,0,0,0,,0,,0,1
OC(Cc1ccccc1)c1ccccc1,0,0,1,0,0,0,0,1,0,0,0,0
CCCCN(CC)c1c([N+](=O)[O-])cc(C(F)(F)F)cc1[N+](=O)[O-],0,0,0,0,0,0,0,0,0,0,1,0
CCCCCCCCCCCCCCCC(=O)OC1CC(C)CCC1C(C)C,0,0,0,0,0,0,0,0,0,0,1,0
c1ccc2c(c1)cc1ccc3cccc4ccc2c1c34,0,0,0,0,0,0,0,0,0,0,1,0
CC(C)CC1CC(C)(O)CCO1,0,0,1,0,0,1,0,0,0,0,0,1
CC(=O)[O-].CC(=O)[O-].CC(=O)[O-].[Cr+3],0,0,0,0,0,0,0,0,0,0,1,0
O=C([O-])CN(CCN(CC(=O)[O-])CC(=O)[O-])CC(=O)[O-].[Ca+2].[Na+].[Na+],0,0,0,0,0,0,0,0,0,0,1,0
CCCCCCCOC(=O)/C=C/c1ccccc1,0,0,1,0,0,1,0,,0,0,0,0
CCCCCC(=O)CCCC(=O)OCC,0,0,0,,0,0,0,0,0,0,0,0
CCCCCCC1=CCCC1=O,0,,1,,0,1,0,,0,0,0,0
CCC(=O)OCC(C)(C)OC(C)C1CCCC(C)(C)C1,1,0,,1,0,0,0,,,0,0,0
CCC/C=C\CO,,,,1,,1,,,0,0,0,
CC(=O)OCCOc1ccc(C)cc1,0,,1,,0,0,0,0,1,0,0,0
CCCCCCC1CCOC1=O,,,,,0,,,0,,0,0,0
CC(C)OC(=O)CCCCC(=O)[O-],0,0,0,0,0,0,0,0,0,0,1,0
ClCCl,0,1,0,0,,0,0,0,0,0,0,0
CCCCCC(=O)OCC,,,,1,0,,0,,0,0,0,0
CC/C=C(\C)COC(C)=O,0,,0,1,0,0,0,0,0,0,0,0
CCOc1cc(C=O)ccc1OC(C)=O,1,1,0,0,0,0,0,0,0,,0,0
O=C(O)CCCCCCCCC(=O)O,,0,0,0,0,0,0,0,0,0,0,0
CC[C@H]1OC(=O)[C@H](C)[C@@H](O[C@H]2C[C@@](C)(OC)[C@@H](O)[C@H](C)O2)[C@H](C)[C@@H](O[C@@H]2O[C@H](C)C[C@H](N(C)C)[C@H]2O)[C@](C)(O)C[C@@H](C)C(=O)[C@H](C)[C@@H](O)[C@]1(C)O,0,0,0,0,0,0,0,0,0,0,1,0
CCCCCC/C=C/CCCCCCCC(=O)OC/C=C(\C)CC/C=C(\C)CCC=C(C)C,0,1,1,1,0,1,0,1,0,0,0,0
CNC(=O)Oc1ccc2c(c1)[C@]1(C)CCN(C)[C@@H]1N2C,0,0,0,0,0,0,0,0,0,0,1,0
Cc1ccc2c(c1)CCCC2(C)C,0,0,0,,1,1,0,1,0,0,0,0
CCCCCCCCS,,0,0,,1,0,0,0,0,,0,0
CCC(OC)OC,0,,0,1,,0,0,,0,,0,0
CCOC(=O)[C@@H](O)[C@H](O)C(=O)OCC,0,1,,1,0,0,0,,0,,0,0
CCCCCCCCC=CC(=O)O,,,0,0,0,1,0,0,0,0,0,0
C[C@H]1S[C@@H](C)N2CCC[C@H]2S1,,0,0,0,0,0,0,0,0,1,0,0
C=C1CCC(C(=C)C)CC1,0,0,0,0,0,1,0,0,0,0,0,
COc1cc(COC(C)=O)ccc1O,0,1,1,0,0,0,0,0,1,0,0,0
CCCCCCCCCCCCCC(=O)OCCC(C)C,,0,0,0,0,0,0,0,0,0,0,0
CCCCCCC(CC)C(=O)OC,,0,0,,0,1,0,1,0,0,0,0
N#C[S-].[NH4+],0,0,0,0,0,0,0,0,0,0,1,0
C1CCCCCC2COCC2CCCC1,1,0,0,0,0,0,0,1,1,0,0,0
COc1ccc(/C=C/C=O)cc1,0,,,,0,,0,,,0,0,1
CCC(C)(C)C1CCC(=O)CC1,0,0,,0,1,1,0,1,0,0,0,0
CC(=CC=O)CC(C)C,,0,0,1,0,1,0,0,0,0,0,0
CCCCC/C=C/CC1CCCC1=O,,,1,1,0,1,0,0,0,0,0,0
CC(C)=CCC/C(C)=C/COC(=O)CC(C)C,0,,,1,0,,0,0,0,0,0,0
C/C=C/C(C)C(=O)O,0,0,0,,,0,1,0,0,0,0,0
CC1CCCC(C)(C)C1=O,,1,,,,1,0,0,,0,0,0
CCC1SC(C)=NC(C)S1,0,0,0,,1,0,0,0,0,0,0,0
CC1(C)C2CCC3(CO3)C1C2,0,0,0,0,1,1,0,0,0,0,0,
C/C=C/c1ccc(OCC)c(OC)c1,0,,,0,0,0,0,0,,0,0,1
C=C(CO)C1CC=C(C)CC1,0,,,1,0,1,0,0,0,0,0,
C=CC(=O)C/C=C\CC,0,0,1,0,,1,0,0,0,0,0,0
CC(C)[C@@H]1CC[C@@H](C)[C@@]23CC[C@](C)(O)[C@@H]2[C@@H]13,0,0,0,0,0,1,0,0,0,0,0,
C[As](=O)([O-])O.[Na+],0,0,0,0,0,0,0,0,0,0,1,0
CCOCCC(C)CCCC(C)C,0,0,1,1,0,,0,0,0,0,0,0
CON(C)C(=O)Nc1ccc(Cl)cc1,0,0,0,0,0,0,0,0,0,0,1,0
CC(C)OCc1ccccc1,0,0,0,,0,0,0,0,0,0,0,0
O=C(O)c1ccccc1,,,0,,,,,0,,0,,0
CC=CCOCC/C=C\CC,0,0,1,0,0,1,0,0,0,0,0,0
CCCCCCC1CCCC1=O,0,0,1,,0,,0,0,0,0,0,0
C=CC(C)(CCC=C(C)C)OC=O,,0,,1,0,,0,,0,0,0,
CC(C)=C(CO)CCC(C)C,0,0,0,0,0,1,0,0,0,0,0,
CC(=O)OCCC(C)CCCC(C)C,0,1,,,0,,0,0,0,0,0,0
CCC1N=C(C)CS1,,,0,1,0,0,,0,0,1,0,0
CCCCCCCCC(=O)OCCC(C)C,,,1,1,0,0,,,0,0,0,0
C=C(C)CCCC(C)CCOC(=O)Cc1ccccc1,0,1,1,0,0,,0,0,0,0,0,0
CCCCCCCCCCCCC=CC=O,,0,0,0,0,0,0,0,0,,0,0
CCCC(C)C(=O)OCC(C)C,,0,0,1,0,0,0,0,0,0,0,0
CCC/C(C)=C\CCC(C)CCO,0,0,1,,0,0,0,0,0,0,0,0
CC1NC(C)SC(C)N1,,0,0,0,0,0,1,0,0,1,0,0
C/C(C=O)=C\c1ccco1,0,,0,,1,1,,1,0,0,0,1
COC(=O)C(Cc1ccccc1)NC(=O)C(N)CC(=O)O,0,0,0,0,0,0,0,0,0,0,1,0
CC/C=C(\C)C(O)CCCCC,0,0,1,,0,1,,0,0,0,0,0
COc1ccc(C2(O)CC(C)=NN2C(=O)CCc2ccccc2O)cc1,0,1,0,0,0,0,0,0,0,,0,0
CCCCCCCCCCCCCC(=O)OCCC,,0,0,0,0,0,0,0,0,0,0,0
COc1ccc(CC(C)C=O)cc1,0,1,,,0,1,0,0,0,0,0,1
CCCC(S)CCO,,,0,,1,0,0,0,0,,0,0
CC(=O)C=CC1C(C)C=C(C)CC1C,0,0,1,0,0,0,0,1,1,0,0,0
CCCCS,,,0,,,,0,0,0,,0,
CCCC(CC)CCC(=O)O,1,0,0,0,,0,0,0,0,0,0,0
CCCCCCC=CC=CC=O,,1,0,,,,0,0,0,,0,1
CCC(=O)O,,,0,,1,0,0,0,0,,0,0
C=CC(C)(O)C/C=C/C(=C)C,0,,,,,,0,,0,0,0,
COc1ccc(OC)c(C(O)C(C)N)c1,0,0,0,0,0,0,0,0,0,0,1,0
CC1=CC(=O)[C@@H]2C[C@H]1C2(C)C,0,0,0,1,1,1,0,,0,0,0,
C=C1CCC2C(C3C(C)CCC13)C2(C)C,0,0,0,,0,0,0,,0,0,0,0
Cl.Nc1ccn([C@@H]2O[C@H](CO)[C@@H](O)[C@@H]2O)c(=O)n1,0,0,0,0,0,0,0,0,0,0,1,0
CCCCSSCCC,0,0,0,,1,,0,0,0,,0,
CCCC=C1OC(=O)c2ccccc21,0,0,0,,0,1,0,,0,0,0,
C/C=C(\C)C(=O)OCC/C=C\CC,,,0,,,1,0,,0,0,0,
CCCCCCCCCCCC(=O)OCCCCCC,,,0,0,0,0,0,0,0,0,0,0
CC(=O)C1C2CCC(C2)C1(C)C,0,0,0,1,1,1,0,1,0,0,0,
CC(=O)OC/C(C)=C\CC[C@]1(C)C2C[C@@H]3[C@H](C2)C31C,0,0,0,0,0,,0,1,0,0,0,0
CCCCC(=O)OCCC,,0,,1,,0,0,,0,0,0,0
CCCCCCCCCOC(=O)CCCCC,0,0,,1,,0,1,,0,0,0,0
CCC(=O)OC(C)(C)C1CC=C(C)CC1,0,,,1,0,1,0,,0,0,0,0
C=C1[C@@H]2CC[C@@H](C2)[C@@]1(C)CC/C=C(/C)COC(C)=O.CC(=O)OC/C(C)=C\CC[C@]1(C)C2CC3[C@H](C2)C31C,0,0,1,1,1,1,1,1,0,0,0,0
CC1=C(O)C(=O)C(O)CO1,0,1,0,0,0,0,0,0,0,,0,0
Cc1cc(=O)[nH]c2ccccc12,0,1,0,,1,1,,0,0,,0,1
CCCCCCCCCC(C)(O)c1ccccc1,0,0,0,0,0,1,0,1,0,0,0,0
CCCCOC(=O)COC(=O)CCC,,1,0,,0,0,0,0,0,,0,0
CCc1scnc1C,,0,0,,,1,1,,0,0,0,0
CCC(=O)C(C)C,0,0,0,,,1,0,0,0,0,0,
CN1CC[C@]23c4c5ccc(O)c4O[C@H]2C(=O)CC[C@H]3[C@H]1C5,0,0,0,0,0,0,0,0,0,0,1,0
c1ccc2c(c1)oc1ccccc12,0,0,1,,1,0,,0,,0,0,
CC(C)=CCC/C(C)=C/COC(=O)Cc1ccccc1,,1,1,,0,,0,0,0,0,0,
CCCCCCC(=O)OCc1ccccc1,,,0,,0,1,0,0,0,0,0,
CCCCCCCCC(C)C=O,,0,,1,,,0,0,0,0,0,0
CC(=O)c1cc(C)oc1C,,,0,,,0,1,,0,,0,0
CC(=O)CCc1ccc(O)cc1,0,,,,0,,,,0,,0,0
CCC/C=C/CC1CCCC1O,0,,1,1,0,1,0,0,0,0,0,0
CCC(CO)C1CCC(C)CC1,0,0,1,0,0,0,0,1,0,0,0,0
CCCCC/C=C\C=C\C=O,,0,,0,0,,0,0,0,1,0,0
CC1=CCC2C3C(C(C)C)CC[C@@]2(C)C13,0,,0,0,0,0,0,1,0,0,0,1
C[C@]12COC(=O)C[C@@H]1CC[C@@H]1[C@@H]2CC[C@@]2(C)[C@H]1CC[C@]2(C)O,0,0,0,0,0,0,0,0,0,0,1,0
CC1=CCC2C3CC(C(O)C3C)C12,0,0,0,0,1,1,0,1,0,0,0,0
CCCCCCC(=O)OCc1ccco1,0,0,0,,,1,0,0,0,0,0,0
O=C1CCCCC/C=C\CCCCCCCCO1,1,,,,,0,0,,,0,0,0
CCCCCC(=O)C(C)C(C)=O,0,,0,,,,0,0,0,,0,0
CCCCCCCCCCCCCC(C)=O,,,,,,,0,0,0,0,0,
CCCOC(=O)/C=C/c1ccccc1,,,0,0,,0,0,,1,0,0,0
CCOC(=O)C=C(CC(=O)[O-])C(=O)[O-],0,1,,1,0,0,0,,0,,0,0
Cc1ccc(CO)cc1,0,,1,0,0,,0,0,,0,0,
CCCCCCCCCC(C)C=O,,,,,,,0,,,0,0,0
CCCCCCC(O)C/C=C/CCCCCCCC(=O)O.[Na],0,0,0,0,0,0,0,0,0,0,1,0
C=C1CCC2CC1C2(C)C,0,0,0,,,,0,1,1,0,0,
CC1(C)C2CCC1(C)C(OC=O)C2,0,0,0,0,,1,0,,,0,0,0
OC1CCCCC1,0,0,0,0,1,1,0,0,0,0,0,
CC1=CC(=O)C2CC1C2(C)C,0,0,0,,,1,0,0,0,0,0,
CCCCOCCCC.Oc1ccc2ccccc2c1,0,0,1,1,0,0,0,,0,0,0,0
CC(C)CC(O)Cc1ccccc1,0,,,,,,0,,,0,0,0
CC(=O)CC(C)C,0,,0,,,,0,0,0,0,0,
CC(C)=CCC/C(C)=C\COC/C=C(\C)CCC=C(C)C,0,0,1,0,0,0,0,0,1,0,0,0
CC(=O)OC1CCC(C(C)(C)C)CC1,0,,,,0,,0,1,,0,0,0
CCCCCCCCOC(=O)c1ccco1,,,0,,,,0,,,,0,0
C=C(C)CCC[C@H](C)[C@@]1(O)CC=C(C)CC1,0,0,1,0,0,1,0,0,0,0,0,0
CC(C)=CCCC(C)[C@H]1CC[C@@]2(C)C3=C(CC[C@]12C)[C@@]1(C)CC[C@H](O)C(C)(C)[C@@H]1CC3,0,0,0,0,0,0,0,0,0,0,1,0
CCCC/C=C/CC(=O)O,,,0,,0,,0,0,0,0,0,0
CCCCCC/C=C/CCCCCCCCC,0,0,0,0,1,0,0,0,0,0,0,0
C=CC/C=C/CCC(=O)OCC,0,,0,1,,0,0,0,0,0,0,0
CC1=C2CC[C@@H](C)C=C2OC1=O,0,1,0,,0,0,,0,0,0,0,0
O=C(NC[C@H]1CN(c2ccc(N3CCOCC3=O)cc2)C(=O)O1)c1ccc(Cl)s1,0,0,0,0,0,0,0,0,0,0,1,0
CC(C)=CCC/C(C)=C/COC(=O)c1ccccc1O,0,0,1,0,0,0,0,0,1,0,0,0
CCC1(C)C(C)C(=O)C=C(C)C1C,0,1,0,,0,0,0,0,0,,0,1
O=C1CCCC=C1O,0,1,0,0,1,0,0,0,0,,0,0
CC(C)=CCC/C(C)=C\CO,0,,,,0,,0,,,0,0,
CCCCC(=O)OCC,0,,0,,,,0,0,0,,0,0
C=C(C)[C@@H]1CC=C(C)[C@H](OC(C)=O)C1,0,,0,,,1,0,0,0,0,0,
C=C1C2CC3CC1C(O)C(C2)C3C,0,0,0,0,0,0,0,1,,0,0,1
O=C1OC2(c3ccccc31)c1cc(I)c([O-])c(I)c1Oc1c2cc(I)c([O-])c1I.[Na+].[Na+],0,0,0,0,0,0,0,0,0,0,1,0
NC(CCC(=O)[O-])C(=O)O.[NH4+],0,0,0,0,0,0,0,0,0,0,1,0
CC(O)CO,0,0,0,,0,0,0,0,0,0,,0
CCCC(=O)OCCCOc1ccccc1,0,1,0,,0,0,0,0,0,0,0,0
CC(=O)C(=O)O,,,,,1,,0,,0,,0,0
CCC=C(C)C=O,0,,0,,,,0,,0,0,0,0
CC(C)[C@@H]1CC[C@@H](C)C[C@@H]1O,0,,0,0,,1,0,,0,0,0,
C/C(=C\CO)CCC[C@H](C)CCC[C@H](C)CCCC(C)C,0,0,1,0,0,0,0,0,,0,0,0
COC(=O)[C@H]1[C@H]2C[C@@H]3c4[nH]c5cc(OC)ccc5c4CCN3C[C@H]2C[C@@H](OC(=O)C=Cc2cc(OC)c(OC)c(OC)c2)[C@@H]1OC,0,0,0,0,0,0,0,0,0,0,1,0
CCC(=O)OCC(C)CC,0,1,0,,,0,0,,0,0,0,
CC(C)=CCC/C(C)=C/Cc1cc2ccc(=O)oc2cc1O,0,0,1,,0,0,0,1,0,0,0,0
CC(CC=O)CC(C)(C)C,,0,0,,,1,0,,0,0,0,
Cc1ccc(C(C)C)c(O)c1Cl,0,0,0,,1,0,,0,0,0,0,
O=Cc1cc2ccccc2o1,0,1,0,,,,,0,0,0,0,0
[Cl-].[K+],0,0,0,0,0,0,0,0,0,0,1,0
CSSCCC(C)C,,0,0,0,1,0,0,0,0,1,0,0
C1CN1c1nc(N2CC2)nc(N2CC2)n1,0,0,0,0,0,0,0,0,0,0,1,0
O=C(Cc1ccccc1)OCC(O)c1ccccc1,0,1,1,0,0,1,0,0,0,0,0,0
CCCCC1OCC(C)O1,,0,0,,,,1,0,0,0,0,0
Cc1ccc(C(C)O)cc1,0,,,,,,,,0,0,0,
C=CC(C)(CCC=C(C)C)OC(=O)c1ccccc1O,1,0,1,,0,0,0,0,0,0,0,0
C=C(C)c1cnccn1,0,,0,,,0,1,0,0,,0,0
CCCC(CC(=O)OC)OC(C)=O,0,0,0,,0,1,0,0,0,0,0,0
CCCCC=COC(=O)c1ccco1,0,1,0,1,0,1,0,0,0,,0,0
CCCCSCCCC,0,0,1,,,1,0,0,0,,0,
COC(=O)CC(O)(CC(=O)[O-])C(=O)[O-],0,0,0,,,0,0,0,0,0,0,0
CC1CCC2C(C1)OC(=O)C2C,0,,0,,,,,0,0,0,0,0
CC(=O)OC1C=C(C)CCC1C(C)C,0,1,0,,0,1,0,0,0,0,0,1
Cc1ccc(C=O)o1,0,1,0,0,,0,,,0,,0,
CC(=O)OC(c1ccccc1)C(Cl)(Cl)Cl,0,0,1,0,0,,0,0,1,0,0,0
C=CCCCCCCCC=CCC#N,0,,0,1,,,0,0,0,0,0,0
COC(=O)C1CC2CCC1C2,0,0,0,,0,1,0,1,1,0,0,0
CC/C=C\CC/C=C/CO,,0,,1,0,1,,0,0,0,0,0
CC/C=C/CC/C=C/C=O,,0,,1,0,1,0,0,0,0,0,0
CC/C=C/C/C=C/CCOC(C)=O,0,,0,,0,,,0,0,0,0,0
CCCCCCCCCCC(C)=O,,0,1,1,0,,0,0,0,0,0,0
C=CC(C)(CCC=C(C)C)OC(=O)CCC,0,,,1,0,0,0,0,0,0,0,
CCCC=C(C=O)Cc1ccccc1,0,0,1,0,0,0,0,0,0,0,0,0
CC(C)(CCc1ccccc1)C(=O)O,0,0,1,0,0,0,0,0,0,0,0,0
C=CCSSCCC,0,0,0,,,,0,0,0,,,
OC1CSC(O)CS1,,1,0,1,1,0,0,0,0,1,0,0
COc1cc(/C=C/C(=O)O)cc(OC)c1O,0,0,0,0,0,0,0,0,0,0,1,0
Cc1ccc(S(=O)(=O)NC(=O)NN2CCCCCC2)cc1,0,0,0,0,0,0,0,0,0,0,1,0
CC(C)C1CCC2CC(=O)CC(C)C2(C)C1,1,0,0,,1,1,0,1,0,0,0,1
CC/C=C/CC(=O)OC,0,1,,1,,1,0,,0,0,0,0
N#CC(O)c1ccccc1,0,0,0,0,0,0,0,0,0,0,1,0
CC(=O)OC1CC(C)CC(C)(C)C1,0,,,,0,1,0,0,0,0,0,
C=CCN=C=S,0,0,0,,,,0,0,0,0,,
CCC(O)(CC)Cc1ccccc1,0,0,1,0,0,1,0,0,0,0,0,0
CC(=O)OC1C(C)(C)[C@@H]2CC[C@@]1(C)C2,0,1,0,,0,,0,,,0,0,
CC(=O)c1cccnc1,0,,,,,,,,0,,0,0
CC(C)C1SSC(C(C)C)S1,,0,0,,,,,,,,0,
CCCC(=O)CC(=O)O.OCC(O)CO,,0,0,0,0,0,0,0,0,0,0,0
CC(C)C(=O)OCCOc1ccccc1,0,,1,,,,0,0,0,0,0,0
COc1ccc2c(c1OC)C(=O)O[C@@H]2[C@H]1c2c(cc3c(c2OC)OCO3)CCN1C,0,0,0,0,0,0,0,0,0,0,1,0
CC1OCCC12SC1CCOC1(C)S2,,0,0,0,0,0,0,,0,,0,0
CC(C)=CCC/C(C)=C/COC(=O)C(C)=C(C)C,0,1,1,1,0,1,0,,0,0,0,1
Cc1cccc(C)c1CCO,0,0,1,0,0,0,0,0,1,0,0,0
O=COC1CCCCC1,0,,0,,,0,0,0,0,,0,0
CCOC(=O)[C@@H](CC)C(C)=O,0,0,,1,,1,0,1,0,0,0,0
Cc1cccc(C(C)(C)C)c1O,1,0,0,,1,0,,0,0,0,0,
C=CC(CCCCC)OC(=O)CC,0,,0,,,,0,,0,0,0,0
CCCCOC(C)OC,0,,0,1,,1,0,,0,,0,0
CCOC(=O)C(S)CC,0,1,0,1,,1,0,0,0,0,0,0
O=C(Cc1ccccc1)OCc1ccccc1,0,,1,0,0,0,0,0,0,0,0,0
C=CCc1ccc(OCc2ccccc2)c(OC)c1,0,0,,0,0,,0,0,,0,0,1
COC(C=Cc1ccccc1)OC,0,,0,0,0,1,0,0,0,0,0,1
CCCC(=O)C(=O)CCC(=O)CC(C)=O,0,1,0,0,0,0,0,0,0,,0,0
CCCCCCCCCCOC(C)=O,,,,1,0,,0,0,0,0,0,0
CCCCC/C=C/CC(=O)OC,,0,0,1,0,1,0,0,0,0,0,0
CCCOC(=O)/C=C\c1ccco1,0,1,0,1,0,0,0,0,,,0,1
Cc1ccc(-c2ccccc2)cc1,0,,,,0,,0,,0,,0,
COC1CC(C)CCC1C(C)C,0,0,0,0,0,1,0,0,0,0,0,
CCOC(C)c1cnccn1,0,0,0,1,0,0,1,1,0,1,0,0
Oc1ccc(OCc2ccccc2)cc1,0,0,0,0,0,0,0,0,0,0,1,0
Nc1cc(Cl)cc(C(=O)O)c1Cl,0,0,0,0,0,0,0,0,0,0,1,0
CC(=O)O[C@@H]1CC(C)=C2[C@H]1[C@H](C)CC[C@H]2/C=C(\C)C(=O)O,0,0,0,0,0,0,0,0,0,0,1,0
CC/C=C/CC/C=C/CO,0,0,0,,0,,0,0,0,0,0,0
CCCCCCCCCCC=CC=O,0,,0,1,,0,0,0,0,0,0,0
O=C1Oc2ccccc2C2CC12,0,1,0,0,0,1,1,0,0,0,0,1
CC(=O)/C=C/C1=CCC[C@@H](C)C1(C)C,0,1,1,1,0,,,1,0,0,0,0
COC(/C=C/c1ccccc1)OC,0,,0,0,0,1,0,0,0,0,0,1
CC1(C)CCCC(C)(O)C1=O,0,,0,0,0,1,0,0,0,0,0,0
CCCCCCCCCCCC(=O)Oc1ccc(C)cc1,0,,,0,0,0,,0,,0,,0
NCCCCC(N)C(=O)O,0,0,0,0,0,0,0,0,0,0,1,0
O=C[C@H](O)[C@@H](O)[C@H](O)CO,0,1,0,0,0,0,0,1,,,0,0
CCCCC/C=C/C(C)=O,,,0,1,,,,,0,0,0,
CC(C)S,,,0,,1,0,0,0,0,,0,0
CSCCCCN=C=S,0,0,0,1,1,0,0,0,0,0,0,
CCCCCC1CCC(=O)OC1,0,0,,1,0,1,0,0,0,0,0,0
C/C=C(\C)C(=O)OC(CC)CCCCC,0,0,0,,0,0,0,0,0,0,0,1
CC(C)CC(=O)CC(C)C,0,,0,,,,0,0,0,0,0,
CC1CC(C)(C)OC(CCc2ccccc2)O1,0,0,1,,0,0,0,0,0,0,0,0
CC1CCC(C)O1,0,1,0,0,1,1,0,0,0,0,0,
CCCCCC(=O)OCCC(C)CCC=C(C)C,0,0,1,,0,0,0,0,0,0,0,0
CCCCCCCCCCCCCCCCCO,0,,0,,0,0,,0,0,0,,0
CC(=O)O[C@H]1C[C@H]2CC[C@@]1(C)C2(C)C,0,,0,,1,1,0,1,1,0,0,0
CCCCC/C(=C/c1ccccc1)C(OC)OC,0,0,1,1,0,1,0,0,0,0,0,0
CCCC(=O)OC/C=C(\C)CCC=C(C)C,,,1,,0,,0,0,0,0,0,0
C=C(CCOC(C)=O)c1ccccc1,0,,1,,0,,0,0,1,0,0,1
CC(CC=O)CCc1ccccc1,0,0,1,,,,0,,0,0,0,0
COc1ccccc1CCC(C)O,0,1,1,0,0,1,0,0,0,,0,0
CCC/C=C/COC(=O)CC,,,0,,0,,0,0,0,0,0,
Cc1ccc(Oc2ccccc2)cc1,,0,1,0,,,0,0,0,0,0,0
CCCCCCCCC=CC=O,,0,,1,,,0,0,0,0,0,0
CSC(C)(C)CC(C)=O,,0,0,,1,1,0,,0,0,0,0
CC1(C)C2CCC1(C)C(O)C2,0,0,0,0,1,,0,,,0,0,
CC(C)C12CCC(C)(CC1)O2,0,,0,,,,0,,,0,0,
CC(=O)/C(C)=C(/C)C(C)C(C)(C)C,0,0,1,0,0,0,0,1,,0,0,0
c1csc(SSc2cccs2)c1,0,0,0,,,0,0,,0,,0,0
COc1cccc(C(=O)O)c1,0,0,0,0,0,0,0,0,0,0,1,0
CC[C@H](C)CO,0,0,0,0,,1,0,0,0,0,0,0
CC(C)=CCC1(C)CCC(C)=C(C)C1=O,0,0,0,,1,1,0,0,0,0,0,
CCc1cnc(C)cn1.CCc1cncc(C)n1,0,1,0,,0,1,1,0,0,1,0,0
CCC=C(C)C(O)CCCC,,0,0,0,0,1,0,0,0,0,0,0
CCCCCCCCCCCC(=O)OCCCCCCC,,0,0,0,0,0,0,0,0,0,0,0
CCCCCCCCCCCCCC=O,,,,,,0,0,,,0,0,0
CCCOC(=O)CCC1CCCCC1,,,0,1,0,0,0,0,0,0,0,0
CCC(=O)/C=C/C1=C(C)CCCC1(C)C,0,,,,0,,0,,0,0,0,0
CC=Cc1ccc(OCc2ccccc2)c(OC)c1,0,0,1,0,0,0,0,0,1,0,0,1
CC(C)(C)CC(C)(C)c1ccc(OCCO)cc1,0,0,0,0,0,0,0,0,0,0,1,0
CC(C)=CCC/C(C)=C/CC/C(C)=C/CO,,,1,,0,,0,,,0,0,
CC(C)(C)OC(=O)Cc1ccccc1,0,0,0,,1,0,0,0,0,0,0,0
CC1(C)C2CC=C(C=O)[C@@H]1C2,0,1,0,1,1,1,1,0,0,,0,1
CCC(C)OC(=O)N1CCCCC1CCO,0,0,0,0,0,0,0,0,0,0,1,0
CC(=O)c1ccc2ccccc2c1,0,,,1,0,,0,0,0,0,0,0
CC/C=C\CCCCCOC(C)=O,0,,0,1,,,0,0,0,0,0,0
C=CCOC(=O)C(CC)CCCC,0,0,0,,0,0,0,0,0,0,0,0
COC(C)(C)OC,0,0,0,0,,,0,0,0,0,0,0
O=C1OCCN1N=Cc1ccc([N+](=O)[O-])o1,0,0,0,0,0,0,0,0,0,0,1,0
C[C@@H]1CC(=O)[C@](C)(O)C12CC(C)(C)CC(C)(C)C2,0,0,0,0,0,0,0,1,0,0,0,0
C=CCCCCCCCCOC(=O)CC,,0,1,,0,,0,0,,0,0,0
OCC(O)CO,0,0,0,0,0,0,0,0,0,0,1,0
CCOC(=O)C1C(CC)=CCCC1(C)C,0,0,1,,0,0,0,,0,0,0,1
CCCCOC(=O)CC,,,,,,0,0,,0,0,0,
CCC1(C)CC(=O)C(C)=C(C)C1C,0,1,0,,0,0,,0,0,,0,
O=C[C@H](O)[C@H](O)[C@H](O)CO,0,0,0,0,0,0,0,0,0,0,1,0
c1ccc(P(c2ccccc2)c2ccccc2)cc1,0,0,0,0,0,0,0,0,0,0,1,0
CC(C)CCOC(=O)CC(S)C(=O)OCCC(C)C,0,1,0,0,,,0,0,0,1,0,0
CC(C)=CCC/C(C)=C/C=O,0,,,1,,,0,0,0,0,0,
[Al+3].[Mg+2].[O-][Si]([O-])([O-])[O-],0,0,0,0,0,0,0,0,0,0,1,0
CCCCCCOC(C)OCc1ccccc1,0,1,0,,0,1,0,0,0,0,0,0
O.O=C1OC([C@@H](O)CO)C(O)=C1[O-].O=C1OC([C@@H](O)CO)C(O)=C1[O-].[Ca+2],0,0,0,0,0,0,0,0,0,0,1,0
CC(C)=CCC/C(C)=C/COC(=O)C=Cc1ccccc1,1,0,1,0,0,0,0,0,1,0,0,0
C=C1C2CCC(C2)C1(C)C,0,,0,,1,1,0,,,0,0,
CCCCCCCCO,,,,,,,,,,0,0,
CC(CCO)CCCC(C)(C)O,0,,1,0,0,,0,0,0,0,0,0
CC/C=C\CO,,0,,,,1,,0,0,0,0,
O=S=O,0,0,0,0,,0,0,0,0,0,,0
C=C1C(O)CC23CC1C(C)(C)C2CCC3C,0,,0,,0,0,0,,0,0,0,0
CC/C=C\C/C=C/CCO,,,0,,,,0,0,0,0,0,0
CC(=O)OC12CCCC(C)(CCC3C1CC3(C)C)C2,,0,0,,,,0,1,,0,0,
CC(=O)C1=CSCCN1,0,,0,0,0,0,,0,0,1,0,0
CCC/C=C\COC(C)=O,0,,,1,,1,0,0,0,0,0,0
C/C=C/SSSC,0,0,0,0,1,0,0,0,0,0,0,0
Cc1cc(SC(=O)CC(C)C)c(C)o1,0,,0,0,0,0,0,0,0,,0,0
CC1=C(C=CC=O)C(C)(C)CCC1,0,0,1,,0,0,0,1,0,0,0,0
CCCC(C)C=O,,,0,,,,0,,0,,0,0
c1ccccc1,0,0,0,,1,,0,0,0,0,0,
OCCCCCCCc1ccccc1,0,0,1,0,0,,0,0,0,0,0,0
CCCCC=CC(=O)O,0,0,0,,,1,0,0,0,0,0,0
O=C(O)CCCC(=O)O,0,0,0,0,0,0,0,0,0,0,1,0
CC[C@@H](C)C(=O)O,,0,0,0,1,0,0,0,0,0,0,0
O=C([O-])CN(CCN(CC(=O)[O-])CC(=O)[O-])CC(=O)[O-].[Mg+2].[Na+].[Na+],0,0,0,0,0,0,0,0,0,0,1,0
CCOC(C)OCC(C)C,0,,0,1,,1,0,,0,,0,0
O=C(/C=C/c1ccccc1)OCCc1ccccc1,0,,,,0,,0,0,,0,0,
C/C=C(/C)C(=O)OCC/C=C/CC,0,,0,1,,1,0,,0,0,0,
CCOC(=O)CCSCc1ccco1,,,0,,1,1,,0,0,,0,1
CN[C@@H](C)Cc1ccccc1,0,0,0,0,0,0,0,0,0,0,1,0
C[C@H](C=O)Cc1ccc(C(C)(C)C)cc1,0,0,1,0,0,,0,0,0,0,0,0
CCC(=O)/C=C/c1ccc(OC)cc1,0,1,,,0,,,0,0,,0,
CC1CCCCC1NC(=O)Nc1ccccc1,0,0,0,0,0,0,0,0,0,0,1,0
CCOC(=O)CCC(C)(OCC)OCC,0,0,0,,0,0,0,0,0,0,0,0
CC(=O)O.CCC=CCCCCO,1,,0,1,,1,0,0,0,0,0,0
C=CC(C)(CC/C=C(\C)CCC=C(C)C)OC(C)=O,0,1,1,1,0,1,0,1,0,0,0,
CCCOC(=O)c1ccc(O)cc1,0,,,,,0,0,,,0,,0
O=C(O)c1ccc(-c2ccc(C(=O)O)cc2)cc1,0,0,0,0,0,,0,1,0,0,0,0
C=CCCC(=O)/C=C/C1C(C)=CCCC1(C)C,,,,,,,0,,0,,0,
CCCCCCCC/C=C\CCCCCCCC(=O)OCC(O)[C@H]1OC[C@@H](O)[C@@H]1O,,0,0,0,0,0,0,0,0,0,0,0
CC1CSC(C)S1,0,0,0,0,1,0,0,0,0,0,0,0
COc1cc2c(c(OC)c1OC)-c1ccc(OC)c(=O)cc1[C@@H](NC(C)=O)CC2,0,0,0,0,0,0,0,0,0,0,1,0
Cc1cccc(O)c1,,,0,,1,0,,,,,0,
COC1CCCC(C2CC3CCC2(C)C3(C)C)C1O,0,0,0,0,1,,0,1,0,0,0,0
CCCCCCCC(CC=O)SC,,0,0,0,1,0,0,0,0,1,0,0
CC(C)[C@@H]1CC[C@H](C)[C@@H]2C=C[C@H](C)C[C@H]21,0,0,0,0,,,0,1,0,0,0,0
CCOC(=O)[C@H](O)[C@@H](O)C(=O)OCC,0,0,,,1,0,0,1,0,0,0,0
CCCCCC1OCCC(CCC)S1,0,0,0,,1,0,0,0,0,0,0,0
CCCCCOC(=O)C(C)c1ccccc1,0,0,0,,0,0,0,0,0,0,0,0
CC(C)=CCC/C(C)=C/COC(=O)c1ccccc1,,,1,,0,,0,,,0,0,0
N#CC(=C1CCCCC1)c1ccccc1,0,0,1,,0,1,0,0,0,0,0,0
CCCCCCCC(=O)OCCC(C)C,,,,,0,,,,0,,0,0
CCC(=O)OC1CC2CC1C1CC=CC21,0,0,,,0,1,0,,0,0,0,0
CC(=O)c1cccc2ccccc12,0,,,1,0,,0,0,0,0,0,0
C=C(C)C(CCC(C)=O)CC(=O)O,,0,1,0,0,0,0,0,0,0,0,0
CCCCCCCCCC(C)C(OC)OC,,0,0,1,1,,0,0,,0,0,0
O=C(O)C(=O)CS,,0,0,0,1,0,0,0,0,,0,0
CCC/C=C/CCCCC=O,,0,0,1,0,1,0,0,0,0,0,0
O=C1CCCCC1C1CCCCC1,,,,,,1,0,,0,0,0,
C=CCOC(=O)C=CCCCCCC,,0,0,1,0,1,1,0,0,0,0,0
CCCCCC,0,0,0,0,1,0,0,0,0,0,0,0
CCCCCC/C=C/CCC=O,,0,1,1,1,1,0,0,0,0,0,0
C=CCSCCC,0,0,0,,1,1,0,0,0,0,0,1
CC1=CC(=O)[C@H]2C[C@@H]1C2(C)C,0,,0,0,1,1,0,0,0,0,0,1
CC(=O)c1sccc1C,0,1,,0,,,1,,0,0,0,0
O=C(/C=C/c1ccc(O)c(O)c1)O[C@@H](C(=O)O)[C@@H](O)C(=O)O,0,0,0,0,0,0,0,0,0,0,1,0
COC(=O)CC(C)C,0,,0,1,,0,0,0,0,0,0,0
CC(=O)OC1C=C(C)C2CC1C2(C)C,0,0,0,,0,,0,0,0,0,0,1
CC1COC(C)O1,0,,,,,,0,0,0,,0,0
CCOc1ccc(OC)cc1,0,,0,0,,1,,0,0,0,0,
COC(C=C(C)CCC=C(C)C)OC,0,0,,1,0,1,0,0,0,0,0,0
CC(=O)O[C@H]1C[C@H](C)CC[C@H]1C(C)C,0,0,0,0,0,1,0,0,0,0,0,
C1CCC(OCOC2CCCCC2)CC1,0,0,0,,,0,0,0,0,0,0,0
CCCCCCCCCCCCCCC(=O)O,,0,0,0,0,0,0,0,0,0,0,0
CCCC=CC=O,,,0,,,,,0,0,0,0,0
CCOC(Cc1ccccc1)OCC,0,,,0,0,1,,0,0,0,0,0
COc1ccc(C#N)cc1,0,1,1,,0,,0,0,0,0,0,0
CC=CSCCC,0,0,0,,1,1,0,0,0,0,0,1
COc1ccc2c(C)cc(=O)oc2c1,0,1,0,0,0,1,1,0,0,,0,0
O=[N+]([O-])OCCO[N+](=O)[O-],0,0,0,0,0,0,0,0,0,0,1,0
CCCCCCCCCCCCCCCCOP(=O)([O-])[O-].[K+].[K+],0,0,0,0,0,0,0,0,0,0,1,0
CCCCCCCCCC(=O)OC(C)CCC,0,1,0,1,0,0,0,,0,,0,0
CCOC(=O)C1(CC)OC1(C)c1ccccc1,0,1,1,1,0,0,0,0,0,,0,0
C/C=C/C(=O)OCC/C=C\CC,0,0,0,,0,1,0,0,0,0,0,0
CC(=O)CCC(C)=O,0,0,0,0,,,0,0,0,0,0,0
C/C=C(\C)C(=O)OC(C)C,0,1,0,1,0,1,0,0,0,0,0,1
O=P([O-])(O)O.O=P([O-])(O)O.[Mg+2],0,0,0,0,0,0,0,0,0,0,1,0
CCCCOOC(=O)c1ccccc1O,0,0,1,,0,1,0,0,0,0,0,0
CC1CCOC2(CCCCC2)O1,0,0,0,,0,1,0,1,0,0,0,0
CCC(C)CCC(C)(O)CC,0,1,1,,0,,0,,0,0,0,
CCCCCCCCCCCCCCCCCC(=O)OCCOCCO,0,0,0,0,0,0,0,0,0,0,1,0
CC(C)CCOC(CC(C)C)OCCC(C)C,0,1,0,,,1,0,0,0,0,0,0
C=CCCCCCCCCC(=O)OCCCCCCC,0,0,,,,,0,,0,0,0,0
CC(C)CC(=O)OC1CCCCC1,,,0,,0,0,0,0,0,0,0,0
COC(C)OC(C)OCc1ccccc1,0,1,0,,0,1,1,0,0,0,0,0
CCCCCCCCCCCCCCCC(C)=O,,,0,0,0,0,0,0,0,0,0,0
CSCCOC(C)=O,,,0,,,0,0,0,0,,0,0
N#CCc1ccc(Cc2ccccc2)cc1,0,0,0,,0,0,1,0,0,0,0,0
CCCCCCCOC(=O)CC(C)=O,0,0,0,0,0,1,0,0,0,0,0,0
CC1=C(C=O)C(C)(C)CCC1,0,,,,,1,0,0,0,0,0,
CCCCCCCCC=CC(=O)OCCCC,0,0,0,,0,0,0,0,0,0,0,0
CCCCCn1cc(C(=O)c2cccc3ccccc23)c2ccccc21,0,0,0,0,0,0,0,0,0,0,1,0
CCc1ccc(C)nc1,,0,0,,,,,,0,,0,
CC(C)CCOC(=O)CCC(=O)OCCC(C)C,0,1,,1,0,0,0,,0,0,0,0
CCCCOCc1ccccc1,0,,,,,,0,0,0,0,,0
CC(=O)O/C=C/c1ccccc1,0,1,0,,0,0,0,,0,0,0,1
CC=C1CC2CC1CC2OC(=O)CC,0,0,1,0,0,0,0,0,0,0,0,0
CCOCC.COc1ccccc1O,0,0,0,0,1,1,1,1,0,0,0,0
CC1CCSC(C)S1,0,0,0,,1,0,0,0,0,0,0,0
CC1(C)CCC[C@]2(C)[C@H]3CCO[C@]3(C)CC[C@@H]12,1,,,0,0,1,,1,1,0,0,0
CC(=O)CCSCCC(C)=O,,0,0,0,,,0,0,0,,0,
CC(C)=CCCC1(C)OCC(C)O1,,0,0,1,0,1,0,0,0,0,0,0
CCCC(O)C(CC)CO,0,0,0,0,0,0,0,0,0,0,1,0
CC(C)OC(C)OC(C)C,0,,0,1,1,1,0,,0,,0,0
O=CCOC1CC2CC1C1C=CCC21,0,0,1,0,0,1,0,1,0,0,0,0
CC(C)=CCC[C@H](C)CC=O,0,0,0,1,0,1,0,0,0,0,0,0
CCCCOC(=O)c1cccnc1,0,1,0,1,0,1,0,,0,0,0,0
Cc1cc(=O)[nH]c(=S)[nH]1,0,0,0,0,0,0,0,0,0,0,1,0
CC(=O)OCc1ccccc1,,,,,,,0,0,0,,0,0
CCCOC(OCC)C(C)C,0,1,0,,,1,0,0,0,0,0,0
CC1=CCCC(C)(C)C1/C=C/C(=O)C(C)C,0,1,1,0,0,0,0,1,0,0,0,0
CCCCCC(=O)CC,0,,,,,,0,,,,0,
CCOC1(OCC)CCCCC1,0,1,0,,,1,0,,0,0,0,
CCCCCCCCCC(C)O,,,,,0,,0,0,0,0,0,
CC(C)=CCC/C(C)=C/COC(=O)/C=C/c1ccccc1,1,0,1,0,0,0,0,0,1,0,0,0
CC/C=C\COC(=O)CCCCC,0,,0,1,0,0,0,0,0,0,0,
CCCCC/C=C/CO,,0,0,,,,0,,0,,0,0
COC1CC2CC1C1C=CCC21,0,,,,0,1,0,0,0,0,0,
CCCCC(O)C(S)CCC,0,0,0,1,0,,0,0,0,0,0,0
C=C(C)C1CCC(C)(O)C(O)C1,0,0,0,,0,,0,0,0,0,0,
CC(C)CC(=O)OCc1ccc(O)cc1,,1,0,1,0,0,0,0,0,0,0,1
[Be+2].[F-].[F-],0,0,0,0,0,0,0,0,0,0,1,0
C#CCO.CCC(=O)CCC1C(C)=CCCC1(C)C,1,0,0,0,,,0,0,1,0,0,0
C[C@@H]1CC(C)(C)CC(=O)C1=O,0,1,0,0,1,1,0,0,0,,0,0
CC(CCO)CC(C)(C)C,0,0,,,,1,0,,0,0,0,
CCc1cc(OC)c(O)c(OC)c1,0,0,0,0,1,0,0,1,,0,0,1
CCCCCCOC(CCCCC)OCCCC,0,,0,1,0,1,0,,0,,0,0
CCOC(CC)OCC(C)C,0,,0,1,,1,0,,0,,0,0
C=CCOC(=O)CCCCCCC,,,,1,,,0,,0,,0,
CC1=CCCC(C)(C)C1C(C)CCC=O,,,1,0,,,0,1,0,0,0,0
C[C@H]1CCC(=O)O1,0,0,0,0,0,0,0,0,0,0,0,0
C=CC(C)=CCC(C)(C)C(=NO)C(C)C,0,0,,1,,1,0,0,0,0,0,
COc1ccc(OC)cc1,,1,,0,,1,,,0,0,0,
CCC(C)C1=NC(C)C(CC)S1,,0,0,0,0,0,1,0,0,1,0,0
O=B[O-].[Na+],0,0,0,0,0,0,0,0,0,0,1,0
CCOC(=O)C1C(C=C(C)C)C1(C)C,0,,1,1,,1,0,,0,0,0,1
O=[Al]O[Al]=O.O=[Si]=O.[K+].[K+].[O-2],0,0,0,0,0,0,0,0,0,0,1,0
CC1CCC(C(C)C)C(O)C1,0,0,0,0,,,0,,0,0,,
COC(C=Cc1ccccc1)OC(C)=O,0,0,1,,0,0,0,0,1,0,0,1
CCCSSSSC,0,0,0,,1,1,0,0,0,0,0,1
CCCCCCCC(=O)OC(C)C,,,,1,0,,,,0,,0,0
CNC(=O)Oc1cccc2sccc12,0,0,0,0,0,0,0,0,0,0,1,0
C=CC(C)(O)CCC=C(C)C.CC(C)C12CCC(C)(O)C1C2.CC1=CCC(C(C)(C)O)CC1.Cc1ccc(C(C)C)c(O)c1.Cc1ccc(C(C)C)cc1,0,,,,,1,0,,0,0,0,1
CC/C=C\CCOC(=O)Cc1ccccc1,0,,,,,,0,,0,0,0,0
CC1OCC(CO)O1,0,0,0,,,1,0,0,0,0,0,0
CC/C=C\CC1=C(C)CCC1=O,0,0,1,,0,,0,,0,0,0,
CNc1ccccc1C(=O)OCC(C)C,0,,,1,0,0,0,0,0,0,0,0
CCCCCCCCCCCCC(CS)CS,0,0,0,0,0,0,0,0,0,0,1,0
O=C(NC(=O)c1c(F)cccc1F)Nc1ccc(Oc2ccc(C(F)(F)F)cc2Cl)cc1F,0,0,0,0,0,0,0,0,0,0,1,0
COC1(C)CCCCCCCCCCC1,1,0,0,,0,,0,1,1,0,0,0
CCCC(=O)OC1=C(C)CCC1=O,0,,0,,0,0,,,0,,0,0
Cc1cc(O)cc(C)c1C(C)(C)C,1,0,0,0,,0,0,0,,0,0,0
CCCCCCCCCCC(=O)O,,,0,,,0,,0,0,0,0,0
CC(C)CCCCCCCCCC=O,,0,0,1,0,0,0,0,0,0,0,0
OCCN1CCN(CCCN2c3ccccc3Sc3ccc(Cl)cc32)CC1,0,0,0,0,0,0,0,0,0,0,1,0
C=CC(C)(CCC=C(C)C)OC(=O)C(C)C,0,,,,0,,0,,0,0,,
CC(=O)O,0,0,0,0,,,0,,0,0,,0
C=CCOC(=O)COc1ccccc1,0,,,,0,,0,0,0,0,0,
COC(=O)CCC(C)=O,0,1,0,,,,0,0,0,,0,0
CCC(CC)/C(C)=C\CCC(C)CCO,0,0,1,0,1,1,0,0,0,0,0,0
C=C1CC[C@H]2O[C@]2(C)CC[C@@H]2[C@@H]1CC2(C)C,0,,0,0,0,,0,,0,0,0,1
COC1=CC(=O)CC(C)C12Oc1c(Cl)c(OC)cc(OC)c1C2=O,0,0,0,0,0,0,0,0,0,0,1,0
Cc1cc(CC(C)C)ccc1CCC=O,0,0,1,0,1,1,0,0,0,0,0,0
CC(O)C(=O)O,0,,0,0,,0,0,0,0,,,0
CCCCCCCCCCCCCCCCCCO,,0,0,0,0,0,0,0,0,0,,0
O=C/C(=C/c1ccco1)c1ccccc1,0,0,0,,0,0,0,0,0,0,0,
CC(=O)[O-].CC(=O)[O-].CCC(=O)c1ccc(F)c([C@@H]2C[C@@H]2NC(=O)Nc2ccc(C#N)cn2)c1O.[Zn+2],0,0,0,0,0,0,0,0,0,0,1,0
Cc1cscn1,,,0,,,,,0,0,,0,0
CCCCCCCC(C)=O,,,,,,1,,,0,0,0,0
CCOc1ccc(C(C)=O)cc1,0,0,1,0,0,1,0,0,0,0,0,1
C/C(=C\C#N)CCc1ccccc1,0,,,1,0,,0,0,,0,0,
CCCCC/C=C/CCCO,,0,0,,0,,0,,0,0,0,0
SC(c1ccccc1)(c1ccccc1)c1ccccc1,0,0,0,0,0,0,0,0,0,0,1,0
CSC(=O)C(C)C,0,0,0,,0,0,0,0,0,0,0,0
CCC(C)(O)CC/C=C(\C)CC/C=C(\C)CCC=C(C)C,0,0,1,0,0,0,0,0,1,0,0,0
CC(=O)c1ccc2c(c1)C(C)(C)C(C)C2(C)C,1,0,0,0,0,0,0,0,0,0,0,0
CCCCCCCC(=O)OCc1ccccc1,,,,1,0,,0,0,0,0,0,0
CCCCC(CC)COC(=O)c1ccccc1O,0,,1,,0,0,0,0,,0,0,
CC(CC=O)c1ccccc1,0,0,,0,,1,0,0,0,0,0,0
CC1=CCOC(c2ccccc2)C1,0,0,1,0,,1,0,0,0,0,0,0
CC(=O)C(=O)CC(C)C,0,1,0,,0,0,0,0,0,,0,0
CCC=CC=CC=O,0,0,0,,1,1,0,0,0,0,0,1
CC(=O)c1oc(C)c2ccccc12,0,0,1,1,0,,0,0,0,0,0,0
CC(C)C1OCC(C)(C)C(C(C)C)O1,0,0,0,,0,0,0,1,0,0,0,1
C=CC(C)(O)CCCC(C)CCCC(C)CCCC(C)C,0,,,,0,1,0,0,0,,,0
C=C1C2CCC(=O)[C@@]23CC[C@H](C3)C1(C)C,0,0,0,0,0,1,0,1,0,0,0,0
CCCCC=CC(C)O,0,,0,1,0,1,0,,0,0,0,0
CC(C)=CCC[C@@H](C)CC=O,0,0,0,1,0,1,0,,0,0,0,0
O=c1occcc1O,0,1,0,,0,0,0,0,0,,0,0
CCCCC1OC1/C=C/C=O,0,0,0,0,,0,0,0,0,0,0,0
CC(C)C1=CCC(C)(O)CC1,0,0,0,0,1,0,0,,,0,0,0
C=CC(=C)CC[C@H]1C(=C)CC[C@H]2C(C)(C)CCC[C@]12C,1,0,0,0,0,1,0,1,1,0,0,
CCCCCCc1ccc(/C=C/C(OC)OC)cc1,,0,0,0,0,1,0,1,0,0,0,0
CCOC(=O)COCCc1ccccc1,0,0,1,0,0,0,0,0,0,0,0,0
CC(C=O)CCc1ccccc1,0,,1,0,1,,0,1,0,0,0,0
CC(C)=CCC/C(C)=C\C=O,0,,0,1,0,,0,0,0,0,0,0
O=C(/C=C/c1ccccc1)OCCCc1ccccc1,,1,,1,0,0,0,0,1,0,0,1
Cc1ccc(C=O)c(C)c1,0,1,,,,0,1,0,0,0,0,
CCC(CCc1ccccc1)OC(C)=O,0,0,1,0,0,1,0,0,1,0,0,0
CCCCCCC(C)=C(C)O,,0,1,0,0,0,0,0,0,0,0,0
CC(C)=CCC[C@]1(C)[C@H]2CC=C(C)[C@@H]1C2,0,,0,0,0,1,0,1,0,0,0,0
S=C([S-])NCCNC(=S)[S-].[Mn+2],0,0,0,0,0,0,0,0,0,0,1,0
CC1=C[C@@H]2[C@@H](CC1)[C@@](C)(O)CC[C@H]2C(C)C,0,0,0,0,,0,0,1,1,0,0,0
CCOCC1OC(OC)C(OCC)C(OCC)C1OC1OC(COC)C(OC2OC(CO)C(OC)C(O)C2O)C(OC)C1OC,0,0,0,0,0,0,0,0,0,0,1,0
CNC(=O)Oc1cccc2c1OC(C)(C)O2,0,0,0,0,0,0,0,0,0,0,1,0
C=CCCCCCCCCC(=O)OC(C)C,0,,,1,0,0,0,,0,,0,0
CCCCCCC(C)C(=O)O,0,0,1,,0,1,0,0,0,0,0,1
COC(=O)C(C)C(C)OC(C)=O,0,1,0,,0,0,0,0,0,0,0,0
c1ccc(Cc2ccccc2)cc1,0,,1,,,1,0,0,0,0,0,0
CC(C)=CCCC(C)CCOC(=O)C=Cc1ccccc1,0,,1,,0,,0,0,0,0,0,
Cc1ccccc1OCc1ccccc1,0,0,1,0,1,1,0,0,0,0,0,0
CCOC(=O)/C=C\C(=O)OCC,0,,,,0,0,0,,0,0,,0
CCCS(=O)OC,0,1,0,,,0,0,0,0,1,0,0
CCC/C=C/CC(=O)O,0,,0,,0,1,0,0,0,0,0,0
C#C[C@]1(O)CC[C@H]2[C@@H]3CCC4=CC(=O)CC[C@@H]4[C@H]3CC[C@@]21CC,0,0,0,0,0,0,0,0,0,0,1,0
CCCCCCCCCCCCC=O,,,,,,,0,,,0,0,0
CC(C)CCOC(=O)C(C)O,0,,,,0,0,,,0,,0,0
CC(=O)C1CC2C(C=C1C)C2(C)C,0,0,1,,0,1,0,1,0,0,0,
C=CCOC(=O)c1ccccc1N,0,1,,1,0,1,,0,,0,0,
CC(c1ccccc1)C(OCc1ccccc1)OCc1ccccc1,0,0,1,0,0,1,1,1,0,0,0,0
CC(=O)OCC=C(C)C,0,,,1,0,,,0,,0,0,
CCCS,,,0,,1,0,0,0,0,,0,0
CC/C=C\CCOC(=O)c1ccccc1,,,,,0,,0,,,0,0,
C=C/C=C(\C)CC(C)(O)C=C,0,1,1,1,0,,0,0,0,0,0,1
CC1=CC2C(=C(C)CCC2C(C)C)CC1,0,0,0,0,,,0,1,0,0,0,0
CC(N)C(=O)O,0,0,0,0,0,0,0,0,0,0,1,0
CC(C)CCCC(C)CCOC=O,0,0,1,,0,1,0,0,0,0,0,1
CC(C)=C1CCC(C)CC1O,0,0,,0,,1,0,0,0,0,0,
Cc1nc(C)c(C)s1,0,,0,,,,,,0,,0,0
CCOC(OCCC(C)C)C(C)C,0,1,0,,,1,0,0,0,0,0,0
F[B-](F)(F)F.[NH4+],0,0,0,0,0,0,0,0,0,0,1,0
O=[N+]([O-])O[C@H]1CO[C@H]2[C@@H]1OC[C@H]2O[N+](=O)[O-],0,0,0,0,0,0,0,0,0,0,1,0
CCSCCO,,0,0,1,1,1,0,0,0,1,0,1
CCCCCCCCCCCCCCCCOCCO,0,0,0,0,0,0,0,0,0,0,1,0
C=C(C)C1CC=C(C)C(OC=O)C1,0,1,0,,0,1,0,0,0,0,0,
CC/C=C\CC/C=C/C=O,,0,,1,0,1,0,0,0,0,0,0
CCC(=O)c1nccs1,0,,0,,0,0,1,0,0,1,0,0
C=C(C)CCCC(C)CCOC=O,0,0,1,,0,1,0,0,0,0,0,0
CC[C@@H](C)CCCCCCCCC=O,,0,0,1,0,0,0,0,0,0,0,0
CCC[C@H](C)O,0,,0,1,,0,0,0,0,0,0,0
CSCCCCCCN=C=S,,,0,1,1,0,0,0,0,0,0,
CC(C)COc1ccccc1,0,0,0,0,,,0,0,0,0,0,1
CC(C)OC(=O)CCCCC(=O)OC(C)C,,,0,,,0,0,0,0,0,0,0
CCCCCC(=Cc1ccccc1)C(OCC)OCC,0,0,1,,,1,0,0,0,0,0,0
C=CCOC(=O)/C=C/C,0,0,0,,1,1,0,0,0,0,0,0
CCCCc1ccco1,0,,,,,0,,,0,0,0,1
Cc1cccc(CC(C)(C)CO)c1,0,0,1,1,0,1,0,0,0,0,0,0
CCCCCC1CCOC(C)O1,0,0,0,0,1,1,0,,0,0,0,0
CCCCC[C@H](C)C(=O)[O-],,,0,0,1,1,0,0,0,0,0,0
CC1=CC[C@@]2(CC1)[C@H](C)CC[C@H]2C(C)(C)O,0,1,1,,0,0,0,0,0,0,0,0
C=C1C=CCC(C)(C)C12CCC(C)O2,0,0,1,,,,0,1,0,0,0,
C=C1CCC2C1C1C(C(C)C)CCC21C,0,0,0,0,0,1,0,1,1,0,0,
C=CCOC(=O)c1ccccc1O,0,,0,,0,1,0,,0,0,0,0
CCOC(OCC)C(=O)CC,0,1,0,,,0,0,0,0,,0,0
CCCCCCCCCCCCCOC(C)=O,,,1,1,0,0,0,0,0,0,0,0
CC(C)C1=CCC(C(=O)O)CC1,,0,0,0,,,0,0,0,0,0,1
CC(C)C=NCc1ccco1,0,1,1,,1,1,0,0,0,1,0,0
Cc1[nH]c(=O)n(C(C)(C)C)c(=O)c1Cl,0,0,0,0,0,0,0,0,0,0,1,0
CCC(=O)C(C)CC=C(C)C,0,0,0,1,,1,0,0,0,0,0,0
COC(CC(C)=O)OC,0,,0,,,,,,0,0,0,0
C=CCOC(=O)CCC(C)C,,0,0,1,0,0,0,0,0,0,0,0
CCCCC(CC)C(=O)O,,0,0,,,,0,0,0,0,0,0
C=CC(=C)CCCC(C)(C)O,0,0,1,,0,,0,,,0,0,
C/C=C/C(=O)OC/C=C(\C)CCC=C(C)C,0,,,,0,,,,0,,0,0
CCC(C)C(=O)OCC(C)C,0,1,0,,0,0,0,0,0,0,0,0
CC(C)CCN,0,,0,0,1,0,0,0,0,0,0,0
CC(C)CCCC1CC(C)CCC1=O,0,0,1,0,0,0,0,1,0,0,0,0
CCCC=CC(C)=O,0,,0,,,1,0,,0,0,0,
COC(=O)C1(C)CCC(C)CC1,0,0,0,0,0,1,0,1,1,0,0,
C#C[C@@]1(O)CCC2C3CCC4=C(CCC(=O)C4)C3CCC21C,0,0,0,0,0,0,0,0,0,0,1,0
O=c1[nH]cnc2c1ncn2[C@@H]1O[C@H](COP(=O)(O)O)[C@@H](O)[C@H]1O,0,0,0,0,0,0,0,0,0,0,1,0
CCOC1CC2CCC1(C)C2(C)C,0,,0,1,1,1,0,1,0,0,0,0
CCOC(=O)OC1CCCCC1C(C)(C)C,0,0,1,0,0,1,0,1,0,0,0,1
CC(C)=CC1OCCC(C)O1,0,0,1,1,0,1,0,1,0,0,0,0
CC(C)[C@@H]1CC[C@@H](C)[C@H](O)C1,0,0,0,0,0,1,0,0,0,0,0,
CC(CC=O)CCCC(C)(C)O.COC(=O)c1ccccc1N,0,0,1,1,0,,0,0,0,0,0,0
CC/C=C\CCOC(CC)OC,0,0,0,,0,1,0,0,0,0,0,0
CCCCCCC(C)(C)S,0,0,0,0,1,0,0,0,0,0,0,0
CCCCC=COC(=O)c1ccccc1,0,0,0,0,0,1,0,1,1,0,0,0
CCCCCc1csc(C)n1,,0,0,1,0,1,0,0,0,,0,0
CC(=O)CC(C)(C)S,,0,0,,,1,0,0,0,,0,0
CNC[C@H](O)c1ccc(O)c(O)c1.Cl,0,0,0,0,0,0,0,0,0,0,1,0
CCCCC1COCC(C)C1OC(C)=O,0,0,1,,0,,0,,0,0,0,
CCCCCCC1CCCCC(=O)O1,,1,0,1,0,,0,0,0,0,0,0
C=C(C)CCCC(C)CO,,0,0,1,0,,0,0,0,0,0,0
CCCC(=O)OC(CC)COC(C)=O,0,1,0,,0,0,0,0,0,0,0,0
CN(C)C(=O)Nc1ccc(Oc2ccc(Cl)cc2)cc1,0,0,0,0,0,0,0,0,0,0,1,0
CC(=O)OC1CC2CC1C1C=CCC21,0,,,0,0,1,0,,0,0,0,
CCCCCC[C@@H](O)C/C=C\CCCCCCCC(=O)OC,,0,0,0,0,0,0,0,0,0,0,0
CCCCCCCCCCCCCCCCCCC(=O)OCC,0,0,0,0,0,0,0,0,0,0,1,0
COC(=O)Cc1ccccc1,,1,1,,0,0,,0,0,0,0,
C=CCSCC=C,0,,0,,,,0,0,0,0,,
C=C(C)[C@@H]1CC[C@@H](C)C[C@H]1OC(C)=O,0,,0,,,,,,0,0,0,
CC(CO)C1CCCCC1,0,0,1,0,0,,0,0,1,0,0,
COc1cccc(OC)c1OC,1,0,0,0,1,0,0,1,,0,0,1
C=C[C@H]1CN2CCC1C[C@H]2[C@H](O)c1ccnc2ccc(OC)cc12.C=C[C@H]1CN2CCC1C[C@H]2[C@H](O)c1ccnc2ccc(OC)cc12.O.O.O=S(=O)(O)O,0,0,0,0,0,0,0,0,0,0,1,0
CCCCCCCCC=CC#N,0,0,1,1,0,1,0,0,0,0,0,0
CCCC/C=C\CCCC1CCCC(=O)O1,,0,0,,0,0,0,0,0,0,0,0
CCCCCCCCCCC(CCCCCC)COCC(C)OCC(C)OCCOC(C)=O,0,0,0,0,0,0,0,0,0,0,1,0
O=c1[nH]cnc2c1ncn2[C@@H]1O[C@H](COP(=O)([O-])[O-])[C@@H](O)[C@H]1O.[Ca+2],0,0,0,0,0,0,0,0,0,0,1,0
CCCCCC(O)O,0,0,0,0,0,0,0,0,0,0,1,0
CC#CC#CCc1ccccc1,0,1,0,0,1,,0,0,0,0,0,1
CCCCCC(C)C(=O)O,,,0,0,1,,0,0,0,,0,0
CC1=C(O)C(=O)C(C)(C)C1,0,1,0,0,0,0,0,0,0,,0,0
CCC(C)C(=O)OCC(C)O,0,0,0,,,0,0,0,0,0,0,0
CC(=O)/C(C)=C\c1ccccc1,0,1,0,1,0,0,0,0,0,,0,0
CC(C)(CO)Cc1ccccc1,0,0,1,0,0,1,0,,0,0,0,0
CS,0,,0,,,,0,0,0,,,
CC1CC(O)CC(C)(C)C1,0,0,0,0,1,1,0,,0,0,0,
O=CCc1ccco1,0,0,0,0,0,1,0,0,0,0,0,1
CCCCCCCCCCCCC(C)C=O,,0,0,0,0,0,0,0,0,,0,0
C=CC(C)(CCC=C(C)C)OC(=O)c1ccccc1,,,1,,,,0,,,0,0,
CC(C)CCC(=O)O,,,0,0,1,0,0,0,0,0,0,0
C=CCOC(=O)CCCCC1CCCCC1,,,0,,0,0,0,0,0,0,0,0
CCC(O)CC,0,,,,,,,,0,0,0,0
C=CC(C)(CCC=C(C)C)OC(=O)CC(C)C,,,,1,0,,0,0,0,0,0,
N[C@H](CC(=O)O)C(=O)O,0,0,0,0,0,0,0,0,0,0,1,0
CCCC/C=C/C=C/C=O,,0,,,,,,0,0,,0,0
CCCCCc1ccncc1,1,0,1,0,0,0,0,0,0,0,0,0
C=C(C)[C@@H]1CC[C@@H](C)C(=O)C1,0,0,0,0,0,1,0,0,0,0,0,
CCCC(=O)OCc1ccccc1,,,,,,,0,0,0,,0,0
CCCCCCCCC/C=C/C(=O)O,,0,0,,0,1,0,0,0,0,0,0
CC(C)NCC(O)COc1cccc2ccccc12.Cl,0,0,0,0,0,0,0,0,0,0,1,0
O=[N+]([O-])c1cccc2ccccc12,0,0,0,0,0,0,0,0,0,0,1,0
C=C(C)C1CCC(C=O)CC1.C=C(C)C1CCC(C=O)CC1,0,0,0,,0,1,0,0,0,0,0,1
CC(=O)C(=O)c1ccc(C)o1,0,1,0,0,1,0,0,0,0,,0,0
O=C1CCCS1,0,0,0,,1,,0,0,0,0,0,
CC/C=C/CCCCOC(=O)CC,0,,0,1,0,1,0,1,0,0,0,0
CCCCCCCC1CC=CC(=O)O1,,1,0,,0,0,,0,0,,0,0
CCC(C)C1(CC)C(=O)N=C([O-])NC1=O.[Na+],0,0,0,0,0,0,0,0,0,0,1,0
CCCC(=O)OC1CCCCC1,0,,,,0,,0,0,0,0,0,0
CC(=O)OCCC(C)S,0,0,0,,,0,,0,0,0,0,0
CC(C)C(=O)OC(C)(C)CCc1ccccc1,0,,,1,0,1,0,0,0,0,0,0
CCC=CCCCO,0,0,0,,0,1,0,0,0,0,0,0
CCOC(=O)CCCCCCCCC(=O)OCC,0,0,,1,0,0,0,,0,0,0,0
CCc1cccnc1,,1,0,0,,1,,,,,0,0
CC(O)C(C)SC(C)C(C)S,,0,0,0,1,0,0,0,0,1,0,0
CCCCCOC(=O)c1ccccc1N,,,,1,0,0,0,0,,0,0,0
CC1CCCC(C)(C)C1CO,0,0,1,0,1,1,0,1,0,0,0,0
CC(C)OC(=O)C(C)O,1,1,0,,0,0,0,0,0,,0,0
C=C(C)OC(C)=O,0,1,0,1,,0,0,,0,,0,
CC(=O)Oc1c(C)occc1=O,0,1,0,1,0,0,0,0,0,,0,0
O=P([O-])([O-])[O-].[Na+].[Na+].[Na+],0,0,0,0,0,0,0,0,0,0,1,0
CC(C)C(C)(O)C(C)C,0,0,0,,0,0,0,0,0,0,,0
CC=C(C)C=CC=C(C)C,0,1,1,1,0,1,1,0,0,0,0,1
C=CC(=O)CC,0,0,0,,1,,0,0,0,0,0,
CC(C)CCCCCCCCCCCCCCC(=O)OCC(COC(=O)CCCCCCCCCCCCCCC(C)C)OC(=O)CCCCCCCCCCCCCCC(C)C,0,0,0,0,0,0,0,0,0,0,1,0
CCOC(=O)C1C(C)=CC=CC1(C)C,0,0,,,0,,0,0,0,0,0,
C=CCc1ccc2c(c1)OCC(=O)CO2,,0,1,1,1,1,0,0,0,0,0,0
C=CCOC(=S)CCCCC,0,0,0,1,,0,0,0,0,0,0,0
CC1NC(C(C)C)SC(C)S1,,1,0,,,,1,0,0,,0,0
CCCN,0,0,0,0,,0,0,0,0,0,,0
C[C@H]1CCCC(=O)C1=O,0,1,0,0,0,0,0,0,0,,0,0
CCCOCc1ccccc1,0,0,0,,0,0,0,0,0,0,0,0
CCCC(=O)OCCC(C)C,,,0,,0,,0,0,0,0,0,0
CC(=O)Nc1ccccc1,0,0,0,0,0,0,0,0,0,0,1,0
CCCCCCCC(C)O,,,,,,1,0,0,0,0,0,0
C=CCSSC,0,0,0,,1,1,0,0,0,0,0,1
Cc1nc(C)c(C)nc1C,,1,0,,1,0,1,,0,1,0,0
CCCOC(=O)CCC(=O)OCCC,0,0,,1,0,0,0,,0,0,0,0
CC/C=C/CC1CCCC1=O,,,,1,0,0,,0,,0,0,0
CC(C)C1C=CC(=O)CC1,,0,0,0,,1,0,,0,0,0,
CN1C(=O)CN=C(c2ccccc2)c2cc(Cl)ccc21,0,0,0,0,0,0,0,0,0,0,1,0
CCOC(C)CC,0,0,,,,,0,,0,0,0,0
C=C/C=C/C=C/CCCCC,,0,0,,,1,0,,,0,0,0
C=CCCCCCCCCC(=O)OCC=C,,,0,1,0,0,,0,0,0,0,0
CC(c1ccccc1)c1ccccc1,0,0,1,0,,1,0,0,0,0,0,0
Cc1cncc(SCc2ccco2)n1,,1,0,0,0,0,0,0,0,1,0,0
O=C(O)CC(=O)O,0,0,0,0,0,0,0,0,0,0,1,0
CC(C)C1CCC(O)CC1,,0,,0,,,0,,,0,0,0
CC/C=C\CC(=O)O,,0,0,,,,0,0,0,0,0,0
Cc1occc1SSCc1ccco1,,0,0,0,1,0,0,0,0,,0,0
CCc1cnccn1,,1,0,0,,0,1,,0,,0,0
[Na+].[OH-],0,0,0,0,0,0,0,0,0,0,1,0
CCc1ccc(C=O)s1,0,1,0,,,,1,0,0,,0,0
CC(=O)CCCC(C)CCC=C(C)C,0,,1,0,0,0,0,1,1,0,0,0
CC1(C)CCCC2(O)C(C)(C)C3CCC12C3,0,0,0,0,0,1,0,1,,0,0,0
CC(C)CCCCO,0,0,0,,,0,0,0,0,0,0,0
CCCCCCCOC(=O)C(C)CC,0,0,0,1,0,,0,0,0,0,0,0
C=CCc1ccc(OC(=O)CC(C)C)c(OC)c1,0,0,0,,0,,0,,0,0,0,1
N#CCCc1ccccc1,0,0,1,0,0,1,0,0,0,0,0,
CCCCCCCCCCCCC(OCC)OCC,,0,0,1,0,0,0,0,0,0,0,0
CC=O,0,,,,,,,,0,,0,0
CCC(=O)OCCC(C)CCC=C(C)C,0,,1,,0,,0,0,0,0,0,0
c1ccc(CC2OCCO2)cc1,0,,,0,0,1,0,0,0,0,0,0
Cc1cc(S)c(C)o1,,0,0,0,,0,0,0,0,,0,0
CCC(=O)OCC1CCCO1,,,,,,,,,0,,0,0
CCC=C(C)COC(C)=O,0,,0,1,0,0,0,0,0,0,0,0
CC1=C[C@@H]2[C@@H](CC1)C(C)=CC[C@H]2C(C)C,0,0,0,0,0,0,0,,0,0,0,0
C=C(C)C1CC=C(CO)CC1,,,,,,,0,,,0,0,
C/C=C\C(=O)C1=C(C)CCCC1(C)C,0,1,1,1,,1,0,0,0,0,0,0
CCCCC(C(=O)OCC)C(=O)OCC,0,0,0,,,0,0,0,0,0,0,0
CCCCCCCCCCCCS,,0,0,0,,,0,0,0,,0,0
C=CCOc1ccccc1OCC,0,0,0,0,0,,0,0,0,0,0,1
O=C(O)CCC1CCCCC1,0,0,0,0,0,0,0,0,1,0,0,0
CC1C(O)C=C2C(C)(C)CC=CC21C,0,0,0,,0,0,0,0,0,0,0,0
CC/C=C/CCOC(=O)CCCCCCCCC,,0,0,,0,1,0,0,0,0,0,0
COC1OC(C(=O)O)C(OC2OC(C(=O)OCC(C)O)C(C)C(O)C2O)C(O)C1O,0,0,0,0,0,0,0,0,0,0,1,0
CCCCCCCCOC(=O)c1ccccc1,0,0,0,,0,0,0,0,1,0,0,0
CC1=NC(C(C)C)SC1,0,1,0,,1,0,0,0,0,1,0,0
O=C1O[C@H]([C@H](O)CO)C(O)=C1O,0,0,0,0,0,0,0,0,0,0,1,0
CCCCCCCCC(=O)OC(C)C,0,0,,1,,0,0,,0,0,0,0
C=C1C(OC(C)=O)CC2CC1C2(C)C,0,0,0,,,1,0,,,0,0,
CC1=C(/C=C/C(C)=C/C=C/C(C)=C/C=C/C=C(C)/C=C/C=C(C)/C=C/C2=C(C)CCCC2(C)C)C(C)(C)CCC1,0,0,0,0,0,0,0,0,0,0,1,0
C=C[C@H]1CN2CC[C@H]1C[C@H]2[C@H](O)c1ccnc2ccc(OC)cc12,0,0,0,0,0,0,0,0,0,0,1,0
CCCSSSC,0,,0,,,1,0,0,0,,0,
CC(C)=CCCC(C)CC(OCCCCCCCCCCC(C)C)OCCCCCCCCCCC(C)C,0,0,1,,0,1,0,0,0,0,0,
C=C(C)CSC(C(=O)CC(C)C)C(C)C,0,1,1,1,0,1,0,0,0,1,0,0
O=S(=O)([O-])[O-].[Ni+2],0,0,0,0,0,0,0,0,0,0,1,0
CCCCCCCCCOC(=O)CC(C)C,,0,,,0,0,1,,0,0,0,0
COC(=O)c1ccc(Cl)cc1,0,0,1,,0,0,0,0,0,0,0,0
CC1(C)C2CC=C(CCO)C1C2,0,,0,,,1,0,1,,0,0,0
COc1cc(C=O)ccc1O,0,1,,,,,0,0,0,,0,
CC(=CC=O)CCC=C(C)CC(C)C,0,0,1,,1,0,0,0,0,0,0,0
CC[N+](CC)(CC)CC.[Br-],0,0,0,0,0,0,0,0,0,0,1,0
Cc1ncc2c(n1)C(C)OC2,0,,0,,0,0,,0,0,,0,0
C/C(C=O)=C/c1ccco1,0,,0,,,,,,0,0,0,1
COCOCCc1ccccc1,0,0,1,0,,1,0,0,0,0,0,0
CCC(C)COC(=O)C=C(C)C,,,1,1,,1,0,0,0,0,0,
CC(=O)/C(C)=C(\C)C(C)C(C)(C)C,0,0,1,0,0,0,0,1,0,0,0,0
CN[C@@H](C)Cc1ccccc1.Cl,0,0,,0,0,,0,0,0,0,,0
CC(C)c1ccc(O)cc1,0,0,0,,1,0,,,0,0,0,
COC(=O)CS,0,0,0,,1,1,0,0,0,0,0,0
CCCCC#CC(=O)OC,0,0,0,0,0,1,0,0,0,0,0,0
CCCCCCCCCC(=O)OCCCCCCC,0,,,1,0,0,0,,0,,0,0
CC(=O)OC(Cc1ccccc1)C(C)C,0,0,0,,0,1,0,0,1,0,0,0
SCCCCCCCCS,,0,0,1,1,0,0,1,0,,0,0
Cc1cncs1,0,1,0,0,1,0,0,0,0,1,0,0
C[C@H](C=O)c1ccccc1,0,0,1,0,0,1,0,0,0,0,0,0
CC(=O)[C@H]1CC[C@H]2[C@@H]3C=CC4=CC(=O)CC[C@@]4(C)[C@@H]3CC[C@]12C,0,0,0,0,0,0,0,0,0,0,1,0
CC(=O)Cc1ccc[nH]1,,0,0,,1,0,0,1,0,1,0,0
C[C@@H]1OCC[C@@H]1S,,0,0,,1,0,0,0,0,1,0,0
CC(C)Cc1ccc2ccccc2n1,,,0,0,,,0,1,,0,0,
CC(=O)c1ccc(Cl)cc1,0,1,1,,0,1,0,0,0,0,0,0
CCCC(=O)OCc1ccc(OC)cc1,0,,,1,0,,0,0,0,,0,
C=C(C)[C@@H]1CC[C@@]2(C)CCCC(=C)[C@@H]2C1,0,0,0,0,0,1,0,,0,0,0,
CCC(=O)/C=C/[C@H]1C(C)=CCCC1(C)C,0,0,1,0,0,0,0,1,0,0,0,0
CC1=C(/C=C/C(C)O)C(C)(C)CCC1,0,,1,,0,,0,,,0,0,0
CC(=O)c1ccc(C)[nH]1,0,0,0,0,,0,0,1,0,1,0,0
C[C@H](c1ccccc1)N(C)C,0,,0,0,1,0,0,0,0,0,0,0
CCOC(=O)C(CC)Cc1ccccc1,0,,1,,0,1,0,0,0,0,0,0
CC(C)C1=CC=C(C=O)CC1,,0,0,0,,,0,0,0,0,0,1
CCCCCC#CC(=O)OCc1ccccc1,0,0,1,,,1,0,0,0,0,0,0
Oc1c(I)cc(I)c2cccnc12,0,0,0,0,0,0,0,0,0,0,1,0
CC/C=C(\C)C=O,0,,0,,1,1,0,0,0,0,0,0
C[C@H](O)C(=O)Nc1c(I)c(C(=O)NC(CO)CO)c(I)c(C(=O)NC(CO)CO)c1I,0,0,0,0,0,0,0,0,0,0,1,0
CC1=CC[C@@]23CC1C(C)(C)[C@@H]2CC[C@H]3C,,1,0,0,0,1,0,1,0,0,0,0
CCCCC/C=C(/C=O)CCCC,,0,0,,,1,0,0,0,0,0,0
CC1(C)[C@@H]2CC[C@@]1(C)C(=O)C2,0,0,0,,,1,,,0,0,0,
Cl[Hg]Cl,0,0,0,0,0,0,0,0,0,0,1,0
CC(C)CCCCCCCCCCCCCCC(=O)O,0,0,0,0,0,0,0,0,0,0,1,0
c1cnc2c(n1)CCCC2,0,,0,,,,,,0,,0,0
CO[C@]1(C)CCC23C[C@@H]1C(C)(C)[C@@H]2CC[C@H]3C,1,0,0,0,0,0,0,1,1,0,0,0
CCC(O)CC=CCC(=O)[O-],0,0,0,,,1,0,0,0,0,0,0
C=CCc1cc(OC)c(O)c(OC)c1,,,,0,,0,0,,,,0,
C/C(=C/CCC1(C)C2CC3C(C2)C31C)CO.C=C1C2CCC(C2)C1(C)CC/C=C(/C)CO.CC(C)=CCC/C(C)=C/CC/C(C)=C/CO.CC(C)=CCCC(C)(O)[C@H]1CC=C(C)CC1.CC1=CC[C@H]2C[C@@H]1[C@]2(C)CC/C=C(/C)CO,0,,0,0,0,,0,1,0,0,0,0
COCC(C)Cc1ccccc1,0,0,1,,0,1,0,0,0,0,0,0
CCCC=CC(=O)CCC,,0,0,1,0,1,0,0,0,0,0,0
CC(C)=CCCC(C)=CCCC(C)CCO,0,,1,,,,0,0,0,0,0,0
COc1ccc(C=O)cc1,0,,,,0,,,,,0,0,
CC(C)OC(=O)c1cccnc1,0,1,1,,0,1,0,0,0,0,0,0
Cc1cc(C)nc([N-]S(=O)(=O)c2ccc(N)cc2)n1.[Na+],0,0,0,0,0,0,0,0,0,0,1,0
O=C=Nc1ccccc1,0,0,0,0,0,0,0,0,0,0,1,0
CC(=CC#N)CCc1ccccc1,0,,1,1,0,1,0,0,1,0,0,1
CC/C=C/C/C=C/CCO,,,,1,,1,0,,0,,0,0
CC/C=C/CC(=O)O,0,1,0,,,,0,0,0,0,0,0
CCOC(=O)C(C)CC,0,,0,1,,,0,,0,,0,0
Cc1ccc(CS)cc1,0,0,0,,1,1,0,0,0,1,0,1
CC(C)CC(CCCC(=O)O)(CC(C)C)C(=O)O,0,0,0,0,0,0,0,0,0,0,1,0
CCCCCCOC(=O)c1ccccc1,0,0,,0,0,1,0,1,1,0,0,0
C=CC(=C)C[C@H](O)C=C(C)C,0,0,0,0,0,0,0,1,1,0,0,0
CCOc1nccnc1C,0,1,0,,,0,1,,0,,0,0
CC1=CC=CC(C)(C)CC1=O,0,0,0,0,0,1,0,0,0,0,0,
CC1=C[C@@H]2[C@@H](CC1)[C@](C)(O)CC[C@H]2C(C)C,0,0,0,0,0,,0,,0,0,0,0
O=C(O)C1OC1c1ccccc1,0,1,0,0,1,0,0,0,0,,0,0
CCCC(=O)OCC(C)c1ccccc1,,,,,0,0,0,,0,0,0,1
CC1=CC[C@@]23C[C@@H]1C(C)(C)[C@@H]2CC[C@@H]3C,,1,0,0,0,1,0,1,0,0,0,0
COCCC(C)(C)S,,,0,1,1,,0,0,0,0,0,
C/C=C/C(=O)OCCC,0,1,1,1,,1,0,0,0,,0,1
CCCCC[C@H]1CCCC(=O)O1,,1,0,1,0,0,0,0,0,,0,0
CC/C=C\CCOC(=O)C#CCCCCC,0,0,1,0,0,1,0,0,0,0,0,0
CCC=CCCCC(=O)OC(C)C,1,0,1,,0,1,0,0,0,0,0,0
CC(=O)CC(=O)OCCC(C)C,0,,,1,,,0,,0,0,0,0
CCCCCCC(=O)OCC=C(C)CCC=C(C)C,,,1,1,0,0,0,0,0,0,0,0
Cc1ccc(CO)o1,0,1,0,0,,0,1,0,0,,0,0
CCc1nc(C)oc1C,0,0,0,,,,,0,0,,0,0
CC(C)=CCC/C(C)=C\COC(=O)c1ccccc1,0,,1,,,,0,,1,0,0,0
CC1CC(=O)C(=O)C1C,0,1,0,0,,,0,,0,,0,
CCCC(=O)OC/C=C(/C)CCC=C(C)C,,,,1,0,,0,0,0,0,0,0
CC/C=C/CCOC(=O)c1ccccc1O,0,,1,0,,1,0,,1,0,0,0
CCc1ncsc1C,,0,0,0,1,1,0,0,0,1,0,0
CCC(OCC(C)C)OCC(C)C,0,0,0,,,1,0,0,0,0,0,0
C=C(C)C(=O)OCC[N+](C)(C)C.[Cl-],0,0,0,0,0,0,0,0,0,0,1,0
CC(C)c1cc(C=O)cc(C(C)C)c1,1,0,0,0,0,1,0,1,1,0,0,0
CCOC(=O)/C=C/c1ccccc1,0,1,,,0,0,0,0,,0,0,
C/C=C(\C)COC(=O)/C(C)=C/C,0,,1,1,1,1,0,1,0,0,0,1
CC(C)(C)C1CCC(O)CC1,,0,,0,,,0,1,,0,0,
CC/C=C/CCC=O,,,0,,0,,0,0,0,0,0,0
CC1CCC2OC2(C)CCC2C1CC2(C)C,,1,0,0,0,1,0,1,,0,0,1
CC(C)CC(=O)Cc1ccccc1,0,,0,,,0,0,,0,,0,1
CCCCCOC(=O)C(C)CCC,,0,1,1,0,0,0,0,0,0,0,0
CC(=O)C(=O)c1cccs1,0,,0,0,0,0,,1,0,0,0,0
CC(C)/C=C\C=O,0,,0,1,1,1,0,1,0,,0,0
CC(C)(C)c1ccc(CSc2cnn(C(C)(C)C)c(=O)c2Cl)cc1,0,0,0,0,0,0,0,0,0,0,1,0
CCC/C=C/CCC(C)=O,0,,0,1,,,0,0,0,0,0,0
O=S(=O)([O-])[O-].[Cd+2],0,0,0,0,0,0,0,0,0,0,1,0
CCCCCSSC,0,0,0,,1,,0,0,0,0,0,
CC(=O)c1c(O)oc(C)cc1=O,0,0,0,0,0,0,0,0,0,0,1,0
CC/C=C/CC1CCCC(=O)O1,,,1,,0,,,0,0,0,0,0
CCCCc1nccnc1C,0,1,0,0,0,,0,0,0,0,0,1
C=C[C@@](C)(O)CCC=C(C)C,0,,1,,0,,0,,0,0,0,
CCC/C=C/C1OCC(C)O1,0,0,0,,0,1,0,0,0,0,0,0
CC1=CC(C)(C)C=C(C)C1=O,0,1,0,0,0,1,0,1,0,0,0,
C=CCCC(=O)c1ccccc1,1,0,1,0,0,1,0,0,1,0,0,1
Cc1cc(C)c(C)c(O)c1,0,0,0,0,0,0,0,1,0,0,0,0
O=C1Nc2ccc(Cl)cc2C(c2ccccc2)=NC1O,0,0,0,0,0,0,0,0,0,0,1,0
C/C=C/C(=O)CCCCC,0,,0,,0,0,0,,0,0,0,0
C1CC1,0,0,0,0,0,0,0,0,0,0,1,0
c1ccc2c(c1)CCCN2,1,1,0,0,,0,0,0,0,,0,0
CCCCCCC(=O)OCC(C)C,0,,,,0,1,0,,0,,0,0
CCCCCCCCC1CCC(=O)O1,,,,,,0,0,0,0,0,0,0
NC(=O)c1cccnc1,0,0,0,0,0,0,0,0,0,0,1,0
CCCCCCCCCCCC(=O)OCCC(C)CCC=C(C)C,0,0,,0,0,0,0,0,0,0,,0
CCCCC[C@@H]1CCCC(=O)O1,,,0,,0,0,0,0,0,0,0,0
CC[C@H](C)CCC=O,0,0,0,0,0,0,0,0,0,0,1,0
O=C([O-])CN(CCN(CC(=O)[O-])CC(=O)O)CC(=O)O.[Na+].[Na+],0,0,0,0,0,0,0,0,0,0,1,0
CCCCCCCCCCCCCC(=O)OCC(C)CC,,0,0,0,0,0,0,0,0,0,0,0
O=C(O)CCc1ccccc1,,,,0,0,0,0,0,,0,0,
CC/C=C\CCCO,,,0,,0,1,0,0,0,0,0,0
CCCCCCC=CCO,,1,0,1,0,1,0,0,0,0,0,0
CCOCCC(OCC)OCC,0,,0,,,0,0,,0,,,0
C=C(C)C(=O)OCCCC,0,,,,,1,0,,0,0,0,0
C=C(C)C1CCC(=C)C(OO)C1,0,0,0,0,1,0,0,,,0,0,0
CC(C)/C=C(\C=O)c1ccccc1,0,1,1,,0,0,1,0,0,1,0,0
CCCCCC(C)O,0,,,,,,0,,0,0,0,0
C/C=C/SSC,0,0,0,0,1,1,0,0,0,0,0,0
CC1=C2C(CC1)[C@H](C)CC[C@@H]1[C@H]2C1(C)C,0,0,0,0,0,0,,1,1,0,0,0
C1CCOCC1,0,1,0,0,1,0,0,0,0,0,0,0
CC(C)CCOC(CC(C)C)OCC(C)C,0,1,0,1,,1,0,,0,,0,0
COC(OC)C(C)C,0,0,0,1,,1,0,0,0,0,0,0
CCOC(=O)C(C)C(C)=O,0,0,,1,0,1,0,,0,0,0,0
CCC/C=C/COC(=O)CCCCCCC,0,0,,1,,,0,,0,0,0,0
CCC(S)CS,,0,0,,1,,0,0,0,,0,
CCCCOC(=O)C1CCCCC1,0,0,0,,0,1,0,,0,0,0,
CC(=O)OC/C=C(/C)CCC=C(C)C,,,,,0,,0,,,,0,0
CC(=O)OCC(C)O,0,0,0,,,0,0,0,0,0,0,0
CCCCCCCC(C)=NO,0,0,1,1,0,1,0,0,0,0,0,0
CCCCCCCOC=O,,0,,1,0,,0,,0,0,0,0
C=CCCC(=O)OC1CCCCC1,,,0,1,0,0,0,0,0,0,0,0
CSCS,,0,0,,1,,0,0,0,,0,
O=C(Oc1ccccc1)c1ccccc1O,0,,,,0,0,0,,1,0,0,0
C=O.Oc1ccccc1O,0,0,1,0,0,,0,0,0,0,0,1
CCC/C=C1\OC(=O)c2ccccc21,0,0,0,,0,,0,0,0,0,0,1
Cc1ccnc2ccccc12,,,1,0,1,1,0,0,0,0,0,0
C(=C/C1OCCO1)\c1ccccc1,0,,0,0,0,0,0,0,0,0,0,1
CC/C=C\CCCCOC(=O)CC,0,,0,1,0,1,0,1,0,0,0,0
COC(=O)CCCSC,0,,0,1,,0,,0,0,,0,0
CCCC1(C(C)(C)C)CCC(C)O1,0,1,0,1,,1,0,1,1,0,0,
CC1CC(C)(c2ccccc2)OC(C)O1,0,,,1,0,1,0,0,0,0,0,0
CCC1SC(C(C)CC)N=C1C,,,0,,0,0,1,0,0,1,0,0
CC/C=C/CC1C(=O)CCC1CC(=O)OC,,,1,,0,,0,0,0,0,0,0
CC(CO)CC(C)c1ccccc1,0,0,,1,0,1,0,,0,0,0,
CC1(C)CCC2OC23C(C)(C)C2CCC13C2,0,,0,1,,1,0,1,0,0,0,0
CCCCCC1CC=CC(=O)O1,0,,0,1,0,,,0,0,,0,0
CCCCCCC[C@H]1O[C@@H]1C=O,,0,0,0,0,0,0,0,0,,0,0
CCC(C)(C)OC(C)=O,0,,0,,0,1,0,0,0,0,0,
Cc1cc(O)c(C(C)C)cc1O,0,0,0,0,0,,0,,0,0,0,1
CC(O)C=Cc1ccccc1,0,,1,,0,0,0,0,1,0,0,0
CCCCCC1=CCC(=O)O1,1,1,0,,0,,,0,0,0,0,0
CCC(C)N,0,,0,,1,0,0,0,0,0,0,0
CCOC(C)OCC(COC(C)OCC)OC(C)OCC,0,0,0,,0,0,0,0,0,0,0,0
CCC1CCC(=O)C1=O,0,1,0,0,0,0,0,1,0,,0,0
CCC(=O)OC(C)(C)Cc1ccccc1,0,1,1,,0,,0,0,0,0,0,0
C[C@@H]1OC(O)[C@H](O)[C@H](O)[C@H]1O,0,0,0,0,0,0,0,0,0,0,1,0
CC(C)=CCN1CC[C@]2(C)c3cc(O)ccc3C[C@H]1[C@H]2C,0,0,0,0,0,0,0,0,0,0,1,0
O=C(/C=C/C=C/c1ccc2c(c1)OCO2)N1CCCCC1,,0,0,0,0,0,0,0,0,0,,
CCC(C)(C)C(=O)OC1=C(c2ccc(Cl)cc2Cl)C(=O)OC12CCCCC2,0,0,0,0,0,0,0,0,0,0,1,0
CCCC(CCOC(C)=O)SC,0,0,0,,1,1,0,0,0,0,0,1
CC1=C(CCC(C)C)C(=O)CC1,0,0,1,,0,0,0,0,0,0,0,0
O=C(CS)OCc1ccccc1,0,0,0,0,0,0,0,0,0,0,1,0
Cc1occc1SSC1CCCCC1,1,1,0,0,1,0,0,0,0,,0,0
CC1=CC(C)CC(CO)C1,0,,1,0,0,1,0,0,0,0,0,
CCCC(=O)OC1=C(C)OC(C)C1=O,0,1,0,1,1,1,0,1,0,0,0,
C=CCCCC(C)O,0,0,0,0,0,0,0,0,0,0,1,0
CC(=O)O[C@H](C)CCc1ccccc1,0,0,0,,0,1,0,0,0,0,0,0
CC(=O)c1nccs1,,,0,,,0,,0,0,1,0,0
CCCC(=O)O[C@H]1C[C@H]2CC[C@@]1(C)C2(C)C,0,0,0,,0,1,0,1,0,0,0,0
Cc1c([N+](=O)[O-])c(C)c([N+](=O)[O-])c(C(C)(C)C)c1[N+](=O)[O-],1,,,0,0,0,0,0,0,0,0,0
C=C(C)[C@H]1CC[C@@H](C)[C@@H](OC(C)=O)C1,0,0,0,0,0,1,0,0,0,0,0,
CCC(=O)C(C)=O,,1,0,,,0,,0,0,,0,0
COC(=O)c1ccccc1N=CC1CCC(C)=CC1C,1,0,1,0,1,1,0,0,0,0,0,0
CCOC(=O)C1OC1(C)c1ccccc1,,,,,,0,0,0,0,,0,0
CC(CO)COC1CC2CCC1(C)C2(C)C,1,0,0,0,0,0,0,1,1,0,0,0
CCCCCC(OCC)OCC,0,,,,,1,0,,0,,0,0
C=C1[C@H]2CC[C@H](C2)C1(C)C,0,,0,,1,1,,1,,0,0,
CCCCC=COC(=O)CCCCCCCCC,0,0,0,,0,1,0,0,0,0,0,0
C=CCOCCO,0,0,0,,0,0,0,,0,0,0,0
CC=CC=CCOC(=O)CCC,0,,,1,1,1,0,,0,0,0,0
CCCCC(C)=O,,,0,,,0,0,,0,,0,0
S=C=NCc1ccccc1,0,0,0,,,,,0,0,0,0,
CCC(C)C(C)=O,0,0,0,,,,0,0,0,0,0,
C=CCOC(=O)c1ccccc1,0,,,1,0,0,0,0,0,0,0,0
CC(C)C=O,0,,,,1,,0,0,0,,0,0
CC1(C)[C@@H]2CC[C@]1(C)[C@H](O)C2,0,0,0,0,1,1,0,1,,0,0,1
COc1ccccc1OC(=O)C(C)C,0,0,0,,0,0,1,0,0,0,0,0
CCCCCCCCC(OC(C)=O)C(=O)OCC,0,0,0,,0,0,0,0,0,0,0,0
CC1(C)[C@H]2CC[C@@]1(C)[C@H](O)C2,0,0,0,0,1,1,0,,,0,0,0
CC(C)CC(=O)OC1CC(C)CCC1C(C)C,0,,0,,0,,0,,,0,0,
CCOc1ccc(NC(N)=O)cc1,0,0,0,0,0,0,0,0,0,0,1,0
CCCCC/C=C/C=C/C=O,,,0,,,,,,0,,0,
CC1=CCC(C(C)CC2CCCC2=O)CC1,,,0,1,0,0,,0,0,,0,0
CCCCCCCCCCCCCO,0,,,,,,0,,0,0,0,0
C[C@]12C/C(=C/O)C(=O)C[C@@H]1CC[C@@H]1[C@@H]2CC[C@@]2(C)[C@H]1CC[C@]2(C)O,0,0,0,0,0,0,0,0,0,0,1,0
CC1=C(O)C(=O)OC1C,,1,,,,,,,0,,0,
CSCCCCO,0,0,0,1,1,,0,,0,0,0,
CC(=O)OCC(COC(C)=O)OC(C)=O,,,0,,,0,0,0,0,0,0,0
FC(Cl)Cl,0,0,0,0,0,0,0,0,0,0,1,0
NC(=O)NC(=O)Cc1ccccc1,0,0,0,0,0,0,0,0,0,0,1,0
CCCCCCCC/C=C/CCCCCCCC(=O)OCC(COC(=O)CCCCCCC/C=C/CCCCCCCC)OC(=O)CCCCCCC/C=C/CCCCCCCC,0,0,0,0,0,0,0,0,0,0,1,0
CCOC(CC)OC,0,,0,1,,0,0,,0,,0,0
CC(C)=CCCC(C)C1C=CC(C)(O)CC1,0,0,0,0,,0,0,0,0,0,0,
C=CC(C)(CCC=C(C)C)OC(C)OCC,0,,1,,0,1,0,0,0,0,0,0
O=C(CO)c1ccccc1,0,1,,1,1,1,1,0,0,0,0,0
COc1ccc(CC(C)S)cc1,0,0,0,0,0,1,0,0,0,0,0,0
CC12CCC(CC1)C(C)(C)O2,0,,0,,,1,,,0,0,0,
CCC(=O)OCC(C)C,0,,,,,,0,,0,0,0,
CC(=O)OC=CCC(C)C,0,0,0,,1,1,0,0,0,0,0,0
O.O.O.O.O.O.O=[N+]([O-])[O-].O=[N+]([O-])[O-].[Mg+2],0,0,0,0,0,0,0,0,0,0,1,0
CCCCCCCCCN1CCCCC1,0,0,0,0,0,0,0,0,0,0,1,0
COP(=S)(OC)SCn1nnc2ccccc2c1=O,0,0,0,0,0,0,0,0,0,0,1,0
CC1CCC(C(C)C)C(OC=O)C1,,0,1,0,0,1,0,1,0,0,0,
COc1nccnc1CC(C)C,0,0,0,,,,0,,,0,0,
COc1ccncc1,0,0,0,0,0,1,0,1,,0,0,1
CCCCC/C(C=O)=C\c1ccccc1,0,0,1,,0,,0,0,0,0,0,0
CC1=CCC2C(C)(C)CCCC2(C)C1CCO,1,0,0,0,1,0,0,1,1,0,0,0
CCCC(S)CCOC(C)=O,0,,,,,,0,0,0,,0,0
CCCC(=O)OCCC(C)CCC=C(C)C,0,,1,,0,,0,,0,0,0,
O=c1oc2ccccc2c(O)c1C1CCCc2ccccc21,0,0,0,0,0,0,0,0,0,0,1,0
O=C/C=C/c1ccco1,0,,0,,0,1,1,,0,0,0,1
CN(C)CCCN1c2ccccc2CCc2ccccc21.Cl,0,0,0,0,0,0,0,0,0,0,1,0
COC(=O)C1CC2C=CC1C2,0,0,0,0,1,1,0,1,1,0,0,0
CCCCCCCCCC(=O)OCCC(C)C,,,,1,,1,0,,0,,0,0
CCC(C)COC(=O)C(C)CC,0,,,1,0,,0,0,0,0,0,0
CCCCCCCCCC#N,,,0,,,,,,0,,0,0
CC(=O)C1CCC=N1,0,1,0,0,0,1,,0,0,1,0,0
CCCCCCCCCCCCCCCCCCCCC(C)C,0,0,0,0,0,0,0,0,0,0,0,0
CC1COC(C)(C)O1,0,,0,,,,0,,0,0,0,0
CCC(=O)OC1CCC(C(C)C)CC1,0,0,0,,0,1,0,0,0,0,0,0
CCCCOC(=O)c1ccco1,0,,,,0,0,0,,0,,0,0
O=C1CCCC2C3C=CC(C3)C12,0,0,1,0,0,1,0,1,1,0,0,
CCC(=O)CC(C)(C)S,,,0,1,,,0,,0,0,0,0
CCCCOC(C)OCCc1ccccc1,0,0,0,,0,1,,0,0,0,0,0
CCCC(=O)C(CC)SC,0,0,0,1,0,1,0,0,0,0,0,
CCCCCC1OC(=O)CC1C,,,,,,,,0,0,,0,0
CCCCCCC(CC)OC(C)=O,0,0,1,,,,0,0,0,0,0,0
CCCCCCCCCC=CCOC(C)=O,,0,0,0,0,1,0,0,0,0,0,0
CCC/C=C/CCOC(=O)C(C)C,0,0,0,1,0,1,0,0,0,0,0,0
CNP(=O)(NC)Oc1ccccc1,0,0,0,0,0,0,0,0,0,0,1,0
O=C1CCCCCCCCCCCCCOC1,1,0,0,0,0,0,0,0,0,0,0,0
C=C(C(C)C(C)O)C(C)C(C)(C)C,1,0,0,0,0,1,0,1,1,0,0,0
CCCCC/C=C\C=C\C(=O)OCCCC,,0,0,1,0,1,0,0,0,0,0,0
CCCCC/C=C/C(=O)OCC,,0,0,,,,0,,0,0,0,0
CCCC(=O)OC/C=C/c1ccccc1,0,,,,0,0,0,0,1,0,0,
CC1C(=O)CC2CC1C2(C)C,0,0,0,0,,,0,0,0,0,0,
c1coc(COCc2cccs2)c1,0,0,0,1,1,1,0,1,0,0,0,0
CCCCCCCCC=CC(OCC)OCC,0,,0,1,0,0,0,,0,,0,0
N#C[Hg]C#N,0,0,0,0,0,0,0,0,0,0,1,0
CCCCSSC,0,0,0,,1,1,0,0,0,1,0,1
CCCC(C)=CCOC(C)=O,0,0,1,,0,1,0,0,0,0,0,0
CC=C(CC)C(=O)OCC=C(C)CCC=C(C)C,0,0,1,,0,1,0,0,0,0,0,0
CCC(CCC(C)C)C(=O)OC,0,0,0,,0,1,0,0,0,0,0,0
CCCCCC(=O)OC(C)CCCCC,0,1,0,1,0,1,0,0,0,0,0,0
CC(C)=C[C@@H]1C[C@H](C)CCO1,0,,1,0,,,0,,0,0,0,0
Cl[Cd]Cl,0,0,0,0,0,0,0,0,0,0,1,0
O=C(O)CCCc1ccccc1,0,,1,0,0,0,0,0,0,0,0,0
CC12CCC3C(CCC4=CC(=O)C=CC43C)C1CCC(=O)O2,0,0,0,0,0,0,0,0,0,0,1,0
CCCCCCCCOC(=O)CCCC,0,,0,1,1,0,0,0,0,0,0,0
CC1=CC(=O)CC(C)(C)C1,,,,,1,1,,,0,0,0,
CCCCC(CC)COP(=O)(O)OCC(CC)CCCC,0,0,0,0,0,0,0,0,0,0,1,0
O=[N+]([O-])[O-].c1ccc2c(CC3=NCC[NH2+]3)cccc2c1,0,0,0,0,0,0,0,0,0,0,1,0
Cl,0,0,0,0,,0,0,0,0,0,,0
CCOC(=O)C(C)(O)C(=O)CC,1,1,0,0,1,0,0,0,0,,0,0
CC(C)CCCC(C)CC=O,0,0,,,,,0,0,0,0,0,0
O=C1CCCCO1,,0,0,,0,,0,0,0,0,0,
CC(CCC#N)C1CCCC1,1,0,1,1,,1,0,0,0,0,0,1
CC1=CC(=O)CC(C)(C)[C@@]1(O)/C=C/[C@@H](C)O,0,0,1,,0,0,0,1,0,0,0,0
CCCC[C@H]1OC(=O)C[C@@H]1C,0,,,,0,,,,,0,0,
CC1COC(c2ccco2)O1,0,1,0,,0,,,0,0,0,0,
CCCCC1CCC(=O)O1,,1,0,1,0,,1,0,0,,0,
N#CN=C(N)N,0,0,0,0,0,0,0,0,0,0,1,0
C/C(C#N)=C/c1ccccc1,0,0,0,0,0,0,0,0,0,0,0,1
CC(C)c1ccc(CO)cc1,,,,,,,0,,0,0,0,
CC(=O)OCCC(C)(C)S,0,1,0,,1,,0,0,0,0,0,0
C=C(C)CCCC(C)CCOC(C)=O,0,0,1,,0,,0,0,0,0,0,
CCCCCCCCCC(=O)OC,,,,1,,0,0,,0,,0,0
CCOC(=O)CCCO,0,1,0,0,0,0,0,0,0,,0,0
CCCCC(CC)COC(=O)CCCCCCCC(=O)OCC(CC)CCCC,0,0,0,0,0,0,0,0,0,0,1,0
CCC(=O)OC1CC2(C)CCC1C2(C)C,0,0,,,,1,0,,,0,0,
C=CC(CCC)OC(C)=O,0,1,0,,0,1,0,,0,0,0,1
Cc1occc(=O)c1O,0,1,0,,,,0,0,0,,0,0
CC1CC=C2C(C1)OC(=O)C2C,0,1,0,,0,1,1,0,0,0,0,
CC1=CCC2(C(C)C)CC12,0,0,0,0,0,1,0,1,0,0,0,0
CCC(C)SC(=O)CC(C)C,0,0,0,,,1,0,,,0,0,
O=CC1CCC2CCCCC2C1,1,0,0,0,1,0,0,0,1,0,0,0
CCCCC(CC)COC(=O)CC,,,,,0,0,0,,0,0,0,0
CCCCC(O)c1ccccc1,0,0,,,0,1,0,,0,0,0,0
CC1=CCC(/C=C/C(C)(C)C(C)O)C1(C)C,0,0,,,0,,0,1,0,0,0,0
CC(Oc1ccc(Cl)cc1Cl)C(=O)O,0,0,0,0,0,0,0,0,0,0,1,0
CCCCCCCCCC=Nc1ccccc1C(=O)OC,,,1,1,0,,0,0,0,0,0,0
CC(OCc1ccccc1)OCc1ccccc1,0,1,0,,0,1,0,0,0,0,0,0
CCOC(CC(C)CCCC(C)(C)O)OCC,0,0,1,0,0,,0,0,0,0,0,0
CSCSSc1ccoc1C,,0,0,0,,0,0,0,0,,0,0
CC1CC=CCCCCCCCC(=O)OCC1,1,0,0,,0,0,0,0,1,0,0,0
CP(=O)(F)OC1CCCCC1,0,0,0,0,0,0,0,0,0,0,1,0
CC(C)COC(C)OCC(C)C,0,0,0,,,1,0,0,0,0,0,0
CC(=CC(C)C)C(=O)O,,1,,,,0,0,0,0,0,0,0
CCOC1CCCCCCCCCCC1,0,0,0,0,0,1,0,1,0,0,0,0
COC(C)OC(=O)c1ccccc1,0,0,0,,0,0,0,1,0,0,0,1
CC(=O)C1CC(C)=CC(C)C1C,0,0,1,0,,1,0,1,0,0,0,0
Cc1occc1SSC1CCOC1C,,0,0,0,,0,0,0,0,1,0,0
CC(=O)C(C)C,0,0,0,0,1,,0,0,0,0,0,0
[He],0,0,0,0,0,0,0,0,0,0,1,0
CC(C)=CCC[C@@](C)(O)[C@H]1CC=C(C)CC1,0,,,0,0,0,0,0,,0,0,
CC/C=C/C(=O)C(OC)OC,0,1,0,0,1,1,0,1,0,0,0,
O=C(O)C(c1ccccc1)c1ccccc1.OCC(O)c1ccccc1,0,1,1,0,0,0,0,1,0,0,0,0
CCC=CCCOC(=O)CCCCCCCCCCCCCCC,,0,0,0,0,0,0,0,0,0,0,0
c1nc2c(o1)CCCCCCCCCC2,0,0,0,0,,1,0,1,0,0,0,0
O=C(O)CS.O=C(O)CS.OCCO,0,0,0,0,0,0,0,0,0,0,1,0
CCCCCCCC/C=C\CCCCCCCC(=O)OCC(COC(=O)CCCCCCC/C=C\CCCCCCCC)OC(=O)CCCCCCC/C=C\CCCCCCCC,0,0,0,0,0,0,0,0,0,0,1,0
Cc1ccc2ccccc2c1,0,,,0,0,,0,,0,0,0,
CC1=CCC(C(C)C)=CC1,0,,0,,,,0,,,0,0,
Cc1ccc(C(C)CC=O)o1,,0,,1,0,,0,0,0,0,0,0
O=Cc1ccc(O)cc1,0,,0,0,,,,,,0,0,0
CC(C)CCOCCC=O,0,1,0,0,0,1,0,0,0,,0,0
CC(C)CC(=O)O[C@@H]1C[C@@H]2CC[C@@]1(C)C2(C)C,,0,0,1,1,1,0,,0,0,0,0
COc1nc(C)cnc1C,0,0,0,0,,0,0,1,0,0,0,0
CCCCCCCC(=O)OCCc1ccccc1,0,,,,0,,0,,0,,0,0
CCC(OC(C)=O)c1ccccc1,0,0,1,1,0,1,0,0,1,0,0,0
CCc1cccc2oc(=O)ccc12,0,0,0,0,0,1,1,0,1,0,0,0
C[C@@H]1CCCC(=O)O1,0,,0,,0,0,,0,0,0,0,0
CC(=O)C(C)C(C)=O,0,0,0,,1,0,0,0,0,0,0,0
CCCCC(=O)OC1CC2CCC1(C)C2(C)C,0,0,0,,1,1,,,,0,0,
CC1CCC(C(C)C)C(OC(=O)C(C)O)C1,0,0,0,0,0,1,0,0,0,0,0,
CC1=CC=CC(C)(C)C12CC(=O)C(C)O2,0,0,1,0,0,0,0,1,0,0,0,0
CC(=S)Oc1ccccc1C,,0,0,0,1,0,0,0,0,,0,0
Cc1ccc2c(C(C)C)ccc(C)c2c1,1,0,0,0,1,0,0,1,1,0,0,0
CC1=CCCC(C)(C)C1CC(C)(C)C#N,0,0,1,0,0,0,0,1,1,0,0,0
CCCCCC(=O)CCSC,,,0,,,0,0,0,0,,0,0
COC(=O)C1OC1(C)c1ccccc1,0,0,0,,0,0,0,0,0,0,0,0
CCC(C)C(O)C(=O)OC,0,1,0,1,0,0,0,0,0,,0,0
OCC1CCCO1,0,,0,,,0,0,0,0,,,0
CCC(C)C(=O)OCc1ccco1,0,0,0,,0,0,0,0,0,0,0,0
CCC(=O)OC1C(C)CCC1C(C)C,0,0,1,,0,1,0,0,0,0,0,0
C=CCOC(=O)C(C)CC,0,1,0,1,,1,0,0,0,0,0,0
CCCCCCS,,,0,,1,,,0,0,,0,
C=C(C)[C@@H]1CC=C(C)[C@H](O)C1,0,,0,0,0,,0,0,,0,0,
C/C=C(/C=O)CSC,0,0,0,1,,0,0,0,0,,0,0
CCCC(=O)CC(=O)OC,0,1,0,,0,0,0,0,0,1,0,0
CC(C)=CCC[C@H](C)CCO,0,,1,,0,1,0,0,0,0,0,0
CN1CCC[C@@H]1CCO[C@](C)(c1ccccc1)c1ccc(Cl)cc1,0,0,0,0,0,0,0,0,0,0,1,0
O=C(/C=C/c1ccccc1)OCc1ccccc1,,,,,0,0,0,0,,,,
CCCCCCCC(=O)OCCC(C)CCC=C(C)C,0,0,1,,0,0,0,0,0,0,0,0
O=C1CCCCCCCCCOCCCCCO1,1,,0,0,0,0,0,,1,0,0,0
CC(C)=CCC/C(C)=C/CC/C(C)=C/C=O,0,,,,0,,0,,0,0,0,
CCCCC=CC=O,,,0,0,0,,,0,0,0,0,0
Oc1ccc(O)cc1,0,0,0,0,,0,0,0,0,0,,0
CC(=O)C1(C)CC(=O)C(C)(SCc2ccco2)O1,0,1,0,0,0,0,0,1,0,,0,0
O=C([O-])CCC(=O)OCc1ccccc1,0,0,0,0,0,0,0,0,0,0,1,0
CCC(C)CCCC(C)(C)O,0,,,1,0,,0,,,0,0,0
CCCCOC(=O)c1ccccc1,,0,,,0,0,0,,1,0,0,
CCCCN=C=S,0,0,0,,,,0,0,0,0,0,
CC(=O)/C=C/C1C(C)=CCC(C)C1(C)C,0,,,,0,0,0,,0,0,,0
CCCC/C=C\CC=O,0,0,0,,0,1,0,0,0,0,0,0
CC(O)C(=O)OCc1ccccc1,,1,,,0,0,0,0,0,,0,0
C=CCOCC=C.COc1ccccc1O,,0,0,,0,1,0,0,0,0,0,1
CCCCCC(=O)OCCCc1ccccc1,0,,0,,0,1,0,0,0,0,0,0
COC(=O)C1CC2CC1C(C)(C)C2,0,0,0,,0,1,0,1,1,0,0,0
C=CC(CCCCC)OC(=O)CCC,,1,,1,,,0,,0,,0,0
O=C([O-])CF,0,0,0,0,0,0,0,0,0,0,1,0
O=C1OC(c2ccc(O)cc2)(c2ccc(O)cc2)c2ccccc21,0,0,0,0,0,0,0,0,0,0,1,0
CCCCCCCCCC(C)C(=O)OC,0,0,0,1,0,1,0,,0,0,0,1
CCCCCCCCCCOC(=O)C(C)=O,0,1,,1,0,1,0,,0,,0,0
COCCOC,0,1,0,0,,0,0,0,0,0,0,0
C=C=CC(C)C(=O)OCC,0,,0,1,0,,0,,0,0,0,
CCC(O)COC1CCCCC1C(C)(C)C,1,0,0,0,0,0,0,1,1,0,0,0
CC(=O)OC(CC(C)C)c1ccccc1,0,0,0,,0,1,0,1,0,0,0,0
O=S([O-])S(=O)[O-].[Ca+2],0,0,0,0,0,0,0,0,0,0,1,0
CCCCCCC1CCC(=O)O1,,,0,1,0,,,0,0,,0,0
CCCCCCCCCCCC(OC)OC,,0,,,0,,0,0,0,0,0,0
C/C=C/c1ccc(OCCCCC)c(OC)c1,0,,1,0,0,,0,0,1,0,0,1
CC1CCC(C(C)C)C2(C1)OC(=O)C(C)O2,0,0,0,0,0,1,0,0,0,0,0,
CC1C=COC2(CCCCC2)C1,0,0,,1,1,1,0,0,0,0,0,
CC(=O)OC(C)c1ccccc1,,,,,,,,,0,0,0,
CCCCCCCCCCCC1=NCC[N+]1(CCOCC(=O)[O-])CC(=O)[O-].[Na+].[Na+].[OH-],0,0,0,0,0,0,0,0,0,0,1,0
COc1cccc(C=O)c1,0,,,0,0,,0,0,0,0,0,1
CCC(C)CC(C)C,0,0,0,0,1,0,0,0,0,0,0,0
CC(C)=CCC/C(C)=C/CC[C@H](C)CC=O,0,,1,0,0,1,0,0,0,0,0,0
COc1ccc(NC(=O)[C@@H]2C[C@H](C)CC[C@H]2C(C)C)cc1,0,0,0,0,0,1,0,0,0,0,0,
CCCCCC(CO)C(C)=O,0,,0,,1,1,0,1,0,0,0,0
O=C1OC(=O)c2c(Cl)c(Cl)c(Cl)c(Cl)c21,0,0,0,0,0,0,0,0,0,0,1,0
FC(F)(F)Br,0,0,0,0,0,0,0,0,0,0,1,0
O=C([O-])C[NH+](CC[NH+](CC(=O)[O-])CC(=O)[O-])CC(=O)[O-].[Ca+2],0,0,0,0,0,0,0,0,0,0,1,0
CCc1nccnc1C,,,0,,,,,,0,,0,0
CCCCCC=CCCC=CC=O,,0,0,1,1,1,0,0,0,0,0,1
CC(C)CCOCc1ccccc1,0,,,,,,0,0,,0,0,
COCC(C)O,0,1,0,0,,0,0,0,0,0,0,0
CCCC(C)OC(=O)C(C)O,0,1,,1,0,0,0,,0,,0,0
C=CCSSCC=C,0,0,0,,,,0,0,0,0,,
OCC1(O)OC[C@@H](O)[C@@H](O)[C@@H]1O,0,0,0,0,0,0,0,0,0,0,1,0
CC1CCC(C(C)C)C2(C1)OCC(CO)O2,0,0,0,0,0,0,0,0,0,0,1,0
COC(=O)c1ccccc1N=CCC(C)CCC=C(C)C,0,0,,1,0,1,0,,0,0,0,0
CCCCCCC1OC1/C=C/C=O,0,0,0,0,,0,0,0,0,0,0,0
CC1CC[C@@H](C(C)(C)O)[C@H](O)C1,0,0,0,,0,1,0,1,0,0,0,
C/C1=C\CCC2(C)OC2CC/C(C)=C/CC1,1,0,0,0,0,0,0,1,1,0,0,0
CCCCCCOC(=O)C1CCCCC1,,0,0,0,0,1,0,0,0,0,0,0
O=C1CCCCCCCCCCC=CCCO1,1,0,0,0,0,0,0,0,0,0,0,0
CCOC(=O)C(C)C(C)OC(C)=O,0,0,0,,0,0,0,0,0,0,0,0
CCCCCCCCOCC=O,0,,1,,,1,,0,0,0,0,0
CC(=O)CC(=O)OCC=C(C)CCC=C(C)C,0,1,1,,0,1,0,1,0,0,0,0
C/C=C/C=C/C(=O)OC,0,1,0,,,,,0,0,0,0,1
CC(C)=CCC(C=O)C(C)C,0,0,0,0,0,1,0,1,0,0,0,
CC(O)C(=O)O[C@@H]1C[C@H](C)CC[C@H]1C(C)C,0,0,0,,0,,0,0,0,0,,
CCCCCCCC(=O)OCC(C)OC(=O)CCCCCCC,,,0,,0,0,0,,0,,0,0
CC(C)C1CCC(CCCO)CC1,0,0,1,0,1,1,0,1,1,0,0,0
Nc1ccn(C2O[C@H](CO)[C@@H](O)[C@@H]2O)c(=O)n1,0,0,0,0,0,0,0,0,0,0,1,0
O=C(CCc1ccc(O)cc1)c1c(O)cc(O)cc1O,0,,0,0,0,0,0,0,0,0,,0
C=C/C=C\C#CCCCCC,,0,1,1,0,1,0,0,0,1,0,0
CCC(=O)c1cccs1,0,1,0,0,0,0,0,0,0,,0,0
O=C1C=CCCC1,0,0,0,0,,,0,0,0,,,
CCCC(O)c1ccc(C(C)C)cc1,0,0,1,0,0,1,0,1,0,0,0,0
CCCc1ccc(OC)cc1,0,,0,0,,1,0,,0,0,0,
CCCCCCC(=O)CCC=O,,0,0,0,0,0,0,0,0,0,0,0
C=C(C)C1CC=C(COC(C)=O)CC1,0,,,,,,0,,0,0,0,
CCCCCCCCCCCCCC,0,0,0,0,,0,0,0,0,0,0,0
CCOc1cc(C=O)ccc1O,0,1,,0,,,0,0,0,,0,0
CCCCC(C=O)=Cc1ccccc1,0,0,1,0,0,1,0,0,0,0,0,0
CC1=CCC(C(C)CC=O)CC1,0,0,,,,,0,0,0,0,0,0
CCCCCCCC/C=C\CCCCCCCC(=O)O,,0,0,0,0,0,0,0,0,,0,0
CCCCCCCCCCCC(=O)OC(C)C,,,1,,0,1,0,0,0,0,0,0
CC1=NC(CC(C)C)SC1C,,,0,,,1,,0,0,,0,0
CCC=CSC,0,0,0,,1,,0,0,0,,0,
CCOC(=O)CCCCCOC(C)=O,0,,1,1,0,1,0,0,,0,0,1
Cc1occc1SSc1ccoc1C,,0,0,,,,0,0,0,,0,0
OC(CCCN1CCCCC1)(c1ccccc1)c1ccccc1,0,0,0,0,0,0,0,0,0,0,1,0
CCCCCCCCCCCCCCCCCC(=O)OC1CC(C)CCC1C(C)C,0,0,0,0,0,0,0,0,0,0,1,0
FC(F)(F)C(F)(F)Cl,0,0,0,0,0,0,0,0,0,0,1,0
CCCC(=O)Oc1ccco1,0,1,0,1,0,0,0,0,0,,0,0
COc1cc(C)cc(O)c1,0,,0,,,,0,,0,0,0,0
C=CCCCCCCCO,0,0,1,0,0,0,1,0,1,0,0,0
CC(=O)c1ccc(C)o1,,,0,,,,1,,0,,0,0
C=C1CCC(OC(C)=O)/C(C)=C\CC2C1CC2(C)C,0,0,0,,0,,0,1,0,0,0,
Cc1ccc(C(C)C)c(O)c1,0,,,,,,,,,,0,
CCCCCCCCCC(=O)OCCCCCCCC,,0,0,,0,0,0,0,0,0,0,0
CC(C)OC(Cc1ccccc1)OC(C)C,0,0,0,0,1,1,0,0,0,0,0,0
CC(=O)OC1CC(C)CCC1C(C)C,0,,,,,1,0,,0,0,0,
COc1ccc(C(C)C=O)cc1,0,0,1,0,0,1,0,1,0,0,0,0
CC(C)CCCCCCC=O,,1,1,1,0,1,0,0,0,0,0,0
CCCCCC1CCOC(CCCCC)O1,,0,0,0,0,1,0,0,0,0,0,0
CCOC(=O)CCl,0,0,0,0,,0,0,0,0,0,0,0
CC(C)CC(=O)OC(C)c1ccccc1,0,0,1,,0,1,0,0,0,0,0,0
COC1=C(C)CC(C)C1=O,0,1,0,0,0,0,0,1,0,,0,0
CCCCCCCCCCCCCCCC(=O)OCCCCC,,0,0,0,0,0,0,0,0,0,0,0
CC1CCCCN1,,,0,,1,0,,0,0,1,0,
CCCCCCCCCC(=O)OCCCC,0,,0,,0,0,0,,0,,0,
COC(=O)c1ccccc1O,0,,,,,,,,0,,0,
CC,0,0,0,0,0,0,0,0,0,0,1,0
CCCCCC1=C(C)CCCC1=O,0,0,1,0,0,1,0,1,0,0,0,0
C=C(C)c1ccnc(C(C)=O)c1,,,0,0,0,1,0,0,,0,0,
CC(=O)O[C@H]1C[C@@H]2CC[C@@]1(C)C2(C)C,0,,0,,,1,0,1,1,0,0,0
CCCCOC(=O)CC(O)(CC(=O)[O-])C(=O)[O-],0,0,0,0,0,0,0,0,0,0,1,0
O=C(O)[C@@H]1C[C@@H](O)CN1,0,0,0,0,0,0,0,0,0,0,1,0
C=CC(=C)CCC(COC(C)=O)C(=C)C,0,0,1,0,0,1,0,0,0,0,0,0
CC(=O)c1ccc[nH]1,0,,0,,,,,,0,,0,
CCCCCCCCCCCC,0,,0,0,1,0,0,0,0,0,0,0
CC(=CCCC1(C)C2CC3C(C2)C31C)CO,0,,0,0,0,,0,,0,0,0,0
C=C[C@H](O)CCC,,0,0,0,1,1,0,1,0,,0,0
C=Cc1ccccc1,0,,,,,,,0,,0,0,
C/C=C/CCCO,,0,0,1,,1,0,,0,0,0,0
C=CC(=O)CCCC,0,0,0,0,,0,0,0,0,0,0,0
CC(C)C(=O)OC(C)c1ccccc1,0,0,1,1,0,1,0,,0,0,0,0
C[C@@H]1O[C@@H](O[C@H]2[C@H](Oc3cc(O)c(C(=O)CCc4ccc(O)cc4)c(O)c3)O[C@H](CO)[C@@H](O)[C@@H]2O)[C@H](O)[C@H](O)[C@H]1O,0,0,0,0,0,0,0,0,0,0,1,0
C=CC(C)(CCC=C(C)C)OC(=O)c1ccccc1NC,0,1,1,1,0,,0,0,1,0,0,0
CSCCCCC#N,0,0,0,1,1,0,0,0,0,0,0,0
CCCCCOC(CCCCC)OCCCCC,0,,0,1,0,1,0,,0,,0,0
CC(C)=CCCC(C)CC=O,,,,,,,0,,0,0,0,0
CC(=O)/C=C/C(C)C,0,,0,1,1,0,0,0,0,0,0,0
CC1(C)CC(=O)C2OC2(C)C1=O,0,1,0,0,1,1,0,0,0,0,0,
COC(=O)Nc1nc2ccccc2[nH]1,0,0,0,0,0,0,0,0,0,0,1,0
CCOC(=O)C1C(C)=C(C)CCC1(C)C,0,0,1,1,0,0,0,1,0,0,0,1
CCOC(=O)c1ccccc1N=Cc1ccc(C(C)(C)C)cc1,0,0,1,0,1,1,0,0,0,0,0,0
CC1CCOC(C2CCCCC2)S1,0,0,0,1,1,1,0,1,0,0,0,0
CCCCCCCCC=CCCCCCCCC(=O)OCC(COC(C)=O)OC(C)=O,0,0,0,0,,0,0,0,0,0,,0
C/C=C(\C)CSC,,0,0,0,0,0,0,0,0,1,0,0
CCCCCC=CC(=O)OCCCC,,1,0,1,0,0,0,0,0,0,0,0
CCCCCC=C1CCCC1=O,0,0,1,,0,,0,0,0,0,0,
C=C1CC[C@H](O)CC1=CC=C1CCC[C@@]2(C)C1CC[C@@H]2[C@H](C)/C=C/[C@H](C)C(C)C,0,0,0,0,0,0,0,0,0,0,1,0
CCCCC(=O)O,,,0,,1,,0,,0,0,0,0
CCc1ccc(C(C)=O)cc1,0,,1,,,,0,0,,0,0,0
CCC(=O)OC/C=C/c1ccccc1,0,,,,0,,0,0,1,0,0,
CC(C)[C@@H]1CC[C@H](C)C[C@H]1O,0,0,0,0,0,1,0,0,0,0,0,
CCC(C)CCCCCCCCCCCCC=O,,0,0,0,0,0,0,0,0,0,0,0
C[C@H](O)c1ccccc1,0,1,1,1,0,1,0,0,0,0,0,0
c1ccc2c(c1)Oc1ccccc1[As]2O[As]1c2ccccc2Oc2ccccc21,0,0,0,0,0,0,0,0,0,0,1,0
CCOC(C)OC(C)C(=O)[O-].[K+],0,0,0,0,0,0,0,0,0,0,1,0
O=C(Nc1ccccc1)Nc1cnns1,0,0,0,0,0,0,0,0,0,0,1,0
CCNC(=O)NC(=O)/C(C#N)=N/OC,0,0,0,0,0,0,0,0,0,0,1,0
CC(=O)OC/C=C/c1ccccc1,0,1,,,0,0,0,0,,0,0,
CCOC(=O)c1ccccc1,0,,,,,,,,0,0,0,
C=CC(=C)CC/C=C(\C)C=O,0,0,0,,0,1,0,0,0,0,0,0
C=CCc1ccc(O)c(OC)c1,,,,0,,0,0,,,,0,1
CSCC[C@H](N)C(=O)NCC(=O)O,,0,0,0,1,0,0,0,0,1,0,0
CC(C)C1CCC(CC(C)C(C)O)CC1,0,0,1,0,0,1,0,1,0,0,0,0
CC(=O)O[C@H]1CC2CCC1(C)C2(C)C,0,0,0,0,,,0,,1,0,0,0
C=CCS,,,0,,,,0,0,0,,,
CCCCCC1OC1C=O,,0,0,1,,0,0,0,0,0,0,0
CCCCCCCCCCCCCC=CC(=O)O,,0,0,0,0,0,0,0,0,0,0,0
CC(=O)C=CC12OC1(C)CCCC2(C)C,0,,1,1,0,0,0,1,0,0,0,0
CCCCCC/C(C=O)=C\c1ccccc1,0,,,,0,,0,0,0,0,0,
O=[Si]([O-])O.O=[Si]([O-])O.O=[Si]([O-])[O-].O=[Si]([O-])[O-].[Mg+2].[Mg+2].[Mg+2],0,0,0,0,0,0,0,0,0,0,1,0
CC(=O)OCC(C)Cc1ccc(C(C)C)cc1,0,0,1,0,0,0,0,0,1,0,0,0
CC/C=C\CCOC(=O)/C=C/c1ccccc1,0,0,1,0,0,1,0,0,1,0,0,0
CCCCCCC1COCC(=O)O1,1,,0,0,1,0,1,0,0,0,0,0
CC(=O)OCC1CC(C)CC(C)C1,0,0,1,0,0,1,0,1,0,0,0,0
CCC(=O)CCC(C)C,0,0,0,,1,1,0,0,0,0,0,0
CC(C)[C@H]1CC[C@@H](C)CC1O,0,0,0,0,,1,0,,,0,0,
C=C/C(C)=C/CC(C)(C)/C(=N/O)C(C)C,0,0,1,1,0,1,0,0,0,0,0,
O.O.O=C([O-])CC(O)(CC(=O)[O-])C(=O)[O-].[Na+].[Na+].[Na+],0,0,0,0,0,0,0,0,0,0,1,0
O=C(C=Cc1ccccc1)c1ccccc1,0,0,1,0,0,1,0,0,1,0,0,0
CSCCCCCN=C=S,0,0,0,1,1,0,0,0,0,0,0,
C=C(C)C1CC=C(C2OCC(C)O2)CC1,,0,0,0,0,1,0,0,0,0,0,1
COC(=O)c1ccccc1N=CC(C)Cc1ccc(OC)cc1,0,,1,,0,,0,,0,0,0,
C#C[C@]1(O)CC[C@H]2[C@@H]3CCc4cc(O)ccc4[C@H]3CC[C@@]21C,0,0,0,0,0,0,0,0,0,0,1,0
CC(C)=CCc1occc1C,0,,0,,0,,0,0,0,,0,
O=Cc1ccc(CO)o1,,,,,,,0,,0,,0,
CC(=O)O.CC(=O)O.CC(=O)O.COc1cc(C=O)ccc1O,0,0,0,0,0,0,0,0,0,0,1,0
CC(=O)C=CC1=CC(C)(C)CCCC1C,0,0,1,0,0,0,0,1,0,0,0,0
CCCCCCOC(=O)C(C)CCC,0,0,,1,0,1,0,,0,0,0,0
CCOCCC(=O)O,0,0,0,,1,0,0,0,0,0,0,0
CC(C)[C@@]12CC[C@](C)(O)[C@@H]1C2,0,0,0,0,0,0,0,0,1,0,0,0
CCC(=O)COC(C)=O,0,1,,1,0,0,1,,0,,0,0
CCOC(=O)c1ccc(OC)cc1O,0,0,0,0,0,1,0,0,0,0,0,1
CCCCCCCCCOC(=O)c1ccccc1,0,,0,,0,1,0,,,0,0,
CC(CCCC(C)(C)O)CC(c1c[nH]c2ccccc12)c1c[nH]c2ccccc12,1,0,1,,1,0,,0,0,0,0,
CC=CCCC1CCCC(=O)O1,,1,1,1,0,1,1,0,0,0,0,0
CC1=CC(O)CC(C)C2CC(=C(C)C)CC12,0,,0,,0,,0,1,,0,0,0
O=c1c(O[C@@H]2O[C@H](CO)[C@@H](O)[C@H](O)[C@H]2O)c(-c2ccc(O)c(O)c2)oc2cc(O)cc(O)c12,0,0,0,0,0,0,0,0,0,0,1,0
CCOC(=O)C1OC1(C)CCC=C(C)C,0,1,0,,0,1,0,0,0,,0,0
CCCCCCCC1CCC(O)CC1,0,0,0,0,1,1,0,1,0,0,0,0
C=CCCCCCCCCC(=O)OCCCC,,1,,,,0,0,,0,,0,
NC(N)=NCCC[C@H](N)C(=O)O.N[C@@H](CCC(=O)O)C(=O)O,0,0,0,0,0,0,0,0,0,0,1,0
COc1ccc(C(=CC(=O)N2CCOCC2)c2ccc(Cl)cc2)cc1OC,0,0,0,0,0,0,0,0,0,0,1,0
Nc1nc(=O)c2ncn([C@@H]3O[C@H](COP(=O)([O-])[O-])[C@@H](O)[C@H]3O)c2[nH]1.[Na+].[Na+],0,0,0,0,0,0,0,0,0,0,1,0
Cc1cnc(C(C)C)cn1,,,0,0,,,,,0,,0,0
CCNc1ccccc1C(=O)OCC,0,1,,1,0,,0,,0,0,0,0
CCCCCC[C@H]1CCC(=O)O1,,1,0,,0,0,,0,0,0,0,0
C[C@]12CCC(=O)C=C1CC[C@@H]1[C@@H]2[C@@H](O)C[C@@]2(C)[C@H]1CC[C@]2(O)C(=O)CO,0,0,0,0,0,0,0,0,0,0,1,0
CCOC(=O)CC(C)CC(C)(C)C,0,,,1,,,0,,0,,0,0
O=C1CCCCC1=O,0,,0,0,0,0,,,0,,,0
O=S(=O)([O-])[O-].[Ba+2],0,0,0,0,0,0,0,0,0,0,1,0
CC=C(C)C(=O)OCC=Cc1ccccc1,0,,0,0,0,1,0,1,0,0,0,1
C[C@H]1C(c2ccc(Cl)cc2)SC(=O)N1C(=O)NC1CCCCC1,0,0,0,0,0,0,0,0,0,0,1,0
CCCOC(=O)C(C)C,0,,0,1,0,0,0,0,0,0,0,0
CCCCCCCS,,0,0,,1,0,0,0,0,,0,0
CC1CCC(C(C)(C)O)C(O)C1,0,,,,0,1,0,,0,0,0,
Cc1cc2occ(C)c2c2c1CC[C@H](C)C2,0,1,0,0,0,0,0,,1,0,0,1
COC(CC(C)CCC=C(C)C)OC,0,0,,,0,,0,0,0,0,,0
CCCCCC(=O)OC/C=C(\C)CCC=C(C)C,0,,,,0,,0,,,0,0,0
CCCCCCCC(=O)N(CC)CC,0,1,0,,0,1,0,1,0,0,0,1
CCCCCC=CC=CC(C)=O,,0,0,1,0,1,0,0,0,1,0,0
CC1=CC(O)C(C(C)C)CC1,0,0,0,0,,1,0,0,0,0,0,
CC(=CC=O)CCC=C(C)CCC(C)C,,0,1,1,0,0,0,0,0,0,0,0
CCOC(=O)c1ccccc1C(=O)OCC,0,0,0,0,0,,0,0,0,0,,
C/C(=C\CCC1(C)C2CC3C(C2)C31C)CO,0,0,0,0,0,,0,1,0,0,0,0
CCCCCC1C=CC(=O)O1,,,0,,0,1,,0,0,,0,
CC(=O)O.CC(O)CO,0,0,0,,,0,0,0,0,0,0,0
COc1ccccc1C(C)=O,0,,0,,,,,,0,0,0,
CC/C=C(\C)C(=O)O,,1,0,1,,,0,,0,,0,0
O=C(O)CCC(=O)OOC(=O)CCC(=O)O,0,0,0,0,0,0,0,0,0,0,1,0
CCOC(C)OC(C)C,0,,0,1,1,1,1,,0,,0,0
CCCCC/C=C/CC(=O)O,,,0,1,0,1,0,0,0,0,0,0
C[C@]12CC[C@H]3[C@@H](CCC4=CC(=O)CC[C@@]43C)[C@@H]1CC[C@@H]2O,0,0,0,0,0,0,0,0,0,0,1,0
CCCCCCCCCCCCCC(=O)OCCCCCC,0,0,0,0,0,0,0,0,0,0,1,0
C=CCOc1ccccc1OC,0,0,0,0,0,0,0,1,,0,0,1
[Mg],0,0,0,0,0,0,0,0,0,0,1,0
C=CCSSSC,0,,0,,1,1,0,0,0,0,0,1
CC(C)=C1CC[C@@H](C)CC1=O,0,,0,,,1,0,,,0,0,
CCCCCCCCC(=O)OC/C=C(\C)CCC=C(C)C,0,0,1,,0,1,0,,0,0,0,0
CC(=O)c1cnccn1,0,,0,,,,,,0,1,0,0
CCCCCCCCCC(C)C(OCC)OCC,,0,0,,0,0,0,,1,0,0,0
CC(=O)C1NCCS1,,1,0,0,1,0,1,0,0,1,0,0
CCCCCCOC(=O)Cc1ccccc1,,,1,,0,1,0,,0,0,0,0
Br[Hg].Br[Hg],0,0,0,0,0,0,0,0,0,0,1,0
CC12CCCC(C)(CC1)C2=NO,0,0,0,,,1,0,0,0,0,0,0
CC(=O)c1cnc(C)cn1,0,,0,,0,0,1,0,0,,0,0
CC(=O)c1cc(C(C)C)cc(C(C)C)c1,1,0,,1,0,1,0,,1,0,0,0
CCCCCCCCCCCCCCCc1cccc(O)c1,0,0,0,0,1,1,0,1,0,0,0,0
S1[As]2S[As]1S2,0,0,0,0,0,0,0,0,0,0,1,0
CC(C)=CCCC(C)CCOC(=O)[C@@H](C)O,0,0,1,0,0,1,0,0,0,0,0,0
C[As](C)(=O)O,0,0,0,0,0,0,0,0,0,0,1,0
CCCCCCCC(=O)OCC,,,,,,,0,,0,,0,0
CCCSSCc1ccco1,,0,0,,,,0,0,0,,0,
OB(O)O,0,0,0,0,0,0,0,0,0,0,1,0
CCC/C=C/C1OCC(O)CO1,0,0,0,0,0,1,0,0,0,0,0,0
COCC(=O)OCC=C(C)CCC=C(C)C,1,0,1,0,0,0,0,0,0,0,0,0
CC(C)(C)c1cccc2ncccc12,1,0,0,0,1,1,0,1,0,0,0,0
CC(=O)C1CCCCC1,0,0,1,0,1,1,0,0,0,0,0,0
CC(C)CCOC(C)OCC(C)C,0,,0,1,,1,1,,0,,0,0
[Ba+2].[F-].[F-],0,0,0,0,0,0,0,0,0,0,1,0
CC=CC(=O)OCC,,1,0,1,1,0,0,,0,,0,1
CN(C)[C@@H]1C(=O)C(C(N)=O)=C(O)[C@@]2(O)C(=O)C3=C(O)c4c(O)ccc(Cl)c4[C@@H](O)[C@H]3C[C@@H]12.Cl,0,0,0,0,0,0,0,0,0,0,1,0
CCCCC=CCCCC1CCCC(=O)O1,0,1,0,,0,0,0,0,0,,0,0
CCCC(C)=O,0,,,,,0,0,,0,,0,
CC1(C)C2CCC1(C)[C@@H](OC=O)C2,0,0,0,,1,1,,1,,0,0,
C=C(O)C(C)CCCC(C)C,0,0,,,0,1,0,,,0,0,0
CC1(C)C2CC=C(CC=O)C1C2,,0,0,0,0,,,1,1,0,0,
CC(C)C(=O)OCCCc1ccccc1,,,,,,0,0,,1,,0,
CCC(=O)O.CCC1CCCCC1,0,,0,1,0,0,0,0,0,0,0,0
CCC(C)C(=O)OC(C)CO,0,0,0,,,0,0,0,0,0,0,0
O=C(O)C1CCCCC1,,0,0,,,0,0,0,0,0,0,0
CC(C)=CCCC(C)(O)C1CO1,0,,,,,,0,1,0,0,0,
CC1=C(O)C(=O)CO1,0,1,0,0,,0,0,0,0,,0,0
C=C(F)F,0,0,0,0,0,0,0,0,0,0,1,0
COc1cccc(OC)c1,0,,,,,,,,0,0,0,
C/C(=C\CO)CCCC(C)CCCC(C)CCCC(C)C,0,0,1,0,0,1,0,0,1,0,0,0
CCCCCC(=O)O,,,0,0,,0,0,0,0,0,0,0
COc1ccc(CS)cc1,0,0,1,0,1,,0,0,1,0,0,1
C[N+](C)(C)CCO.O=C([O-])C(O)C(O)C(=O)O,0,0,0,0,,0,0,0,0,0,1,0
CC(O)C1C2CCC(C2)C1(C)C,0,,0,0,,,0,1,,0,0,0
C=CC(N)=O,0,0,0,0,0,0,0,0,0,0,1,0
CC(=CC=O)CCCC(C)C,0,0,0,0,0,1,0,0,0,0,0,
CCCCC1CCCC(=O)O1,,,,,0,0,1,,0,,0,0
CCCCC(=O)OCCc1ccccc1,0,,1,,0,1,0,0,0,0,0,0
C[C@@](N)(Cc1ccc(O)c(O)c1)C(=O)O,0,0,0,0,0,0,0,0,0,0,1,0
C=CCCCCC(C)=O,,0,0,0,1,1,0,0,0,0,0,0
Cc1cccc2c1C(C)C(=O)O2,0,1,0,1,0,1,1,0,0,0,0,0
OC[C@@H](O)[C@@H](O)[C@H](O)[C@H](O)CO[C@H]1O[C@H](CO)[C@@H](O)[C@H](O)[C@H]1O,0,0,0,0,0,0,0,0,0,0,1,0
CC/C=C\CCCCCO,,,0,1,0,1,0,0,0,0,0,0
CCOC(=O)Nc1ccc(NCc2ccc(F)cc2)cc1N,0,0,0,0,0,0,0,0,0,0,1,0
CC[C@@H]1CC(C)(C)CCC1=O,0,0,0,1,0,1,0,0,0,0,0,1
Cc1noc(C)c1Cn1cc(N2C(=O)N(Cc3cccc(O)c3)C(C)(C)C2=O)cn1,0,0,0,0,0,0,0,0,0,0,1,0
CCC=CCCC=O,,0,0,0,0,1,0,0,0,0,0,0
CCCC(O)CCCC(=O)OCC,,,0,1,0,0,0,0,0,0,0,0
CCOC(=O)CC(=O)OCC,0,,0,,0,,0,0,,0,0,0
CCCCCCCCC(C(C)=O)C(=O)OCC,0,0,1,,0,1,0,0,0,0,0,0
CCCC(C)CC,0,0,0,0,1,0,0,0,0,0,0,0
C=C(CCC=C(C)C)C1CC=C(C=O)CC1,,0,0,,0,1,0,0,0,0,0,0
CC(=O)C=C(C)C,0,,0,,,,,,0,,0,
CCC/C=C/COC(=O)CC(C)C,0,1,0,1,,,0,0,0,,0,
C/C=C(/C)C(=O)OC,0,,0,,,,0,,0,0,0,
C=C1C2CCC3C2C(C)(C)CCCC13C,0,1,,,1,,,1,,0,0,
CC(C(=O)OCc1ccccc1)c1ccccc1,0,0,0,0,0,0,0,0,0,0,1,0
CSCc1cccs1,0,0,0,1,1,0,0,,0,1,0,0
CC(C)[C@@H](C(=O)O)[C@@H](O)[C@H](O)[C@@H](N)CC1CCCCC1,0,0,0,0,0,0,0,0,0,0,0,1
CC(C)c1ccnc2ccccc12,0,0,0,0,,1,0,1,0,0,0,0
CC(C)CC1NC(CC(C)C)SC(CC(C)C)S1,,,0,,0,0,0,,,1,0,0
C/C=C(\C)C(=O)OCc1ccccc1,0,,,,,0,,,,0,0,0
CC(C)=CCCC(C)CC(C)(C)O,0,0,1,1,0,,0,0,0,0,0,0
CC1=CC(C)C(C)C(C=O)C1.CC1=CC(C)C(C=O)C(C)C1,0,0,,,,1,0,,0,0,0,0
OCCOCc1ccccc1,0,0,1,0,0,0,0,0,0,0,0,0
CC1CC(C(C)(C)C)CCC1O,0,0,1,0,1,1,0,1,0,0,0,
CCCCCC(O)C(S)CCCC,0,0,0,1,,1,0,0,0,0,0,
Cc1ccc(C2OCC(C)O2)cc1,0,1,,1,,,1,0,0,0,0,
CC(C)=CCC/C(C)=C/C#N,,,,1,,,0,0,0,,0,0
COC(=O)[C@H](C)O,1,1,0,0,,0,0,,0,,0,1
CC=C(C)CCO,0,0,1,,0,1,0,0,0,0,0,0
O=C1NC(=O)C(c2ccccc2)(c2ccccc2)N1,0,0,0,0,0,0,0,0,0,0,1,0
CCOC(=O)CC(O)c1ccccc1,,,,,,1,0,0,,0,0,0
C[C@@H](NC1C(C)(C)SC1(C)C)C(=O)NC(=O)[C@@H](N)CC(=O)O.C[C@@H](NC1C(C)(C)SC1(C)C)C(=O)NC(=O)[C@@H](N)CC(=O)O.O.O.O.O.O,0,0,0,0,0,0,0,0,0,0,1,0
CC(C)=CCO,0,,,,,1,0,,0,,0,
CC1CCC=C(C=O)C12CCC(C(C)(C)O)C2,0,0,0,0,0,0,0,0,0,0,1,0
O=C1OC(C(O)CO)C([O-])=C1O.[Na+],0,0,0,0,0,0,0,0,0,0,1,0
CC/C=C/CC1=C(C)CCC1=O,,,,,,0,0,,0,0,0,0
O.O.O=C1[N-]S(=O)(=O)c2ccccc21.[Na+],0,0,0,0,0,0,0,0,0,0,1,0
[Ca+2].[O-][O-],0,0,0,0,0,0,0,0,0,0,1,0
CCCCCCCCCCC(C(C)=O)C(=O)OCC,0,0,1,,0,0,0,0,0,0,0,0
CCOC(=S)c1ccccc1,0,,0,1,1,0,0,0,0,0,0,0
Cc1ccc(C=O)cc1,0,,,,,,,0,0,0,0,
C=C1CC[C@H](C(C)C)[C@H]2C=C(C)CC[C@H]12,0,0,0,0,0,,0,1,0,0,0,0
CCCCCCCCCCCO,,,,1,0,,0,,,0,0,0
CCOC(=S)C(CC)C(C)=O,,0,0,1,1,0,0,0,0,,0,0
CC1(C)[C@@H]2CC[C@@]1(C)[C@](C)(O)C2,0,0,0,0,1,0,0,1,0,0,0,0
C=Cc1ccc2oc(=O)oc2c1,0,0,0,,1,0,,1,0,0,0,1
CC1=CCCC(C)(C)C1/C=C/C(C)O,0,,1,,0,0,0,,0,0,0,0
CCC(C)c1ccc2ncccc2c1,1,0,0,0,,1,0,1,,0,0,0
COc1ccccn1,0,,0,0,,,0,,,0,0,0
CCCCC1OC1C=CC=O,0,0,0,0,,0,0,0,0,0,0,0
CCC/C=C/COC(=O)CCC,,,,,,1,0,,0,0,0,0
C/C=C/C(=O)CCCC,0,,,,,,0,,0,,0,
O=CCOC1CC2CC1C1CC=CC21,0,0,0,,,,0,0,0,0,0,0
CCCC(=O)OCC(C)OC(=O)CCC,0,,0,,0,0,0,0,0,,0,0
CCC(=O)[O-].[Na+],0,0,0,0,,0,0,0,0,0,,0
CCC(C)C1N=C(C)C(C)S1,,,0,1,0,,,0,0,,0,
CC(=O)OC1CCC(C(C)C)CC1,0,0,0,,1,1,0,1,0,0,0,
CC(C)C(=O)OC1CC2CCC1(C)C2(C)C,0,0,0,0,1,1,1,,,0,0,0
COc1cccc(OC)c1O,,,0,,,0,,1,,,0,
c1ccc2c(CC3=NCCN3)cccc2c1,0,0,0,0,0,0,0,0,0,0,1,0
[2H]O[2H],0,0,0,0,0,0,0,0,0,0,1,0
Cl[Sn]Cl,0,0,0,0,0,0,0,0,0,0,1,0
CCCCCOC(=O)CC(=O)OCCCCC,,0,,,0,,0,,0,0,0,0
C=Cc1ccccc1OC,,0,0,,,,,,0,0,0,
CCCCCOC(=O)c1ccc(C)cc1O,0,0,1,,0,1,0,0,0,0,0,0
CC1CCc2nccnc21,,,0,,,0,1,,0,,0,0
CCCCCCCc1ccc(S)cc1,0,0,0,0,0,0,0,0,0,0,1,0
CCCCCC(=O)OCc1ccc(OC)cc1,,1,0,1,0,0,0,0,0,0,0,0
CCOC(=O)C(C)OC(C)=O,0,1,0,,0,0,0,,0,,0,1
CCCCCC(OCCCC)OCCC(C)C,0,,0,1,0,1,0,,0,,0,0
Cc1cccs1,0,0,0,,1,,0,0,0,,0,0
CC=C(O)C(C)=O,0,1,0,0,0,0,0,0,0,,0,0
CCCCCCOC(=O)C(CC)CC,0,1,,1,0,1,0,,0,0,0,0
CC(=O)CCC1C(C)=CCC(C)C1(C)C,0,0,0,0,0,0,0,0,0,0,1,0
CC(C)OC(=O)c1ccccc1O,0,,,,,1,0,0,0,0,0,0
CC=CC=CCOC(=O)C(C)C,0,,0,1,,1,0,,1,0,0,0
CCCCCCCOC(=O)CCC(C)C,0,0,,1,0,1,0,,0,0,0,0
CC1=CCC(CC#N)C1(C)C,0,0,,0,0,1,0,,,0,0,
CC(C)=CCC/C(C)=C/CS,,0,0,1,,,0,0,0,0,0,
[N-]=[N+]=O,0,,0,0,0,0,0,0,0,0,,0
COC(=O)c1ccc(C)cc1O,0,0,1,0,0,1,0,0,0,0,0,1
CC(C)CCCCCCCCCCOC(CC(C)CCCC(C)(C)O)OCCCCCCCCCCC(C)C,1,1,1,0,0,1,0,1,0,0,0,0
C/C=C\c1ccc(OC=O)c(OC)c1,0,0,1,0,0,1,0,1,0,0,0,0
CNc1ccccc1C(=O)OC,0,,,,,,0,,0,0,0,0
CCCOC(=O)C(CC)c1ccccc1,0,0,0,,0,1,0,0,0,0,0,0
CCCCCCCCc1ccccc1O,0,0,0,,1,0,,0,0,0,0,
CCC=CC(=O)OC(C)C,0,0,0,,,1,0,0,0,0,0,0
CCC1(C)COC(=O)O1,1,1,0,0,,0,0,0,0,0,0,0
O[C@@H]1[C@@H](O)[C@@H](O)OC[C@H]1O,0,1,0,0,0,0,0,1,,,0,0
CCC(=O)C(O)CC,0,1,0,0,0,0,0,0,0,,0,0
C=C(C)[C@@H]1[C@H]2OC(=O)[C@@H]1[C@]1(O)C[C@H]3O[C@]34C(=O)O[C@H]2[C@]14C.CC(C)(O)C1C2OC(=O)C1C1(O)CC3OC34C(=O)OC2C14C,0,0,0,0,0,0,0,0,0,0,1,0
COC(=O)n1ccc2ccccc21,0,1,1,1,0,,0,0,0,0,0,0
CCCCCCCCC(=O)OCCCCC,,,1,1,0,0,,,0,,0,0
C/C=C\CO,0,1,0,,1,0,0,0,0,0,0,0
C=CCCCCCC=C,0,0,0,1,,0,0,0,0,0,0,0
CCCCC(=O)OCC(C)O,0,1,0,,0,0,0,0,0,0,0,0
CCCCCCCCSC,0,0,0,1,,,,,0,,0,0
Cc1cn([C@H]2C[C@@H](N=[N+]=[N-])[C@@H](CO)O2)c(=O)[nH]c1=O,0,0,0,0,0,0,0,0,0,0,1,0
CC(C)=CCOC(=O)c1ccccc1,0,,,,0,,0,,,,0,0
O=C(/C=C\c1ccccc1)OCCCc1ccccc1,,1,1,,0,0,0,0,1,0,0,
CCOC(OCC)c1ccc(OC)cc1,0,,,0,0,,0,0,0,0,,
CC(OCc1ccco1)SCc1ccco1,0,1,0,0,1,0,0,0,0,,0,0
CC12CCC(C3(CCCC3)C1=O)C2(C)C,0,0,0,0,0,1,0,1,0,0,0,
CC(C)=CCC/C(C)=C/CC/C(C)=C\C=O,0,0,0,0,0,1,0,0,0,0,0,
CCC(=O)OCC(O)c1ccccc1,0,0,1,,,1,0,0,0,0,0,0
CCCc1cccnc1,0,1,0,0,1,,0,1,0,0,0,0
C=Cc1ncc(C)nc1CC,0,0,0,0,,0,0,1,0,0,0,0
C=C(C)c1ccc(OC)cc1,0,0,0,0,0,,0,0,0,0,0,1
CC1O[C@@H](C)C(=O)C1=O,0,1,0,0,0,0,0,0,0,,0,0
CNC(=O)Oc1cc(C)cc(C(C)C)c1,0,0,0,0,0,0,0,0,0,0,1,0
N#Cc1sc2c(=O)c3ccccc3c(=O)c=2sc1C#N,0,0,0,0,0,0,0,0,0,0,1,0
C=CC(=O)OCC,0,,0,,,0,0,,0,0,,
CC1(C)C(=CCO)C2CCC1C2,0,0,0,0,1,1,0,1,0,0,0,
COC(=O)C(C)(C)O,0,1,0,,0,0,1,0,0,,0,0
COC(=O)OC1CC/C=C\CCC1,,,1,1,,1,0,0,,0,0,
CC(C)COC(=O)C(C)O,0,1,0,,0,0,0,0,0,,0,0
CC(=O)OC(C)(C)CCc1ccccc1,,,1,,0,1,0,0,,0,0,0
CC(=O)OC/C=C(\C)CCC=C(C)C,0,,1,,0,,0,0,0,0,0,
O=C(OCC=Cc1ccccc1)c1ccccc1,,,0,,0,0,0,0,1,,0,1
CCC(C)(C)C1CCC(O)C(C)C1,0,0,0,0,0,0,0,1,0,0,0,0
O=[N+]([O-])C1CCCCC1,0,1,0,0,0,1,1,1,0,0,0,1
CCCC/C=C\CCCCO,,0,,,0,0,0,0,0,0,0,0
CC(O)CCC(CCC(C)O)C(C)C,1,0,0,0,0,0,0,1,0,0,0,0
CC(C)CCOC(OCC(C)C)C(C)C,0,1,0,,,1,0,0,0,0,0,0
CC(CC=O)c1ccc(C(C)(C)C)cc1,1,0,1,0,,1,0,0,0,0,0,1
CC1=CC[C@H]2[C@H]3C1[C@@]2(C)CC[C@H]3C(C)C,0,0,0,0,0,1,0,0,0,0,0,
CC(C)OC(=O)C=Cc1ccccc1,1,,0,,0,0,0,0,1,0,0,
CN1CC[C@]23c4c5ccc(O)c4O[C@H]2[C@@H](O)C=C[C@H]3[C@H]1C5.CN1CC[C@]23c4c5ccc(O)c4O[C@H]2[C@@H](O)C=C[C@H]3[C@H]1C5.O=S(=O)(O)O,0,0,0,0,0,0,0,0,0,0,1,0
COc1cc(C(OC)OC)ccc1OC(C)=O,0,0,0,0,0,0,0,0,0,0,1,0
CCCCC1=CCCC1=O,0,0,1,0,0,1,0,1,0,0,0,0
O=C1CCCCC1,0,,,0,,1,0,0,0,0,0,
C=C(C)C1CCC2=CCCC(C)C2(C)C1,0,,0,1,,,0,,0,0,0,0
CCCCCCCCCCCCC(=O)O,,0,0,0,0,0,0,,0,0,0,0
C=C(C)[C@@H]1CC=C(CO)CC1,,0,0,0,0,1,0,0,0,0,0,0
CC(=O)OC1CCCC(C(C)(C)C)C1,0,0,0,1,0,0,0,1,0,0,0,0
CCOC(=O)COc1ccccc1,0,0,1,0,0,1,0,0,0,0,0,0
CCCC[C@@H](C)O,0,0,0,1,,0,0,1,0,0,0,0
C=C[C@H]1CN2CCC1C[C@H]2[C@H](O)c1ccnc2ccc(OC)cc12,0,0,0,0,0,0,0,0,0,0,1,0
CC1(C)C2CCC1(C)C(C1CCC(O)CC1)C2,0,1,0,0,0,,0,1,1,0,0,0
CCCCCCCCOC(=O)CC(C)=O,0,1,0,,,0,0,0,0,,0,0
CC1CCCCC1=O,0,,0,0,,1,,,0,0,0,
C1SCSS1,,0,0,1,1,1,0,,0,1,0,1
CCCCCCCCC=COC(=O)CC,1,0,1,,0,0,0,0,1,0,0,0
CSCCCO,,,0,,,,0,,0,,0,0
CCOC(=O)C(O)CC(C)C,0,,,1,0,1,0,,0,0,0,0
C=CCCCCCCCCCC(=O)O,,0,0,1,,0,0,0,0,0,0,0
O=S(=O)([O-])[O-].[Tl+].[Tl+],0,0,0,0,0,0,0,0,0,0,1,0
CCCCCSCCCCC,,0,0,1,1,1,0,0,0,,0,0
CCCCc1ccc2ccccc2n1,1,1,0,0,,1,0,0,0,0,0,0
[F-].[NH4+],0,0,0,0,0,0,0,0,0,0,1,0
C=CCSS/C=C/C,0,0,0,,1,0,0,0,0,0,0,0
CCC(C)CO,,,,,,,0,,0,,0,
CC(C)OC(=O)C(C)(C)c1ccccc1,,,0,1,0,1,0,1,0,0,0,0
CCSC(C)SCC,,,0,,1,0,0,0,0,,0,0
FC(F)(F)CC(F)(F)F,0,0,0,0,0,0,0,0,0,0,1,0
COC(=O)c1cnccn1,0,1,0,0,0,0,1,0,0,1,0,0
C/C=C/C=C/COC(=O)CCC,0,,,,1,,0,,0,,0,0
C[C@H]1CCC[C@@]2(C)CCCC[C@@]12O,,0,0,0,1,0,0,1,0,0,0,0
CCCCCC=C(C)O,0,0,,,0,1,0,,0,0,0,0
CCC(C)(C=O)Sc1ccco1,,0,0,,0,0,0,0,0,,0,0
N[C@@H]1CONC1=O,0,0,0,0,0,0,0,0,0,0,1,0
[K+].[O-][Br+2]([O-])[O-],0,0,0,0,0,0,0,0,0,0,1,0
O=C(OCC1OC(OC(=O)c2cc(O)c(O)c(OC(=O)c3cc(O)c(O)c(O)c3)c2)C(OC(=O)c2cc(O)c(O)c(OC(=O)c3cc(O)c(O)c(O)c3)c2)C(OC(=O)c2cc(O)c(O)c(OC(=O)c3cc(O)c(O)c(O)c3)c2)C1OC(=O)c1cc(O)c(O)c(OC(=O)c2cc(O)c(O)c(O)c2)c1)c1cc(O)c(O)c(OC(=O)c2cc(O)c(O)c(O)c2)c1,0,0,0,,1,0,,1,0,0,0,
C=CCc1cc(OC)c(OC)c(OC)c1,0,,1,0,0,0,0,,0,0,0,1
CCCCCC1OCCOC1=O,0,1,,1,0,0,0,,0,,0,0
COCCOC(=O)CC(C)=O,0,1,0,,,0,0,0,0,0,0,0
CC(=O)OCC1CCC2C3CCC(C3)C12,,0,1,,0,,0,1,,0,0,0
CC(C)CCc1ccccn1,1,1,1,0,0,1,0,0,0,0,0,0
CC(=O)OCCC1=CC[C@H]2C[C@@H]1C2(C)C,0,0,0,0,0,0,0,1,1,0,0,0
C=C(C)C(=O)OCCc1ccccc1,0,0,1,0,,1,0,0,0,0,0,0
CC(C)Cc1c[nH]c2ccccc12,0,0,0,0,0,0,0,0,0,0,1,0
CCCCCCOC(C)=O,,,,,0,,0,0,0,0,0,0
CCC(O)/C(C)=C/C1(C)CC2C=CC1C2,0,,,0,0,,0,1,0,0,0,0
CC(=O)C(O)O,0,0,0,0,0,0,0,0,0,0,1,0
CCOC(=O)[C@H](C)SSC,0,0,0,,1,0,0,0,0,0,0,0
CC(=O)CCC(=O)OCCC(C)C,0,1,,,,0,0,,0,,0,0
CCCCC(=O)OC1CC(C)CCC1C(C)C,,1,0,,,1,0,0,,0,0,
CCCCOC(C)OCC,0,,,1,,,0,,0,,0,
CC(=O)C(=O)c1ccccc1,0,,0,,,,,0,0,,0,
CC(C)COC=O,0,,0,,,0,0,,0,0,0,
CCOc1ccc(O)cc1,,,,,,,,,,0,0,
CCC(=O)OCCCC1CCCCC1,0,,0,1,0,1,0,0,0,0,0,0
COC.Cc1cc(O)cc(O)c1,0,0,0,0,,0,1,1,,0,0,0
C=CCOC(=O)CC,,,0,1,,0,,0,0,0,0,
COc1ccccc1,0,,,,,,,0,0,,0,
CCCCCCC(=O)OCCC(C)C,0,,,1,0,1,0,,0,0,0,0
Sc1ccccc1,,0,0,,,,0,0,0,,,
CCC(C)(O)Cc1ccccc1,1,0,1,0,,1,0,1,0,0,0,0
CCC/C=C\C=O,0,0,0,,0,1,0,0,0,0,0,0
CC1SC(C)N2CCCC2S1,,0,0,0,0,0,0,0,0,1,0,0
CC(C)SCc1ccco1,,1,,,,,0,0,0,1,0,
CC(=CC1=C(C)CCCC1(C)C)C(C)O,0,0,0,0,,1,0,1,0,0,0,0
COC(C)OCCC(C)CCC=C(C)C,0,0,,,0,,0,0,0,0,0,0
CCCCC[C@@H](C)CCC(=O)O,,,0,0,,0,0,0,0,0,0,0
CC(=O)CC(=O)OC(C)(C)C,0,1,0,1,,0,0,,0,,0,0
CCCCCCC1CCC(=O)CC1,0,0,1,0,1,1,0,1,0,0,0,0
CCCCCCCC/C=C\CCCCCCCC(=O)OCCCCCC,0,1,0,0,0,0,0,0,0,0,0,0
O.O=P([O-])([O-])[O-].O=P([O-])([O-])[O-].[Mg+2].[Mg+2].[Mg+2],0,0,0,0,0,0,0,0,0,0,1,0
Cc1ccc(C(C)C)cc1,,,0,1,,,0,,0,0,0,
CCOC(=O)[C@@]12CCC[C@@H]1[C@@H]1CC[C@H]2C1,0,1,,,0,0,0,,0,0,0,
CC(=O)OC1=C(C)O[C@@H](C)C1=O,,1,0,1,0,0,0,0,0,1,0,0
CCCCCCCCCCCCCCCCCC(=O)OCC(C)C,,0,0,0,0,0,0,0,0,0,,0
CCC1SSC(CC)S1,0,0,0,,,,0,0,0,,0,
CC(=O)OC1CCCCC1C(C)(C)C,0,0,0,,0,1,0,1,,0,0,0
COC(=O)c1ccc(O)c(C)c1O,0,,0,0,1,0,0,1,0,0,0,0
O=[Cr](=O)([O-])[O-].[Na+].[Na+],0,0,0,0,0,0,0,0,0,0,1,0
Cc1ccc2c(c1)OCC(=O)CO2,0,0,0,,,1,0,0,0,0,0,0
CCCCCCCCCCC(C)O,,0,0,,,0,0,0,0,0,0,0
CCOC(=O)c1ccc(O)c(OC)c1,0,,,,,0,0,,,,0,
CCCCCC(OCCCC)OCCCC,0,,0,,0,1,0,,0,,0,0
CSc1ncc(C)nc1C,0,0,0,0,0,0,1,1,0,0,0,0
C/C=C(/C)C=O,0,0,0,,0,1,0,0,0,0,0,0
[Cu],0,0,0,0,0,0,0,0,0,0,1,0
CCC(=O)C(C)SSc1ccco1,,1,0,0,0,0,1,0,0,,0,0
CCCCC/C=C\CCCOC(C)=O,,0,1,1,0,,0,0,0,0,0,
CCSCCC(=O)O,0,,0,0,0,0,0,0,0,1,0,0
CCC1N=C(C)C(C)S1,,1,,,,0,,,0,,0,0
Cc1ccc2ncccc2c1,1,,,0,,,,,0,0,0,0
Cc1cc(C)cc(O)c1,0,0,1,0,1,0,0,1,0,0,0,1
CCOC(=O)C(C)SSC,0,0,0,,1,,0,0,0,0,0,0
C=CC(C)(O)CC/C=C(\C)CC/C=C(\C)CCC=C(C)C,0,,,,0,0,0,,,0,0,0
NCC(=O)c1ccccc1,0,1,0,,0,0,,0,0,0,0,0
CCC(C)C1CCC(OC(C)=O)CC1,1,0,1,0,1,0,0,1,0,0,0,0
CC(=O)OC(C)(C)C1CC=C(C)CC1,0,,,,0,,0,,,0,0,
CC(C=O)Cc1ccc(C(C)(C)C)cc1,,0,1,0,,1,0,0,0,0,0,
COC(=O)C(O)CC(C)C,0,1,,,1,0,0,,0,0,0,0
CCC(C=O)=Cc1ccc(C(C)C)cc1,0,0,,1,0,0,0,,0,0,0,0
CCCCCCCCOC(=O)C(C)C,,,0,,,1,0,,0,0,0,0
CCCCCCCC/C=C/C=C/C=O,,0,0,0,0,0,0,0,0,0,0,0
CCCCCCC(C=Nc1ccccc1C(=O)OC)=Cc1ccccc1,,0,1,0,0,1,0,0,0,0,0,0
CCOC(=O)C(C)O,,,0,,,0,0,,0,,0,
CC1(O)CSC(C)(O)CS1,,,0,0,,,0,0,0,,0,0
CCC=CCC=CCCC=O,0,1,0,1,1,0,0,0,0,0,0,0
C1CNCCN1.O=C(O)CCCCC(=O)O,0,0,0,0,0,0,0,0,0,0,1,0
CC=Cc1ccc(OC(C)=O)c(OC)c1,0,,,,0,0,0,0,,0,0,1
CCCCCC(C=O)=Cc1ccco1,1,0,1,0,0,1,0,0,1,0,0,1
O=Cc1ccccc1O,0,,,,1,,,,0,0,0,
CC(=O)Oc1ccccc1,,,,,,0,,,,0,0,
C/C(=C/C#N)CCc1ccccc1,0,0,,1,0,0,0,0,0,0,0,
C/C=C\C(C)C,0,0,0,,,,0,0,0,0,0,0
CCCC/C=C/C(C)=O,0,,0,,,,,,0,,0,
CCOC(C)OC(C)=O,0,,,1,,1,0,,0,0,0,
CC(C)(C)C1CCC2(CC1)OCCO2,,0,0,0,0,0,0,1,,0,0,0
CCCCCOC(C)OCCCCC,0,1,0,1,,1,0,,0,,0,0
C/C(=C\c1ccc(C)cc1)CO,0,,1,0,0,1,0,0,0,0,0,1
C=C1CCCC(C)(C)[C@@H]1C(=O)/C=C/C,0,0,1,0,1,1,0,0,0,0,0,0
C/C=C\C(C)=O,0,0,0,,1,0,0,0,0,0,0,1
CSc1cncc(C)n1,,0,0,0,1,0,1,0,0,1,0,0
CCCCCCCC(=S)OC,0,0,0,1,1,0,0,0,0,0,0,0
CC(C)CCOC(=O)Cc1ccccc1,,,,,,0,0,0,1,,0,0
CCCC1CC(C)(OC(C)=O)CCO1,0,,1,,0,1,0,0,0,0,0,1
CC=CCCCCCCCC(=O)OC,,,0,1,0,1,0,1,0,,0,0
CC1=CCC(C(C)(C)OC(=O)/C=C/c2ccccc2)CC1,0,1,,,0,0,0,,1,0,0,1
CCCCCCCCC1OCC(C)O1,0,0,,,0,,0,0,0,0,0,0
CC/C=C\CCOC(=O)C1CC1,0,0,1,,0,1,0,0,0,0,0,0
CC1OCC(c2ccccc2)O1,1,0,1,0,0,,0,0,0,0,0,0
OCC1(O)COC(O)(CO)CO1,0,1,0,,0,0,0,0,0,0,0,0
CCCCC(=O)OC(C)C,0,,,1,,0,0,,0,,0,0
C=CCCCO,0,0,0,,,1,0,0,0,0,0,0
COc1ccc2c(c1)c(CC(=O)[O-])c(C)n2C(=O)c1ccc(Cl)cc1.[Na+],0,0,0,0,0,0,0,0,0,0,1,0
C=CC(C)(CCC=C(C)C)OC(=O)c1ccccc1N,0,,1,,0,,0,,0,0,0,
C=CCSS(=O)CC=C,0,0,0,,1,1,0,0,0,0,0,1
CC1(C)CCC=C2CC(C=O)CCC21,0,,1,1,,,0,0,0,0,0,0
CC(=O)c1ccc2c(c1)CCCC2,1,,1,1,0,,0,0,0,0,0,0
CC(=O)OC1C2(C)CCC(C2)C1(C)C,0,,0,,0,,0,,,0,,0
CCCCC=COC(=O)c1ccc(OC)cc1,0,0,1,,0,1,0,0,0,0,0,1
CC/C=C(/C=O)c1ccccc1,,1,1,,,,0,0,0,0,0,
c1ccc(COCc2ccccc2)cc1,0,,,,,0,,,0,,,
C/C=C/C=C/C=C/C=C/CCCCCCO,0,1,0,0,0,,0,1,0,0,0,0
CCOc1ccccc1C(C)=O,0,0,1,0,0,0,0,0,0,0,0,0
C=CCOC(=O)CCCCCC1CCCCC1,,0,0,,0,0,0,0,0,0,0,0
Cc1ccc(C)o1,,,0,,,0,0,,0,,0,
C=C1[C@H](O)C[C@@H]2C[C@H]1C2(C)C,0,0,0,0,0,,0,1,1,0,0,1
CC(=O)OC(C)C(C)=O,,,0,,,0,0,,0,,,
CC(=O)OC/C(=C\CC(C)C)C(C)C,0,0,0,0,0,1,0,1,0,0,0,
COC1(C)CCC(C(C)(C)OC)CC1,0,0,0,,1,1,0,,0,0,0,
C1CSCCS1,0,0,0,,,,0,,0,,,
CC1=C(C=CC(C)C=O)C(C)(C)CCC1,0,0,0,,0,0,0,1,0,0,0,0
CC1CC(C)SC(C)S1,0,0,0,0,1,0,0,0,0,0,0,0
CCCCSCC,,0,0,1,1,1,0,0,0,,0,0
CC(=O)C(=O)OCCC(C)C,0,1,,,,0,0,,,,0,
CCCCCC(=O)Oc1ccc(C)cc1,1,0,1,0,0,1,0,0,0,0,0,0
Cc1ncc(CO)c(CO)c1O,0,0,0,0,0,0,0,0,0,0,1,0
CCCCCCCOCCCCCC,0,0,1,0,0,1,0,0,0,0,0,0
CC(=O)OCC[C@H](C)CCC=C(C)C,,0,0,1,1,0,0,,,0,0,0
C/C=C/C(OCC)OCC,0,0,0,,1,1,0,0,0,0,0,0
O=C(CO)CO,0,,0,,0,,0,0,0,0,0,
COC(=O)CCSC,0,,0,,,,0,,0,0,0,
COC.Cc1ccc(C(C)C)c(O)c1,0,0,0,,1,1,,,0,0,0,1
CS[C@@H](C)CC=O,1,0,0,1,1,1,,0,0,1,0,0
CCOC(=O)[C@@H](Cc1ccccc1)C(C)=O,0,1,1,1,1,1,0,0,1,0,0,1
CCC1SC(CC(C)C)N=C1C,,1,0,1,0,0,1,0,0,1,0,0
C=C(C)C1CC=C(C)C(OC(=O)CC)C1,0,,0,,0,1,0,0,0,0,0,
COc1cc(C=O)c(C(C)(C)C)cc1C(C)(C)C,1,0,0,0,0,0,0,0,1,0,0,0
CC(C)=C1CCC(C)(O)CC1,0,,1,0,0,,0,,,0,0,0
COC(=O)C1(C)CC=CCC1,,1,1,,,1,0,0,,0,0,1
COCC1O[C@@H](O[C@@H]2C(COC)OC(OC)C(OC)C2OC)C(OC)C(OC)C1OC,0,0,0,0,0,0,0,0,0,0,1,0
CCCCCCCCCCCC#N,,0,0,,,0,0,,0,0,0,1
CC(=O)O/C=C(\C)c1ccccc1,0,,,1,0,1,0,0,0,0,0,
CN(C)C1C(=O)C(C(N)=O)=C(O)C2(O)C(=O)C3=C(O)c4c(O)cccc4C(C)(O)C3CC12,0,0,0,0,0,0,0,0,0,0,1,0
C=Cc1ccc(O)cc1,,,0,,,0,,,0,,0,
CCCCCCCOC(=O)C(C)c1ccccc1,,0,1,0,0,0,0,0,0,0,0,0
CCCC1OCC(C)O1,0,0,0,,,1,0,0,0,0,0,0
CCCCC(=O)Oc1ccccc1,0,0,0,,1,0,,0,0,0,0,
CC(=O)c1cccnc1C(C)C,0,0,1,0,0,1,0,0,0,0,0,0
CC1NCCS1,,,0,0,,0,0,0,0,,0,0
Sc1ccsc1,,0,0,,,,0,0,0,,0,
CCCCOC(C)OCC(C)CC,0,,0,1,,1,0,,0,,0,0
C=C(C)[C@@H]1CCC2=CCC[C@@H](C)[C@]2(C)C1,0,,0,,0,1,0,,0,0,0,0
O=c1cccc[nH]1,1,0,0,0,1,0,1,1,,0,0,0
CCCCCC1(C)CCC(C)(C)C1=O,,,1,1,0,1,0,0,0,0,0,
CCCCCCCCCCCCC1CCOC1=O,1,1,0,1,0,0,1,0,0,0,0,0
C=C(C)[C@H]1C=C2[C@H](C)CC[C@@H]2[C@H](C)CC1,0,0,0,0,1,0,0,,0,0,0,0
C=C(C)C1=CC=C(C)CC1,0,0,0,,1,,0,,,0,0,0
CC1=CCC2(CC1)COC(C)OC2,0,,1,1,0,1,0,,0,0,0,0
CCC(COC(=O)CCCCCCCCCCCCCCC(C)C)(COC(=O)CCCCCCCCCCCCCCC(C)C)COC(=O)CCCCCCCCCCCCCCC(C)C,0,0,0,0,0,0,0,0,0,0,1,0
C=C1CCC(C(C)(C)OC(=O)c2ccccc2)CC1,0,,1,1,0,,0,1,1,0,0,0
CC1(C)C2CCC(CO)C1C2,0,0,0,0,0,1,0,1,0,0,0,
CCCCCCC(=O)OCCc1ccccc1,,,,1,0,,0,,0,0,0,0
CC[C@H](C)O,0,,,,,0,0,,0,0,0,0
CCCCCCCCCCCCCCCCCC(=O)OCC,0,0,0,0,0,0,0,0,0,0,,0
CC/C=C/C(=O)O,,1,0,,1,0,0,0,0,,0,0
C[n+]1ccc(-c2cc[n+](C)cc2)cc1.[Cl-].[Cl-],0,0,0,0,0,0,0,0,0,0,1,0
N[C@@H](CCC(=O)O)C(=O)O,,,0,0,,0,0,0,0,,,0
CCCCCC=O,,,0,,,1,0,,0,,0,0
COC(=S)C(C)C,0,0,0,,1,0,0,0,0,0,0,0
O=C([O-])C(O)C(O)C(=O)[O-].[NH4+].[NH4+],0,0,0,0,0,0,0,0,0,0,1,0
O=Cc1ccccc1,0,1,0,,,,1,0,0,,0,
CCCCCCCOC(=O)CCCC,,0,,,0,0,0,,0,0,0,0
Cc1cccc(CCO)c1,0,,1,0,0,1,0,1,0,0,0,0
CC(C)CCCC(=O)O,,0,0,,1,0,0,0,0,0,0,0
OCC1CC2C3CCC(C3)C2C1CO,1,0,0,0,0,,0,1,0,0,0,0
CCCCCOC(=O)/C=C/c1ccccc1,0,1,1,0,0,0,0,0,1,0,0,0
O=C(O)c1ccc(O)cc1O,0,0,0,0,,0,0,0,0,0,,0
CC(C)N=C=S,0,0,0,,1,0,0,0,0,0,0,
CC/C=C\CC=O,,,,,,1,0,0,0,0,0,0
COCCC(C)CCC=C(C)C,0,0,1,0,0,1,0,0,0,0,0,0
CC(O)CC(C)(C)C1CCCCC1,0,0,1,0,1,1,0,0,0,0,0,0
C/C=C(/C)C(=O)OCCC(C)CC,0,0,1,1,0,1,,1,0,0,0,1
CC1=CCC(C(C)C)C=C1,0,0,0,,,1,,,,0,0,
CCCC(=O)OC(C)Cc1ccccc1,0,0,1,0,0,0,0,0,0,0,0,1
CCCCCCC[C@@H]1CCCC(=O)O1,,,0,1,0,0,0,0,0,0,0,0
C=C1C(O)CC2(C(C)C)CC12,1,0,0,0,0,0,0,1,1,0,0,0
CCCCC=CCCCC(=O)O,0,1,0,0,0,0,0,0,0,,0,0
C=C(C)C1CC=C(C)C(=O)C1,0,,,0,,1,0,0,0,0,0,1
CC(=O)CCc1ccc2c(c1)OCO2,0,1,1,1,0,,,,0,,0,
CC12CCC(CC1=O)C2(C)C,0,0,0,,,1,,0,0,0,0,
Clc1ccc(C2(Cn3cncn3)CC(Br)CO2)c(Cl)c1,0,0,0,0,0,0,0,0,0,0,1,0
COC(OC)C(C)=Cc1ccccc1,0,0,0,0,0,1,0,1,0,0,0,0
CC(C)=CCSC(=O)CC(C)C,,,0,1,1,0,,0,0,0,0,0
O=P([O-])([O-])OCC(O)CO.O=P([O-])([O-])OCC(O)CO.O=P([O-])([O-])OCC(O)CO.[Fe+3].[Fe+3],0,0,0,0,0,0,0,0,0,0,1,0
CCCC(C)(C)S,,0,0,1,1,0,0,0,0,1,0,0
CC1CCC(C(C)C)C(OC(=O)c2ccccc2)C1,0,0,0,0,0,0,0,0,0,0,1,0
CC1=CC2=CC(=O)CCC2CC1,0,1,0,,0,,1,0,0,,0,0
Cc1oc2ccccc2c1C,,,0,0,,,0,,,,0,1
CC(C)CCCCCCCCCCCCCC=O,,0,0,0,0,0,0,0,0,0,0,0
CC(=O)Sc1ccoc1C,,0,0,0,,0,0,0,0,1,0,0
CC1(S)CCC2CC1C2(C)C,0,0,0,1,1,1,,,0,0,0,0
CCCCCC=C(C)C=O,0,0,0,,0,1,0,0,0,0,0,0
O=C1CCSC1,,1,0,1,1,1,0,0,0,1,0,1
CC(C)C=CC=O,0,,0,1,1,1,0,1,0,1,0,1
CC[C@@H](c1ccc(O)cc1)[C@@H](CC)c1ccc(O)cc1,0,0,0,0,0,0,0,0,0,0,1,0
C=CCC1=C(C)CCC1=O,0,1,0,,0,1,0,0,0,0,0,1
CCCCCCCCCCCCCCCCCC(=O)OCCOCC(OCCOC)C1OCC(OCCOC)C1OCCOC,0,0,0,,0,0,0,0,0,0,0,0
C1CCCC2(CCC1)CCCO2,1,0,,0,1,0,0,1,,0,0,1
CCCCCCCCCCC(=O)OCCC(C)C,0,,1,1,0,0,0,,0,,0,0
CCNc1nc(Cl)nc(NC(C)C)n1,0,0,0,0,0,0,0,0,0,0,1,0
O=C1CCC(C2CCCCC2)CC1,0,0,,0,1,1,0,1,0,0,0,0
[C-]#N.[C-]#N.[C-]#N.[C-]#N.[C-]#N.[C-]#N.[Fe+2].[Na+].[Na+].[Na+].[Na+],0,0,0,0,0,0,0,0,0,0,1,0
OCCc1ccc(O)cc1,0,,1,,0,0,0,0,0,0,0,0
CCCCCC(CC)OC(C)=O,,0,1,,,1,0,,0,0,0,
CCOC(=O)CC(=O)OC(C)C1CCCC(C)(C)C1,1,,0,1,0,1,0,0,0,0,0,0
O=C([O-])CC(O)C(=O)O.[Na+],0,0,0,0,0,0,0,0,0,0,1,0
OCCC1CCCc2ccccc21,0,0,0,0,1,1,0,1,0,0,0,
C=C1CCC[C@]2(C)CC[C@@H](C(C)(C)O)CC12,0,0,0,0,0,0,0,0,0,0,0,1
O=C([O-])[C@H]1O[C@@H](O[C@H]2[C@H](O)[C@H](O)[C@H](O[C@H]3[C@H](O)[C@H](O)[C@H](O)O[C@H]3C(=O)[O-])O[C@H]2C(=O)O)[C@@H](O)[C@@H](O)[C@@H]1O.[Ca+2],0,0,0,0,0,0,0,0,0,0,1,0
CC(C)=CCCC(C)CCOC(=O)C(C)C,0,,1,,0,,0,0,0,0,0,0
CC1=C(C=CC(C)O)C(C)(C)CCC1,0,1,1,1,0,1,0,1,1,0,0,0
CCCC/C=C/CCCCO,0,0,1,0,0,0,0,0,0,0,0,0
CC(C)CC(=O)O[C@@H]1CC2CC[C@@]1(C)C2(C)C,0,0,0,0,1,1,0,0,0,0,0,0
CC=CC(=O)C1C(C)C=CCC1(C)C,0,1,1,1,,1,0,1,0,0,0,
CC/C=C\CCOC(=O)C(C)CC,,,,,,1,,0,0,0,0,
C=C(C)C(C)=O,0,0,0,0,1,,0,0,0,0,0,0
CC1(C)CCCC2C(=O)C3CCC21C3,0,0,1,1,1,1,0,1,0,0,0,0
CCCCC(CC)COC(=O)C(CC)CCCC,0,0,0,,0,0,0,0,0,0,0,0
CCC(C)(C)S,,0,0,0,1,0,0,0,0,0,0,0
FC(F)F,0,0,0,0,0,0,0,0,0,0,1,0
COc1cc(C)ccc1C(C)(C)C,1,0,0,0,,0,0,0,0,0,0,0
CC1=CC(=O)CO1,0,1,0,0,0,,,0,0,,0,0
CC(C)C(C)/C=C/[C@@H](C)[C@H]1CC[C@H]2/C(=C/C=C3/C[C@@H](O)CC[C@@H]3C)CCC[C@]12C,0,0,0,0,0,0,0,0,0,0,1,0
FC(F)C(F)(F)Cl,0,0,0,0,0,0,0,0,0,0,1,0
O=C1c2ccccc2C(=O)C1c1ccccc1,0,0,0,0,0,0,0,0,0,0,1,0
CCCCCCCCCOC(=O)CC,0,,1,1,1,0,0,,0,0,0,0
CCOC(=O)c1ccoc1-c1ccccc1,0,,0,1,0,0,0,0,0,0,0,0
CC=C(C=O)c1ccccc1,1,1,1,1,1,1,1,0,0,0,0,
O=C([O-])CC(O)(CC(=O)[O-])C(=O)[O-].[Na+].[Na+].[Na+],0,0,0,0,0,0,0,0,0,0,1,0
CC(=O)C1CCSS1,,0,0,0,1,0,0,0,0,,0,0
CC/C(=C(/CC)c1ccc(O)cc1)c1ccc(O)cc1,0,0,0,0,0,0,0,0,0,0,1,0
CC(C)[C@@H]1CC[C@@H](C)C[C@H]1OC(=O)[C@H](C)O,0,0,0,0,0,1,0,0,0,0,0,
C=CCCCCCCCC(=O)O,,,0,,,,0,0,0,0,0,0
C=CC(C)CCC=C(C)C.C=CCc1ccc(OC)c(OC)c1.CC(C)=CCC/C(C)=C\C=O.CC(C)=CCC/C(C)=C\CO.CC1(C)[C@H]2CC[C@]1(C)C(O)C2,0,0,0,1,0,,0,0,0,0,0,0
CCCCCC1CCCC1=O,0,,1,,0,1,,,0,0,0,0
CCCC(SCc1ccccc1)SCc1ccccc1,0,0,0,,1,0,0,0,0,0,0,0
CCCCCOC=O,0,,,,,1,0,,0,0,0,0
Cc1cnc(C2=NC(C)(C(C)C)C(=O)N2)c(C(=O)O)c1,0,0,0,0,0,0,0,0,0,0,1,0
SCC1CC=CO1,,0,0,0,1,0,0,0,0,1,0,0
CCCC(O)CC(=O)O,0,0,0,,1,0,0,0,0,0,0,0
CCCCSC,,0,0,1,1,1,0,0,0,,0,
F[B-](F)(F)F.F[B-](F)(F)F.[Cd+2],0,0,0,0,0,0,0,0,0,0,1,0
CC(C)COC(CC(C)C)OCC(C)C,0,1,0,,,1,0,0,0,0,0,0
CCCC(=O)CC,0,1,,1,,0,0,,0,0,0,
CCCCC(CC)COC=O,0,0,0,,0,0,0,0,0,0,0,0
C=C(C)C=COC(=O)c1ccccc1,0,1,1,0,0,1,0,0,1,0,0,0
CCCCCCOC(=O)C(C)C,0,,,,,,0,,0,0,0,0
CCCCCCCC1=C(C=O)O1,0,0,0,,,1,0,0,0,0,0,0
CCCCCOC(=O)CCC(=O)OCCCCC,0,1,,1,0,1,0,,0,0,0,1
CC(C)=CCOC(=S)CC(C)C,0,0,0,1,1,0,0,0,0,0,0,0
[Tl],0,0,0,0,0,0,0,0,0,0,1,0
C/C=C\c1ccc(OC)cc1,0,0,0,0,0,,0,0,0,0,0,1
C1CCNC1,,0,0,0,,,0,0,0,,,0
O=C1OC(c2ccc(O)c(S(=O)(=O)O)c2)(c2ccc(O)c(S(=O)(=O)O)c2)c2c(Br)c(Br)c(Br)c(Br)c21,0,0,0,0,0,0,0,0,0,0,1,0
CCCCCCCC=CC=CO,0,0,0,1,0,1,0,,0,0,0,0
ClC(Cl)Cl,0,0,0,0,,0,0,0,0,0,0,0
CC(=O)OC(C)CCc1ccccc1,0,,0,,0,1,0,0,0,0,0,0
CC(C)[C@H]1C=C[C@@](C)(O)CC1,0,0,0,0,0,1,0,0,0,0,0,
CC(C=O)Cc1ccccc1,0,0,1,,0,0,0,0,0,0,0,1
O=S(=O)([O-])OOS(=O)(=O)[O-].[K+].[K+],0,0,0,0,0,0,0,0,0,0,1,0
CC(C)COC(Cc1ccccc1)OCC(C)C,0,1,1,,0,,,0,0,0,0,0
CC(=O)OCCOC(C)=O,0,,,1,,,0,,0,0,0,0
C=CCSC[C@H](N)C(=O)O,0,0,0,,,,0,0,0,1,0,
CCCCCCCOC(=O)Cc1ccccc1,0,,,,0,1,0,,0,0,0,0
CC1(C2CCC3(C)OC3C2)CO1,0,0,0,0,0,1,0,0,0,0,0,0
CC1=CCCC(C)(C)C1C/C(C)=C(\C)C=O,0,0,0,,0,0,0,1,0,0,0,0
C=CCCCCCCCCCOC(=O)C(C)C,0,0,,1,0,0,0,,0,0,0,0
C=CC(O)CCCC,0,,0,,,,0,,0,,0,
C=CC,0,0,0,0,0,0,0,0,0,0,1,0
CCC=CCOC(C)=O,0,0,1,,1,1,0,0,0,0,0,0
CC(=O)C1(O)CCCCC1,0,0,1,0,1,1,0,0,0,0,0,
C/C=C\C(=O)OCC/C=C\CC,,0,0,1,1,1,0,0,0,0,0,0
CC(C)c1c[nH]c2ccccc12,1,0,1,0,0,0,0,0,0,0,0,0
CCC/C=C/C=C/C=O,,0,0,1,,1,0,0,0,0,0,0
c1ccc(SSc2ccccc2)cc1,,0,0,,1,,0,1,0,,0,
CCC1C=CC(=O)O1,0,,0,,0,0,,0,0,,0,1
CC1CCC2C(C)COC(=O)C2C1,0,1,0,1,0,1,,0,0,0,0,
CCCC/C=C/C(C)O,0,,0,1,0,1,,,0,0,0,0
CC1CCC2OC23CCC2C(C2(C)C)C13C,1,0,0,0,0,0,0,1,1,0,0,0
C[C@H]1[C@H](NC(=O)/C(=N/OC(C)(C)C(=O)O)c2csc(N)n2)C(=O)N1S(=O)(=O)O,0,0,0,0,0,0,0,0,0,0,1,0
O=P([O-])([O-])O.[Ca+2],0,0,0,0,0,0,0,0,0,0,1,0
C=C(C)[C@H]1CC(=O)[C@]2(C)O[C@@H]2C1,0,0,0,0,0,1,0,0,0,0,0,
CC(C=O)c1ccccc1,0,,,,0,,0,,0,0,0,0
CC(O)COCC1OC(OC2C(COCC(C)O)OC(OCC(C)O)C(OCC(C)O)C2OCC(C)O)C(OCC(C)O)C(OCC(C)O)C1OCC(C)O,0,0,0,0,0,0,0,0,0,0,1,0
C=C1[C@H]2C[C@H]([C@H]3CC=C(C)[C@H]32)[C@H]1OC(C)=O,0,0,,0,0,1,0,0,0,0,0,0
N[C@@H](Cc1c[nH]c2ccccc12)C(=O)O,0,0,0,0,0,0,0,0,0,0,1,0
CCCC=CCCCCC(=O)O,1,1,0,0,0,0,0,0,0,,0,0
CC(=O)OC1CCCC1,0,,0,1,0,0,0,0,0,0,0,0
CC(O)CO.CCC(=O)O.CCC(=O)O,0,0,,1,1,0,0,,0,0,0,0
O=C([O-])[O-].[Mg+2],0,0,0,0,0,0,0,0,0,0,1,0
C=CC(O)CCCCCCC,0,,0,,,,0,,0,0,0,0
OCC1CC2CC1C1CCC(CO)C21,1,1,1,0,0,,0,1,1,0,0,0
COc1ccccc1C(=O)OC1CCC1,0,0,1,1,0,1,0,1,0,0,0,0
CC12C=CCC1C1CCC3CC(=O)CCC3(C)C1CC2,0,0,0,0,0,0,0,0,0,0,1,0
CC1SCSS1,0,0,0,,1,0,0,0,0,,0,0
Nc1ccccc1C(=O)OC1CCCCC1,,,1,1,0,,0,0,0,0,0,0
CC(C)=CCC/C(C)=C\COC=O,0,,1,,,,0,0,0,0,0,0
CCOC(=O)C(=O)OCC,1,0,,1,,1,0,,0,0,0,0
CCC[C@H](C)C(=O)OCC,,0,0,1,0,1,0,0,0,0,0,0
CCCCCCOC(=O)CC(=O)c1ccccc1,0,0,0,0,0,1,0,0,1,0,0,0
CC(=O)C(C)=O,,1,0,0,,0,0,0,0,,0,0
CCCc1ccc(OC(C)=O)cc1,0,0,0,0,0,,0,0,0,0,0,1
Cc1ccc(O)cc1C,0,0,0,0,,0,0,,,,,0
O=C(O)c1cccc(O)c1O,0,0,0,0,0,0,0,0,0,0,1,0
c1coc(CSCc2ccco2)c1,,1,0,1,1,,,1,0,1,0,0
CCCCCCCC(=O)CC,,0,1,1,0,1,0,0,0,0,0,0
O=[Mo](=O)=O,0,0,0,0,0,0,0,0,0,0,1,0
Cc1ccsc1,,0,0,0,1,0,0,0,0,0,0,0
c1ccc2c(c1)CCO2,0,1,0,0,1,1,0,0,0,0,0,1
CCCC(C)C(=O)OCC,,0,0,1,0,1,0,0,0,0,0,0
C=CC(=C)CC/C=C(\C)CCC=C(C)C,0,,,,0,,0,,0,0,,0
CC(C)CCS,,0,0,,1,,0,0,0,,0,
CCC/C=C/C(=O)OC,,,0,,,1,0,,0,0,0,0
CC(O)C(C)O,0,,0,,,0,0,0,0,,,0
CC/C=C/CC/C=C/C(OCC)OCC,0,0,,1,,1,0,0,0,0,0,0
O=C1CCCCCC/C=C/CCCCCCC1,1,1,1,0,0,1,0,0,1,0,0,0
C=CCCCC=CCOC,,0,1,,0,1,0,0,0,0,0,0
BrC=Cc1ccccc1,0,0,1,0,,1,0,0,0,0,0,0
CSC,0,,0,,,,0,0,0,0,0,
CCCCOCCOC(OCCOCCCC)c1ccccc1,0,0,1,0,0,1,0,0,0,0,0,0
CC(C)COc1ccc2ccccc2c1,0,1,,1,,,0,,0,0,0,0
COC(=O)C1CC2(C(C)C)C=CC1(C)CC2,0,0,0,0,0,0,0,1,0,0,0,
C=C(CCC=C(C)C)C1CC=C(CCC=C(C)C)CC1,0,0,0,0,0,0,0,0,0,0,1,0
O=C1C=CCCCCCCO1,0,1,0,1,0,1,1,0,0,0,0,0
C=CCc1ccc(OC)c(O)c1,,,,,,,,,,0,0,1
COc1ccc(O)c(C(C)(C)C)c1.COc1ccc(O)cc1C(C)(C)C,0,0,0,0,,0,0,0,0,0,0,0
C/C=C(\OCC)C(=O)OCC,0,1,1,1,0,1,0,0,0,,0,1
C=C1CCCC(C)(C)[C@@H]1CC/C(C)=C/CCC1[C@@]2(C)CCCC(C)(C)C2CC[C@@]1(C)O,,0,0,0,0,0,0,,,0,,0
CCCCCCCCCCCCCC(=O)OCC(C)C,,0,0,0,0,0,0,0,0,0,0,0
CC1=CCC(C)C(C)(C)C12C=CC(C)O2,0,0,0,1,,1,0,0,0,0,0,
CN(C)C(=S)SC(=S)N(C)C,0,0,0,0,0,0,0,0,0,0,1,0
Cc1cc(NS(=O)(=O)c2ccc(N)cc2)no1,0,0,0,0,0,0,0,0,0,0,1,0
CCOC(=O)CCS,,1,0,1,,,0,0,0,,0,0
C#CCO,0,0,1,0,,1,0,0,0,0,0,0
CC(O)C(C)CS,,0,0,,1,0,0,0,0,1,0,0
SCCCCCCS,,,0,,1,0,0,,0,,0,0
C=C[C@@]1(C)CC[C@H](C(C)(C)O)O1,0,0,,,0,0,0,0,0,0,0,0
c1ccc(C2COCO2)cc1,0,0,0,0,1,1,0,0,0,0,0,0
O=BOB=O,0,0,0,0,0,0,0,0,0,0,1,0
CCOC(=O)C(C)(C)SC,0,0,0,,1,1,0,0,0,0,0,
CCC1=CCCC(C)(C)C12C=CC(C)O2,0,0,0,1,,,0,0,0,0,0,0
Oc1cccc(O)c1,0,,,,,0,,,0,0,,0
CCOC(C)OC/C=C(\C)CCC=C(C)C,0,1,0,0,0,0,0,0,0,,0,0
CCCCCCCC/C=C\CCCCCCCC(=O)OCCCCC,0,0,0,0,0,0,0,0,0,0,0,0
O=C(CCl)OCCc1ccccc1,0,1,1,,0,0,0,0,0,0,0,0
CCCC[C@H]1C[C@H](C(C)=O)C(=O)O1,0,,1,0,0,0,0,0,0,0,0,0
Nc1c2ccccc2nc2ccccc12,0,0,0,0,0,0,0,0,0,0,1,0
O=C1OCCN1/N=C/c1ccc([N+](=O)[O-])o1,0,0,0,0,0,0,0,0,0,0,1,0
OCCS,,0,0,0,1,0,0,0,0,,0,0
CCOc1cncc(C)n1,0,0,0,,0,,,0,0,,0,0
C=CCOC(=O)/C=C/C=C/C,0,,0,1,0,0,0,0,0,0,0,0
CCCCCC1=C(C)COC1=O,0,0,1,,0,0,0,0,0,0,0,0
CCCCC1(OC(C)=O)CCCCC1,0,0,1,,0,0,0,1,0,0,0,0
CC(=O)OC1(C(C)=O)CCCCC1,0,1,1,,0,,,0,0,0,0,
CCCN(CCC)c1c([N+](=O)[O-])cc(C(F)(F)F)cc1[N+](=O)[O-],0,0,0,0,0,0,0,0,0,0,1,0
COC(=O)Cc1ccc(C(C)(C)C)cc1,,,,,,,0,,0,,0,0
C[C@@H]1CC[C@@H]2[C@@H]1[C@H]1[C@@H](CC[C@@]2(C)O)C1(C)C,0,0,1,0,0,0,0,0,0,0,0,0
COC(=O)Cc1ccc(C)cc1C,0,0,1,,0,0,0,0,0,0,0,0
CCCCC/C=C/C(=O)O,,,0,,,0,0,,0,,0,0
CCCc1nccs1,0,0,0,,0,1,,0,0,0,0,0
O=[Cr](=O)([O-])[O-].[Sr+2],0,0,0,0,0,0,0,0,0,0,1,0
CC(=O)O[C@@H]1C[C@@H]2CC[C@]1(C)C2(C)C,0,1,0,0,1,1,0,1,1,0,0,0
CCCc1ccc(CC=COC)cc1,,0,1,0,0,1,0,0,0,0,0,0
CN(C)C(=O)Nc1cccc(C(F)(F)F)c1,0,0,0,0,0,0,0,0,0,0,1,0
CCCc1ccc2c(c1)OCO2,0,1,,0,0,0,0,,0,0,0,1
O=C(Cc1ccccc1)OCCc1ccccc1,,,1,,0,,0,0,,0,0,
CCCCCC(C)OC(=O)CCC,0,0,,1,,1,,,0,0,0,0
CC(C)=CCCC(C)=CCCC(C)=CCO,0,,1,0,0,1,0,,0,0,0,
CCCCCCCCC/C=C\C=O,,0,0,1,0,,0,0,0,0,0,0
CCCNc1ccc(C)cc1,1,0,1,0,0,0,0,1,0,0,0,0
CCCC/C=C\CCCCCCCCCCCCOC(C)=O,0,0,0,0,0,0,0,0,0,0,0,0
CC(C)(CO)C1C=CCCC1,1,0,0,0,1,1,0,0,0,0,0,1
C=C(C)C1CC=C(C=NO)CC1,0,0,0,0,0,0,0,0,0,0,1,0
CC[N+](CC)(CC)CCOc1cccc(OCC[N+](CC)(CC)CC)c1OCC[N+](CC)(CC)CC,0,0,0,0,0,0,0,0,0,0,1,0
CCCCCCCCCOC(=O)CCC,0,,1,1,0,1,0,0,0,0,0,0
CC(C)=CCC[C@@H](C)CCO,0,0,1,,0,,0,0,0,0,0,0
CCCCC(=O)OC(C)(C)C1CC=C(C)CC1,0,0,1,,0,0,0,0,0,0,0,0
CCCCCC#CC(=O)OCC,0,0,1,,0,1,0,0,0,0,0,0
CCCCCCCC(=O)CCC,0,0,0,,0,0,0,0,0,0,0,0
CCOC(=O)c1ccc2c(c1)OCO2,0,0,0,,0,1,0,0,0,0,0,0
C=CC(C)(O)CC/C=C(/C)CCC=C(C)C,0,0,,0,0,0,0,0,0,0,0,0
CCC(C)CCCC(C)C=O,,,,,0,,0,0,0,0,0,0
CC/C=C\CCO,0,0,0,,,1,0,0,0,0,0,0
CCCCC/C(=C\c1ccccc1)CO,0,,1,,0,0,0,0,0,0,0,
C/C=C(\C)C(=O)OC/C=C/c1ccccc1,0,1,1,0,0,1,0,0,1,0,0,0
CC(C)=CCCC(C)CCOC(=O)C(C)O,0,0,1,0,0,1,0,0,0,0,0,0
CCCCCCCCCCCCCCCC(=O)O,,,0,0,0,,0,0,0,0,,0
CC(CO)CO,0,0,0,0,0,0,0,0,0,0,1,0
CC(C)CC1SC(C)NC(C)S1,,,0,0,0,0,1,0,0,1,0,0
CC/C=C\C/C=C/C=C/C=O,,0,0,,,,0,0,0,0,0,0
COC/C=C(\C)CCC=C(C)C,0,,1,0,0,,0,0,0,0,0,0
CSC(C)=O,0,,0,1,1,0,,0,0,,0,0
CC1(C)CCC(COC=O)C23C4CC(CC412)C3(C)C,1,0,0,0,0,1,0,1,1,0,0,
CCC(C)(C)C1CCCCC1OC(C)=O,0,,,,,,0,1,1,,0,0
CC(C)=C1C/C=C(\C)CC/C=C(\C)CC1,0,0,,0,,0,0,,0,0,0,
CC1=CCC(C(C)(C)OC(=O)CC(C)C)CC1,0,,,1,0,,0,1,1,0,0,0
Cc1ccccc1C=O,0,,0,,0,0,,0,0,0,,0
CCC/C=C/C(OC)OC,0,0,0,,0,,0,0,0,0,0,0
CCCNC(C)C(=O)Nc1ccccc1C,0,0,0,0,0,0,0,0,0,0,1,0
CCCCCCCCCCCCCCCCCC(=O)OCC(O)CO,,0,0,0,0,0,0,0,0,0,,0
CCC=C(C)C(=O)O,,1,0,1,1,0,0,1,0,,0,0
[Y],0,0,0,0,0,0,0,0,0,0,1,0
C=C(C)CCOC(=O)C(C)(C)C,0,0,1,,0,1,0,0,0,0,0,1
CC/C=C\CC1CCCC(=O)O1,,,1,1,0,0,,0,0,0,0,0
O=CCC1CCC2CCCCC2C1,1,0,0,0,1,0,0,1,1,0,0,0
CC(C)COC(=O)C(C)(C)C,0,0,0,,0,0,0,0,0,0,0,0
CCCCC[C@@H]1C(=O)CC[C@@H]1CC(=O)OC,0,0,1,0,0,0,0,0,0,0,0,0
CCCC[C@H]1OC(=O)C[C@H]1C,0,,0,,0,0,,0,0,0,0,1
COC(=O)C1C(C)C=CCC1(C)C,0,0,1,,0,0,0,0,0,0,0,
CCCCCCCC=O,,,0,,,,0,0,0,0,0,0
CC1OCCC(C)(C)S1,0,0,0,,,1,0,,0,0,0,0
O=CC(=Cc1ccccc1)c1ccco1,0,1,1,0,0,0,0,0,0,0,0,1
Cc1ccccc1OP(=O)(Oc1ccccc1C)Oc1ccccc1C,0,0,0,0,0,0,0,0,0,0,1,0
CCCC/C=C/CC(=O)OCC,,0,,1,0,0,0,,0,0,0,0
O=C1OCCCCCCCO1,0,0,0,,1,1,,0,,0,0,
CCC(C)C1(CC)C(=O)NC(=O)NC1=O,0,0,0,0,0,0,0,0,0,0,1,0
C=CCSSSSSSCC=C,0,0,0,,1,1,0,0,0,1,0,1
CC1CCC=CCCCCCCCCCC(=O)C1,1,,0,0,0,0,0,1,0,0,0,0
COc1cccc(C)c1OC,0,0,0,0,,0,0,,0,0,,0
CC(=O)OC(C)(C)[C@@H]1CC[C@H](C)C2=C(C1)[C@@H](C)CC2,,,1,0,0,,0,1,,0,0,
CC(C)=CCCC(C)C=O,0,,,,,,0,0,0,0,0,0
CCCC(C)(C)SSC(C)(C)CCC,,0,0,1,1,1,0,0,0,1,0,0
CCCCCC/C=C/C=O,,0,,1,,1,0,,0,,0,0
Cc1ccc(CC(C)(C)O)cc1,,0,1,0,,1,0,0,,0,0,
N[C@@H](Cc1ccccc1)C(=O)O,0,,0,0,0,0,0,0,0,0,,0
CSCCC(=O)O,0,1,0,,1,,0,0,0,,0,0
CC(F)(F)Cl,0,0,0,0,0,0,0,0,0,0,1,0
C=Cc1sc(C)nc1C,,,0,0,0,0,,0,0,,,0
C=C(C)/C=C/C(CCC(C)=O)C(C)C,0,1,0,,0,1,0,0,0,0,0,
CC/C=C/SC,0,0,0,,1,1,0,0,0,1,0,1
CC=CSSSC,0,0,0,,1,1,0,0,0,0,0,1
CC/C=C\CCOC=O,0,,,,0,1,0,0,0,0,0,0
CCCCCCCCOC=O,,,,1,0,,0,,0,0,0,0
C[N+](C)(C)Cc1ccco1.[I-],,0,0,0,0,0,0,0,0,,0,0
NCCCCCN,1,0,0,0,,0,0,0,0,0,0,0
O=P(O)(O)O,0,0,0,0,0,0,0,0,0,0,1,0
CCOC(=O)/C(=C\c1ccccc1)C(C)=O,0,1,0,,0,0,0,0,0,,0,1
CC(=O)c1nc(C)cnc1C,0,1,0,,0,0,1,0,0,1,0,0
C=C[C@@]1(C)CCC(C(C)C)=C[C@H]1C(=C)C,0,1,1,0,0,1,0,1,0,0,0,
Cc1ccc(OC=O)cc1,0,,1,0,0,1,0,0,0,0,0,0
CCCCCC/C=C\C(=O)OC,,1,,1,0,1,1,0,0,0,0,0
CSC(=O)c1ccccc1,,,0,,1,,0,0,0,0,0,
CC(C)CC(=O)O,,,0,,1,,,0,0,0,0,0
CC/C=C\CCOC(=O)/C(C)=C/CC,0,0,0,,0,1,0,0,0,0,0,0
COc1ccccc1O,,,0,,,,,,,,0,
CC(C)OC(=O)c1ccccc1,0,,,,,0,0,0,,0,0,0
CCCCCCCC/C=C/CCCCCCCC=O,,0,0,0,0,0,0,0,0,,0,0
CC(=O)[n+]1cc(C)nc(C)c1,0,1,0,,0,0,1,0,0,1,0,0
C=CN1CCCC1=O,0,0,0,0,0,0,0,0,0,0,1,0
O=C1C[C@@H]2OCC=C3CN4CC[C@]56c7ccccc7N1[C@H]5[C@H]2[C@H]3C[C@H]46,0,0,0,0,0,0,0,0,0,0,1,0
CC(=O)OCc1ccc2c(c1)OCO2,0,,1,,,,0,0,0,,0,
CC(CO)CCCc1ccccc1,0,0,1,0,0,0,0,,0,0,0,0
CCCCOc1ccc(C)cc1,0,,1,1,0,0,0,,0,0,0,0
CC(O)CO.CCCCCCCCCCCCCCCCCC(=O)O,,0,0,0,0,0,0,0,0,0,0,0
CCOC(=O)CS,0,0,0,,,1,0,0,0,0,0,0
CCCC(C)C(=O)O,0,,0,0,1,,0,0,0,,0,0
CC=Cc1ccc(Oc2ccccc2)c(OC)c1,0,0,0,0,1,0,0,0,1,0,0,0
N[C@@H](Cc1ccc(O)cc1)C(=O)O,0,0,0,0,0,0,0,0,0,0,1,0
CCC(=O)OC1C=CC2C3CCC(C3)C12,0,0,1,,0,,0,,0,0,0,0
CC1C2CC(CC2C2CCCC(O)C2)C1(C)C,0,1,0,0,,,0,1,0,0,0,0
O=C(CCCN1CC=C(n2c(=O)[nH]c3ccccc32)CC1)c1ccc(F)cc1,0,0,0,0,0,0,0,0,0,0,1,0
C=CCSSSSCC=C,0,0,0,,1,1,0,0,0,,0,1
CCCCCCCCCCCC(=O)CC(=O)O.OCC(O)CO,0,0,0,0,0,0,0,0,0,0,1,0
CC1=CC2OCC(C)C2CC1,0,0,,0,0,1,0,0,0,0,0,
CCC(=O)C(O)c1ccccc1,0,1,1,0,0,0,0,0,0,,0,0
CC(=O)O[C@H](C)c1ccccc1,,,1,1,0,1,0,,0,0,0,0
CCCCCCCCC#CC(=O)OC,,,1,,0,1,0,,0,,0,0
CC(C)=CCC/C(C)=C/COCC(=O)O,,0,1,0,0,0,0,0,0,0,0,0
CC1=CCC(C(C)C=O)CC1,0,0,0,0,0,1,0,0,0,0,0,
COc1ccc(CO)cc1,0,,1,,0,,0,0,,,0,
CC(=O)/C=C/c1c(C)ccc(C)c1C,0,0,1,0,0,1,0,0,0,0,0,0
CC(C)/C=C1/OC(=O)C2=CC=CCC21,0,0,0,0,0,0,0,0,0,0,1,0
CC(C)=CCSC(=O)C(C)C,,,0,1,1,0,,0,0,0,0,0
CCCCCCCCC(=O)OCC(CC)CCCC,0,0,0,0,0,0,0,0,0,0,1,0
NC(=O)C[C@H](N)C(=O)O,0,0,0,0,0,0,0,0,0,0,1,0
CSc1ccc(C)o1,0,,0,,,,0,0,0,,0,
CCCCCC=CC(=O)OCCCCCC,,0,0,0,0,0,0,0,0,0,0,0
Cc1ncc(CC(C)C)nc1C,0,0,0,0,0,1,1,0,0,0,0,0
CC(C)=CCCC(C)CCOC(=O)C(=O)OCCC(C)CCC=C(C)C,0,0,1,0,0,0,0,0,0,0,0,0
Cc1ccnc(C)c1,,0,0,0,,,0,,,0,0,
CCCc1ccc(O)c(OC)c1,,,,,,,0,,,,0,
CCCCCCCCCC(C)CO,0,0,0,0,0,0,0,0,,0,0,0
CCCC(=O)c1cccs1,,0,0,0,0,0,0,0,0,1,0,0
C[C@@H]1C(=O)C(=O)C[C@@H]1C,0,1,0,0,0,0,0,1,0,,0,1
CCC(C)(O)CCC=C(C)C,0,,1,1,0,,0,,0,0,0,
CC(=O)OCCC1=CCC2CC1C2(C)C,0,,,,0,,0,1,,0,0,
OCC1O[C@@H](O[C@@H]2C(CO)OC(O)C(O)C2O)C(O)C(O)C1O,0,0,0,0,0,0,0,0,0,0,1,0
[Ca+2].[O-][Cl+2]([O-])[O-].[O-][Cl+2]([O-])[O-],0,0,0,0,0,0,0,0,0,0,1,0
CC/C=C/CCOC(=O)CCCCCC,,0,0,1,0,1,0,0,0,0,0,0
CC/C(C=O)=C\c1ccco1,1,,0,,,0,,0,0,,0,1
CCCC(=O)CC(=O)OCC,,,0,1,,1,0,,0,0,0,0
CCC(O)c1ccccc1,0,,1,0,0,0,0,0,1,0,0,0
CC(=O)Oc1ccc2c3c1O[C@H]1[C@@H](OC(C)=O)C=C[C@H]4[C@@H](C2)N(C)CC[C@@]341,0,0,0,0,0,0,0,0,0,0,1,0
CC(C)(C)c1cc(CCC(=O)OCCNC(=O)C(=O)NCCOC(=O)CCc2cc(C(C)(C)C)c(O)c(C(C)(C)C)c2)cc(C(C)(C)C)c1O,0,0,1,,0,1,0,1,0,0,0,0
O.c1ccc([Sn](c2ccccc2)c2ccccc2)cc1,0,0,0,0,0,0,0,0,0,0,1,0
C=C(C)C1CCC(C)CC1OC(C)=O,0,0,0,0,0,1,0,0,0,0,0,
O=C([O-])C1CCC2CCCCC2C1,0,0,0,0,1,1,0,1,0,0,0,0
CCCOC(CC)OC(C)CCC,0,,0,1,,1,0,,0,,0,0
CC(C)CC(=O)C(=O)[O-].[Na+],0,1,0,,0,0,0,0,0,,0,0
C=C(C)[C@H]1CC[C@@]2(C)CCC=C(C)[C@@H]2C1,,,0,0,0,0,0,0,,0,0,0
OCC1OC(OC2(CO)OC(CO)C(O)C2O)C(O)C(O)C1O,0,,0,0,0,0,0,0,0,,,0
CCOC(C)OCC(C)CC,0,,0,1,1,1,1,,0,,0,0
CNC(=O)N(C)c1nnc(C(C)(C)C)s1,0,0,0,0,0,0,0,0,0,0,1,0
CC/C=C\CCCC=O,0,0,0,,0,,0,0,0,0,0,0
CCOC(=O)CC(C)SCC,0,0,0,,,0,0,0,0,0,0,0
CCCCCC=CCCC=O,,0,,1,,,0,0,0,0,0,0
CCCCCC1CCCC(=O)O1,,,,,0,,,,0,,0,0
CCCCOC(CCCC)OCCCC,0,,0,,,,1,0,0,0,0,0
CCCCCC(O)CCO,0,0,0,0,1,0,0,0,0,0,0,0
O=C(OOC(=O)c1ccc(Cl)cc1)c1ccc(Cl)cc1,0,0,0,0,0,0,0,0,0,0,1,0
CC(C)=CCN1CCC2(C)c3cc(O)ccc3CC1C2C,0,0,0,0,0,0,0,0,0,0,1,0
CCCCCCCCOC(=O)CCCCCCC,,,0,,0,,,0,0,0,0,0
C[C@]12C=CC(=O)C=C1[C@@H](F)C[C@@H]1[C@@H]2[C@@H](O)C[C@@]2(C)[C@H]1CC[C@]2(O)C(=O)CO,0,0,0,0,0,0,0,0,0,0,1,0
CC1=CC(=O)C(=C(C)C)CC1,0,0,0,0,,1,0,0,0,0,0,
CC(C)CCOC(=O)c1ccccc1,0,,0,,0,,0,0,1,0,0,0
CCCCCCCC/C=C\CCCCCCCC(=O)OCC(O)CO,0,,0,0,0,0,0,0,0,0,,0
COCc1cnccn1,0,,0,,0,,1,0,0,1,0,0
C=CC(=O)CCC,0,0,0,,,,0,0,0,,0,0
O=C(C=Cc1ccccc1)OCC1CCCO1,0,,,1,0,0,0,,1,0,0,1
CC1(C)[C@@H]2CC[C@](C)(C2)[C@@]1(C)O,0,0,0,,0,1,0,,0,0,0,0
c1ccc2c(c1)cc1ccc3c4ccccc4cc4ccc2c1c43,0,0,0,0,0,0,0,0,0,0,1,0
COc1nccnc1C,0,,0,,0,0,1,0,0,1,0,0
CC1(C)C2CCC1(C)C(OCCO)C2,0,0,0,0,,,0,,,0,0,
CCCCCCCOc1ccccc1,0,0,0,0,0,1,0,0,1,0,0,0
CCCC(=O)OCSC,,,0,1,1,0,0,,0,,0,0
CC(C)=CCC/C(C)=C/CCC(C)CCO,0,0,,,,,0,0,0,0,0,0
CCCCCCCCCC/C=C/C(=O)O,,0,0,0,0,0,0,0,0,0,0,0
CC(C)(O)C(C)(C)O.COC,0,1,0,0,0,1,0,0,0,,0,0
COc1cc(C=CC=O)ccc1O,0,1,0,0,,,,0,,,0,
C[C@](N)(Cc1ccc(O)c(O)c1)C(=O)O,0,0,0,0,0,0,0,0,0,0,1,0
CC(C)[C@]12CC[C@@](C)(O)[C@@H]1C2,0,1,0,0,1,1,0,1,0,0,0,
CCSc1ccccc1O,0,0,0,0,1,0,0,1,,0,0,0
COC(=O)c1ccccc1N=CCC(C)CCCC(C)(C)O,0,,1,,0,,0,0,0,0,0,0
C=C(C)[C@@H]1CC=C(C)C(=O)C1,0,,0,0,0,1,0,0,0,0,0,
CCCCCCCC=CCOC(C)=O,,0,0,0,0,0,0,0,0,0,0,0
CSCCC1OCC(C)O1,,0,0,,,0,0,0,0,,0,0
CC1=CC(=O)CCCCCCCCCCCC1,1,0,0,0,0,0,0,1,0,0,0,0
CCCC(=O)OCC(COC(=O)CCC)OC(=O)CCC,,,0,,,0,0,0,0,,0,0
CC(=O)CCC1=C(C)CCC(C)C1(C)C,0,0,0,0,0,0,0,0,0,0,1,0
CC1CCC(C(C)C)CC1=O,0,0,0,0,0,1,0,,0,0,0,
CCCC(=O)CCCC(=O)OCC,0,0,0,,0,0,0,0,0,0,0,0
C=C(C)CCCC(C)CCOC(=O)C(C)C,0,,1,,0,,0,0,0,0,0,
C[C@]12CC[C@@H]3c4ccc(O)cc4CC[C@H]3[C@@H]1CC[C@@H]2O,0,0,0,0,0,0,0,0,0,0,1,0
CC/C=C\C/C=C\C/C=C\CCCCCCC=O,0,0,0,0,,1,0,0,0,0,0,0
C/C=C(\C)C(=O)OCCC(C)CCC=C(C)C,0,,1,,,1,0,0,,0,0,0
CSCCC(C)=O,,,0,,,0,0,,0,0,0,0
CC1=CC2C(C(C)C)CCC(C)C2(O)CC1,0,,0,0,0,1,0,,0,0,0,
CC(C)C1OC2(C)CCC1C(C)C2,0,0,0,0,0,1,0,0,0,0,0,
CC(=O)c1ccnc(C)n1,,,0,0,,0,,0,0,,0,0
CCCC[C@H](CC)C(=O)O,0,1,0,0,1,1,0,,0,0,0,0
C=Cc1c(C)cccc1C,0,0,0,0,1,0,0,0,0,0,0,0
CCOC(=O)C1=C(C)CCCC1(C)C,0,0,0,1,0,1,0,0,0,0,0,0
C/C(=C/CCC1(C)C2CC3C(C2)C31C)CO,0,,0,0,0,,0,1,0,0,0,0
CCCCCCCCCCCC(C)C=O,1,0,0,0,0,0,0,0,1,0,0,0
FC(F)=C(F)F,0,0,0,0,0,0,0,0,0,0,1,0
CC(=O)C1=C(C)[C@@H]2C[C@@]3(C1)[C@H](C)CC[C@H]3C2(C)C,1,0,0,0,,1,0,1,,0,0,0
CCC(=O)Oc1ccccc1,0,1,1,0,1,0,0,0,0,0,0,0
CCOc1cc(C2OC(C)CC(C)(C)O2)ccc1O,0,1,0,0,,0,0,0,0,0,0,0
CCOC(=O)CC(C)SC,,,0,1,1,0,0,1,0,0,0,0
C/C=C/SC,0,0,0,,1,1,0,0,0,0,0,1
CCC(=O)C1=NCCS1,,,0,0,0,0,1,0,0,1,0,0
COC(=O)CCCCCCCCC(=O)OC,0,0,0,,,0,0,0,0,0,0,0
CCCCCC=CCC(=O)OC,,0,0,1,0,,0,0,0,0,0,0
CSC(C)c1ccco1,0,1,0,0,1,0,0,0,0,,0,0
CCCCC1COC(=O)CO1,0,1,,1,0,0,0,,0,,0,0
O=C1CCCCCCCCCCCCCCC1,1,0,0,0,0,0,0,,0,0,0,0
C=C[C@]1(C)CC[C@@H](C(C)(C)O)C[C@H]1C(=C)C,0,,,0,0,1,0,1,0,0,0,
C=CC(C)(CCC=C(C)C)OC(=O)CCCC,,,,,0,,0,0,0,0,0,
CC1CCCO1,0,1,0,0,0,1,0,0,0,0,0,
CCCCCCCCC1CCCOC1=O,1,1,0,1,0,0,1,0,0,0,0,0
CC(=O)C=CC=C(C)C,0,1,0,1,0,,1,,0,0,0,1
CCC(N)C(=O)O,0,1,0,0,0,0,0,0,0,,0,0
CCCCCCCCCO,,0,,,0,,0,0,0,0,0,0
O=COCCc1ccccc1,0,0,1,,,1,0,0,0,0,0,
Cc1ncsc1C,,0,0,0,,,,,,,,0
O=C(Nc1ccc2c(c1)C(O)OC21c2ccc(O)cc2Oc2cc(O)ccc21)c1c(F)c(F)c(F)c(F)c1F,,1,0,,1,1,0,,0,0,0,0
CC(C)=CCC=C(C)C1CC=C(C)CC1,0,0,1,0,0,0,0,0,1,0,0,
C/C1=C\CC/C(C)=C2\CCC2=CC1.C=C(CC(C)C)C1=C(O)C(CC=C(C)C)=C(O)C(O)(CC=C(C)C)C1=O.CC(C)=CCC1=C(O)C(CC=C(C)C)(CC=C(C)C)C(=O)C(C(=O)CC(C)C)=C1O,0,0,0,,0,1,0,0,0,0,0,1
C=C(C)[C@@H]1CC=C(C=O)CC1,,0,0,,,,0,0,0,0,0,
C[C@@H]1CC[C@H]2C(C)(C)[C@H]3C[C@@]12CC[C@@]3(C)O,0,,,0,0,0,0,,,0,0,
[C],0,0,0,0,0,0,0,0,0,0,1,0
CCC(C)COC(=O)CC(C)C,,,,,,,0,,,,0,
CC(C)C/C=C(/C=O)C(C)C,0,,,,,1,0,1,0,0,0,
OC[C@@H](O)[C@@H](O)[C@H](O)[C@@H](O)CO,0,,0,0,0,0,0,0,0,,,0
CCCOC=O,0,,0,,,,0,,0,0,0,
C/C=C/C(C)C(=O)OCCCCCC,0,,0,1,0,,0,,,0,0,
CCCC(C)(C)O,0,0,0,,1,,0,0,0,0,0,
CCCCC(=O)O[C@@H]1CC2CCC1(C)C2(C)C,0,,0,,,1,,,,0,0,
CC(C)CC(=O)OCC1=CCC2CC1C2(C)C,0,0,0,,0,1,0,1,0,0,0,0
OC[C@H]1O[C@@H](O)[C@H](O)[C@@H](O)[C@@H]1O,0,0,0,0,0,0,0,0,0,0,1,0
CCCCCCCCOC(=O)CCCCCC,,,0,,0,,0,0,0,0,0,0
CCCCCCOCc1ccccc1,0,0,1,,0,1,0,0,0,0,0,0
CCCCCCCOCC(=O)O,,0,0,,0,0,0,0,0,0,0,0
CCC(C)COC(C)=O,0,,0,,,0,,0,0,0,0,0
COc1ccc(/C=C\C(=O)C(C)C)cc1,0,1,0,,0,0,0,0,0,,0,0
CCCCC/C=C\CC/C=C/C=O,,0,0,1,,1,0,0,0,0,0,
CC(=S)OC1(C)OCCC1C,,0,0,0,1,0,0,0,0,1,0,0
CC(C)=C1C/C=C(\C)CC/C=C(\C)CC1=O,0,0,0,0,0,1,0,1,0,0,0,0
CSc1nc(NC(C)C)nc(NC(C)C)n1,0,0,0,0,0,0,0,0,0,0,1,0
O=c1[nH]c(=O)n([C@H]2C[C@H](O)[C@@H](CO)O2)cc1F,0,0,0,0,0,0,0,0,0,0,1,0
COC(=O)CC(C)O,0,,,,0,,,,0,0,0,0
CC(C)=CCCC(C)=CCC(C)(C)C=O,0,0,1,,0,0,0,0,0,0,0,0
N#CCCC#N,0,0,0,0,0,0,0,0,0,0,1,0
[Be],0,0,0,0,0,0,0,0,0,0,1,0
CCOc1ccc(N(C)C(N)=O)cc1,0,0,0,0,0,0,0,0,0,0,1,0
CCCCCC=CC=CC(=O)OC,,0,0,1,0,0,0,0,0,0,0,0
CCCC(=O)OC(C)CCC,,,0,1,,,,0,0,0,0,0
CCCCOC(=O)[C@H](C)O,,1,0,,,0,0,,0,0,0,0
CCCCOCCCC,0,,0,,,0,0,0,0,0,0,0
C=C1CCCC(C)(C)C1C(=O)OC,0,0,1,,0,1,0,0,0,0,0,1
CC(C)CC(=O)C(C)O,0,1,0,,0,0,0,0,0,1,0,0
CC/C=C\C/C=C\CCOC(C)=O,0,0,0,,0,,0,0,0,0,0,0
COc1ccc(CC2CC2)cc1,0,1,0,0,,1,0,1,0,0,0,1
CCOc1cc(C(C)C)ccc1C,0,0,0,,,,0,,0,0,0,
CCCCCOC(=O)CCCCCCCCC(=O)OCCCCC,,0,0,0,0,0,0,0,0,0,0,0
CCOc1cc(C=O)ccc1OC(=O)C(C)C,1,1,0,,0,0,0,,0,1,0,1
CCCC[C@@H](CC)COC(=O)/C=C/c1ccc(OC)cc1,0,0,0,0,0,0,0,0,0,0,1,0
CCCCCCCCOC(=O)CC(=O)[O-],,0,0,,0,0,0,0,0,0,0,0
COC(=O)COC/C=C(\C)CCC=C(C)C,1,0,1,0,0,0,0,0,0,0,0,0
CC(C)CCCCCCC(=O)O,,0,0,0,0,0,0,0,0,0,0,0
CCCCC(=O)CC,,,0,,,1,0,,0,0,0,0
CCCCCC(=O)CC(=O)O.OCC(O)CO,,0,0,0,0,0,0,0,0,0,0,0
CCC(=O)CO,0,1,0,,,,,,0,,0,0
CCCCC(C)C(=O)O,,0,0,,1,0,0,0,0,1,0,0
CCCCC(CCC)OC(=O)CC(C)=O,0,0,1,1,0,1,0,,0,0,0,0
CCOC(=O)/C=C/C(=O)OCC,0,0,0,,0,1,0,0,0,0,0,0
CC1=CCCC(C)(C)C1C=CC=O,0,0,1,0,0,1,0,1,0,0,0,0
C=CCCCCCCCCC(=O)OCCc1ccccc1,,1,0,0,0,1,0,0,0,0,0,0
CC(C)CC(=O)CC(C)CC(C)C,0,0,0,,0,0,0,0,1,0,0,0
Cl.N[C@@H](CS)C(=O)O,0,0,0,0,0,0,0,0,0,0,1,0
C=CCl,0,0,0,0,0,0,0,0,0,0,1,0
CCCC/C=C/C(=O)O,,,0,,1,,0,0,0,,0,0
CCCCCC(=O)OCCC(S)CCC,0,0,0,1,1,,0,0,0,0,0,0
O=C1CCCCCN1,,0,0,0,,0,0,0,0,0,,
CC(=O)O[C@H]1C[C@H]2CC[C@]1(C)C2(C)C,0,0,0,0,1,1,0,,1,0,0,0
CSc1nccnc1C,,,0,,,0,1,0,0,,0,0
CCC(O)Cc1ccccc1,0,0,1,0,0,1,0,,0,0,0,0
O=C1C=CCCCCCCCCCCCCC1,1,0,0,0,0,0,0,0,1,0,0,0
CC/C=C/C/C=C/C/C=C/CCCCCCCC(=O)O,,0,0,0,0,0,0,0,0,0,0,0
CCCCCC/C=C\C=C/CO,,0,0,0,0,0,0,0,0,0,0,0
COc1cc(C)cc(OC)c1O,0,,,,1,0,,1,,,0,1
C=C/C=C/C#CCCCCC,,0,1,,0,1,0,0,0,,0,0
CC1OC(C)C2Cc3ccccc3C2O1,1,,1,1,0,1,0,0,0,0,0,0
CCC=C(C)SC,,,0,0,1,0,0,0,0,1,0,0
Cc1cnc(C)c(C)n1,0,,0,1,,0,,,0,,0,0
O=C([O-])[O-].[Na+].[Na+],0,0,0,0,0,0,0,0,0,0,1,0
C[n+]1ccc(-c2cc[n+](C)cc2)cc1,0,0,0,0,0,0,0,0,0,0,1,0
CC(O)CO.CCCCCCCC(=O)O.CCCCCCCCCC(=O)O,0,0,0,0,0,0,0,0,0,0,1,0
CC(=O)OC(CO)c1ccccc1,0,0,1,0,0,1,0,1,0,0,0,0
CCC=CCCCC1CCCC(=O)O1,,,0,,0,0,0,0,0,0,0,0
CC(=O)[O-].[Na+],0,0,0,0,,0,0,0,0,0,,0
CCCCCC(CC(=O)OC)OC(C)=O,0,0,,1,0,1,0,,0,0,0,0
COC(=O)CCCC(C)OC(C)=O,0,0,0,,0,0,0,0,0,0,0,0
CCC(C)CC(=O)O,,,0,,1,,0,0,0,0,0,0
CC1OC(c2ccccc2)OC1C,1,0,0,0,0,0,0,0,0,0,0,0
CC(C)CN,,,0,,1,,0,0,0,0,0,0
Cc1cccc(C)c1O,0,,0,,1,0,,,,,0,
CC1C(=O)CC2(C(C)C)CC12,0,0,0,0,,,0,,0,0,0,
CCCCCC(=O)OCC=Cc1ccccc1,0,,0,1,0,1,0,0,0,0,0,1
CCC(C)C1(C)COC(C2CCC(C)=CC2C)OC1,1,0,1,0,,0,0,1,1,0,0,0
COC(=O)C(C)(C)C,0,0,0,,,1,0,0,0,0,0,0
CC1C(c2ccccc2)OCCN1C,0,0,0,0,0,0,0,0,0,0,1,0
CCCCC(=O)OCc1ccccc1,,,,,0,,0,0,0,0,0,0
C1CCSC1,,0,0,1,1,0,0,0,0,,0,0
CCC(=O)OCC(C)O,0,0,0,,0,0,0,0,0,0,0,0
CC(C)[C@H]1CC[C@@H](C)C[C@@H]1O,0,1,0,0,1,1,0,1,0,0,0,
CCCCCCCC[C@@H]1CCC(=O)O1,0,1,1,,1,0,0,1,0,0,0,0
C[C@H]1CCC[C@@]2(C)CCCC[C@]12O,,0,0,,,,0,1,0,,0,0
C=CC(C)(CCC=C(C)C)OC(=O)/C=C/c1ccccc1,,,1,,0,,0,0,,0,0,0
CCCCCCCC(C)(C)c1ccc([C@@H]2CCC[C@H](O)C2)c(O)c1,0,0,0,0,0,0,0,0,0,0,1,0
CC1=CCCC2(C)OC2CCC(C)=CCC1,1,0,0,0,0,0,0,1,1,0,0,0
O=CC=Cc1ccco1,0,1,0,,0,1,1,1,0,0,0,1
Nc1nc(=O)c2ncn([C@@H]3O[C@H](COP(=O)(O)O)[C@@H](O)[C@H]3O)c2[nH]1,0,0,0,0,0,0,0,0,0,0,1,0
C=CC(=C)CCCC(C)(C)OC(=O)CC,0,0,0,1,,0,0,0,1,0,0,0
O=CC1CCC2C3CCC(C3)C12,0,0,0,1,1,1,0,0,0,0,0,0
CCOC(=O)CCC(=O)OCC,,,,,,,0,,0,,0,0
CCCCCCc1ccccn1,,0,0,,0,1,,0,0,,0,0
CCCC/C=C/C=C/CO,,0,0,1,0,1,0,0,0,,0,0
CCCCC(C(=O)OCC)c1ccccc1,1,1,0,,0,1,0,0,0,0,0,0
Cc1noc(C)c1Cn1cc(N2C(=O)CN(Cc3cccc(O)c3)C2=O)cn1,0,0,0,0,0,0,0,0,0,0,1,0
CC(C)C(=O)O[C@@H]1C[C@H]2CC[C@]1(C)C2(C)C,0,0,0,,,1,,1,,0,0,
CCCCOC(=O)C(CC)C(=O)[O-],0,0,,1,0,0,0,,0,0,0,0
CC1=CCCC(C)(C)C12CCC(C)O2,0,1,,,,1,0,,0,0,0,
CC1=COC(=O)C2C(C)CCC12,0,0,0,0,0,,0,0,0,0,0,
COc1cc(C(C)=O)ccc1O,0,1,,,,0,,,0,,0,
CC(C)C(=O)Oc1ccccc1,,1,0,,,0,0,0,0,0,0,0
CCCCOC(=O)CC(O)(CC(=O)OCCCC)C(=O)OCCCC,0,0,0,0,,,0,0,0,0,,0
CC(=O)c1ccc(C(C)(C)C)cc1,,,1,0,0,,0,0,,0,0,0
CCC(=O)OC/C=C(/C)CCC=C(C)C,0,,,,0,,0,0,0,,0,0
COC(=O)/C=C(\C)CCC=C(C)C,0,0,,,0,1,0,0,0,0,0,0
CCC(CC)CO,0,,0,,,0,0,,0,0,0,0
COC(C)=O,0,,,,,0,0,,0,,0,
CC/C(C)=C/CC/C(C)=C/C=O,0,0,0,1,0,1,0,0,0,0,0,0
Nc1nc2c(ncn2[C@@H]2O[C@H](COP(=O)([O-])[O-])[C@@H](O)[C@H]2O)c(=O)[nH]1.[K+].[K+],0,0,0,0,0,0,0,0,0,0,1,0
[Ba+2].[Cl-].[Cl-],0,0,0,0,0,0,0,0,0,0,1,0
CCCCCCCC(C)(C)c1ccc([C@H]2CCC[C@@H](O)C2)c(O)c1,0,0,0,0,0,0,0,0,0,0,1,0
CC(C)=CCC/C(C)=C1\CC=C(C)CC1,0,,,,0,,0,,1,0,0,
CN(C)C,,0,0,,1,0,0,0,0,,0,0
CC1=CCC2(C)CCC1C2,0,,1,0,0,1,0,1,0,0,0,1
CC(=O)/C=C/c1ccc2c(c1)OCO2,0,0,1,0,0,1,0,1,0,0,0,0
COc1ccc(COC(C)=O)cc1,0,,,,0,,,0,,0,0,
C/C=C(/C)C(=O)OC/C=C/c1ccccc1,0,,0,0,0,1,0,1,0,0,0,1
C[C@H]1C(C)(C)C2=C(c3ncncc3CC2)C1(C)C,1,0,1,0,0,0,0,0,1,0,0,0
CCCCC1CCCCC(=O)O1,,1,0,,,,1,0,0,,0,0
CC(C)CCOC(Cc1ccccc1)OCCC(C)C,0,0,1,0,0,1,0,0,0,0,0,0
CCOC(=O)CCCCC(=O)[O-],0,0,0,,0,0,0,0,0,0,0,0
C=C1CCC(OC(C)=O)C(C)=CCC2C1CC2(C)C,0,0,0,,0,,0,1,,0,0,
CCNC(=O)C1CC(C)CCC1C(C)C,0,0,0,,0,1,0,0,0,0,0,
Cc1ccc(OCC=O)cc1,0,0,1,1,1,1,0,0,0,0,0,0
CCC(=O)OC1CC2CCC1(C)C2(C)C,0,,,,,1,0,1,,0,0,
CCCc1cnccn1,0,0,0,,0,1,1,0,0,,0,0
C=CCOCCc1ccccc1,0,1,0,1,0,1,0,,0,0,0,0
CCCCCOC(C)OC,0,,0,1,,1,0,,0,,0,0
CC12CCC3(CCCC(C)(C)C3C1)OC2=O,1,,,0,0,0,0,0,,0,0,0
CC(=O)c1cnc(C)c(C)n1,0,0,0,0,0,1,,0,0,1,0,1
O=C([O-])[C@H](O)[C@@H](O)[C@H](O)[C@H](O)CO.[K+],0,0,0,0,0,0,0,0,0,0,1,0
O=S(=O)([O-])c1ccc(O)cc1.O=S(=O)([O-])c1ccc(O)cc1.[Zn+2],0,0,0,0,0,0,0,0,0,0,1,0
CCCC(=O)Oc1ccccc1OC,0,0,0,,0,0,,0,0,0,0,0
COc1ccc(C=O)cc1C,0,0,1,0,0,0,0,1,1,0,0,0
CC(=O)OCCc1scnc1C,,1,0,,0,0,,,0,1,0,0
CC(C)C(=O)OCC(C)c1ccccc1,0,0,,,0,0,0,,0,0,0,0
CC(C)COC(OCC(C)C)C(C)C,0,1,0,,,1,0,0,0,0,0,0
C=C1C2CCC(C2)C1(C)CC/C=C(\C)COC(=O)Cc1ccccc1,0,1,1,0,0,,0,1,0,0,0,0
CCC(C)CS,,0,0,0,1,0,0,0,0,,0,0
CC1=CC(C)C(C=O)CC1,0,0,,,,1,0,0,0,0,0,0
NS(=O)(=O)c1cc2c(cc1Cl)NC=NS2(=O)=O,0,0,0,0,0,0,0,0,0,0,1,0
CCC(C)=CCCC(C)=CC#N,0,0,0,1,,1,0,0,0,0,0,0
CCOC(=O)c1ccccc1O,0,,,,0,,0,,,0,0,
C=C(C)[C@@H]1CC[C@H]2CC(=O)C[C@@H](C)[C@]2(C)C1,0,0,0,,0,,0,0,0,0,0,0
CC(C)C(=O)O,,,0,,1,0,0,0,0,,0,0
CCCN(CCC)c1c([N+](=O)[O-])cc(S(N)(=O)=O)cc1[N+](=O)[O-],0,0,0,0,0,0,0,0,0,0,1,0
O=C1O[C@H]([C@@H](O)CO)C(O)=C1OP(=O)(O)O.[Na].[Na].[Na],0,0,0,0,0,0,0,0,0,0,1,0
CCCCCCCCC1CCCC(=O)O1,,1,0,0,,0,0,,0,,0,0
CC(=O)OCC1=CC[C@@]23C[C@@H]1C(C)(C)[C@@H]2CC[C@H]3C,0,0,0,0,0,,,1,0,0,0,0
CC1=CCCC(C)(C)C1C=CC(=O)CC(C)C,0,0,0,0,0,0,0,0,0,0,1,0
C=CCOC(=O)Cc1ccccc1,0,1,,,0,0,0,,0,0,0,
C[N+]1(C)[C@@H]2CC(OC(=O)[C@H](CO)c3ccccc3)C[C@H]1[C@@H]1O[C@@H]12,0,0,0,0,0,0,0,0,0,0,1,0
C/C=C/C(=O)C(C)CC,0,,0,0,,0,1,0,0,,0,0
CCCCCCCCCCCCCCC(C)=O,0,0,0,,0,0,0,0,0,0,0,0
CC[C@@H](C)C(=O)OC,0,,0,,0,0,0,0,0,0,0,0
CCOc1ccc(C(OCC)OCC)cc1OC,,1,0,0,0,0,0,0,0,,0,0
O=COC1CCCCCCCCCCC1,0,,,,,1,0,1,0,0,0,0
CCCCCc1ccco1,0,,0,,,,0,,0,,0,0
CCCCCC/C=C/C(=O)OCC,,0,0,1,0,1,0,0,0,0,0,0
Cc1ccccc1Oc1ccccc1C,0,0,1,0,,1,0,,0,0,0,0
CC(C)CCCO,0,0,0,,,,,0,0,0,0,0
CCCCC1(CC)CCC(=O)O1,0,0,0,1,0,0,0,0,0,0,0,0
C/C=C/C(=O)CCC,0,0,0,,,,,,0,0,0,0
C[NH+]1CCN(c2ccc(CO)cc2)CC1,0,1,0,0,0,0,1,0,0,0,0,0
CC(=O)OCCc1ccccc1,0,1,1,,,,0,,,,0,0
CC(C)c1ccc(C(=O)O)cc1,0,0,0,0,0,1,0,1,0,0,0,1
O=[N+]([O-])[O-].[NH4+],0,0,0,0,0,0,0,0,0,0,1,0
COC(=O)c1ccccc1N(C)C,0,,,,,,0,,0,0,0,0
O=C([O-])CC([S-])C(=O)[O-].[Au+].[Na+].[Na+],0,0,0,0,0,0,0,0,0,0,1,0
C=C/C(C)=C/CCC(C)(C)OC(C)=O,0,0,,1,0,1,0,0,0,0,0,
CCOC(=O)C(O)C(O)C(=O)OCC,0,,,1,0,0,0,,0,,0,0
COc1ccc(OC)c(C(C)(C)C)c1,,0,0,0,0,,,1,,0,0,0
CC1COC(c2ccccc2)O1,,,,,,,,,0,0,,0
C=C/C(C)=C\C[C@@H]1[C@@]2(C)CCCC(C)(C)[C@@H]2CC[C@@]1(C)O,1,0,0,0,0,0,0,1,1,0,0,0
CCC(C)(CCc1ccccc1)OC(C)=O,,,1,,0,1,0,0,0,0,0,0
CC(C)CC(=O)OC1CC2CCC1(C)C2(C)C,,0,0,,,1,0,1,,0,0,
CC=CC=CC=O,,,0,,,1,0,0,0,0,0,
COC(OC)C(C)c1ccccc1,0,,1,1,,1,,,0,0,0,
CC1COCc2cc3c(cc21)C(C)(C)C(C)C3(C)C,1,,,0,,0,0,,0,0,0,0
CC/C=C\CCCCCC=O,0,0,0,,1,1,0,0,0,0,0,0
CC(=O)O.Cc1cc(NC(=O)[C@H](CCCN=C(N)N)NC(=O)[C@H](CO)NC(=O)[C@H](Cc2ccccc2)NC(=O)OC(C)(C)C)cc2oc(=O)ccc12,0,0,0,0,0,0,0,0,0,0,1,0
CCCCCC(=O)OCCCSC,0,0,0,,1,0,0,0,0,,0,0
CCC(C)CNCN=O,0,0,1,,0,1,0,0,0,0,0,1
O=COCC=Cc1ccccc1,,,,,0,1,0,0,1,0,0,
C=CCCCCC/C=C\C/C=C\C/C=C\CC,1,0,1,0,0,0,0,,0,0,0,0
CCCCCCC(=O)OCCCC,,,,,0,,0,,0,0,0,
CC(=O)OCc1ccc(C)cc1,0,,1,,,,0,0,0,0,0,
CC/C=C\CC/C=C/COC(C)=O,,0,,,0,1,1,0,0,0,0,
COc1cc(C)ccc1O,,,,,,,,,,,0,
CCCCCC=C(C=O)CCCC,1,0,0,1,1,1,0,0,0,0,0,0
Cc1cnc(SCc2ccco2)cn1,,1,0,0,,0,,0,0,1,0,0
C=CC(OC(=O)CC(C)C)C(C)CC=C(C)C,,,,,0,,0,0,0,0,0,
O=C1c2ccccc2C(=O)C1C(=O)C(c1ccccc1)c1ccccc1,0,0,0,0,0,0,0,0,0,0,1,0
O=S([O-])[O-].[K+].[K+],0,0,0,0,0,0,0,0,0,0,1,0
C=CC(C)=CCC=C(C)CCC=C(C)C,0,0,1,1,0,1,0,1,1,0,0,1
COC(=O)CCC1CCCCC1,0,0,0,,0,0,0,0,0,0,0,0
C=CCOC(=O)c1ccco1,0,,0,,0,0,0,0,0,,0,0
CC/C=C\CCCC(=O)O,,,0,,0,,0,0,0,0,0,0
CCCCCCC/C=C/C(=O)OCC,,0,,1,0,1,0,0,0,0,0,0
[Ag]I,0,0,0,0,0,0,0,0,0,0,1,0
Oc1cccc(O)c1O,0,0,0,0,0,0,0,0,0,0,1,0
C=CC(O)C#CC#CCC=CCCCCCCC,0,0,0,0,0,0,0,0,0,0,1,0
CC(=O)OCCC(C)CCC=C(C)C,,0,,,0,,0,,0,0,0,
O.O.O=C([O-])CN(CCN(CC(=O)[O-])CC(=O)[O-])CC(=O)[O-].[Ca+2].[Na+].[Na+],0,0,0,0,0,0,0,0,0,0,1,0
CC(C)C1=CCC(CCOC=O)=CC1,0,1,1,,0,1,0,0,0,0,0,
C=C(C)[C@@H]1CCC2=CC(=O)C[C@@H](C)[C@]2(C)C1,0,,,1,0,0,0,,0,0,0,0
SCc1cccs1,,,0,0,1,0,0,0,0,,0,0
CCOc1cc(C2OCC(C)O2)ccc1O,0,1,0,0,0,0,0,0,0,0,0,
C=CCCCCN=C=S,,0,0,0,1,1,0,0,0,0,0,
C[As](C)(=O)[O-],0,0,0,0,0,0,0,0,0,0,1,0
CC(=O)C1=CCCCN1,0,1,0,0,0,0,,0,0,,0,0
CCC(=O)c1ccc(OC)cc1,0,0,0,0,1,,0,,0,0,0,1
CCC1OC(=O)[C@@H](C)C(O[C@@H]2C[C@](C)(OC)[C@H](O)[C@@H](C)O2)[C@@H](C)[C@H](O[C@H]2O[C@@H](C)C[C@@H](N(C)C)[C@@H]2O)[C@@](C)(O)C[C@H](C)C(=O)C(C)[C@H](O)[C@@]1(C)O.CCCCCCCCCCCCCCCCCC(=O)O,0,0,0,0,0,0,0,0,0,0,1,0
CC1[C@H](O)C[C@@]2(C(C)C)C[C@H]12,0,0,0,0,1,1,0,0,0,0,0,
COC(=O)c1c(Cl)c(Cl)c(C(=O)OC)c(Cl)c1Cl,0,0,0,0,0,0,0,0,0,0,1,0
CC(=O)OC1(C(C)C)CCCCC1,0,1,0,,1,1,0,1,0,0,0,
CCCCCCCC1OCCO1,,0,0,1,1,,0,0,0,0,0,0
COc1ccccc1C=O,0,,,,,,,,,,0,
C=CCC(C(C)=O)C(=O)OCC,0,0,0,,,1,0,0,0,0,0,0
CCCCCCO,,,,,,,0,,,0,0,
CCN=C=S,0,0,0,,1,,0,0,0,0,0,
CCCC1OCC(CO)O1,0,1,,1,0,0,0,,0,,0,0
CC1(C)C(=O)N(CO)C(=O)N1CO,0,0,0,0,0,0,0,0,0,0,1,0
C=C(C)[C@H]1CC[C@@H](C)[C@H](O)C1,0,0,0,0,,,0,,0,0,0,
CCCCCCCC/C=C\CCCCCCCC(=O)OCC,,,0,0,,0,0,0,0,0,,0
C=CCc1cccc(OC)c1O,0,1,0,0,1,0,0,1,,0,0,1
CO/N=C(/C(=O)OC)c1ccccc1COc1ccccc1C,0,0,0,0,0,0,0,0,0,0,1,0
c1ccc2scnc2c1,,,0,,1,0,,0,0,,0,0
C/C=C/C(=O)/C(C)=C(/CC)C(C)C,0,,1,1,0,0,0,0,0,0,0,0
COC(=O)N(OC)c1ccccc1COc1ccn(-c2ccc(Cl)cc2)n1,0,0,0,0,0,0,0,0,0,0,1,0
CC[C@H](C)[C@H](N)C(=O)O,0,0,0,0,0,0,0,0,0,0,1,0
O=[Cr](=O)([O-])[O-].[Pb+2],0,0,0,0,0,0,0,0,0,0,1,0
C1=NCCC1,,,0,0,1,0,0,0,0,,0,0
O=C([O-])C(=O)OCCc1ccccc1,0,0,0,0,,0,0,0,0,0,0,0
Cc1ccc(C(C)C)cc1OC(=O)c1ccccc1,0,0,0,,1,1,,1,0,0,0,
CC(=O)C1=CCCN1,,1,0,,0,,1,,0,1,0,0
O=Cc1ccc[nH]1,,,0,0,1,0,,,0,,0,0
CC(C)CCCCCO,,0,1,1,0,0,0,0,0,0,0,0
CC(C)=CCC/C(C)=C/CCc1ccncc1,1,1,1,0,,1,0,,0,,0,0
COc1cncc(C(C)C)n1,0,0,0,1,1,1,1,1,1,0,0,
CC1CC(C)c2nccnc21,0,0,0,0,1,0,1,1,0,1,0,0
CC/C=C\CC/C=C/C(=O)NCC,,0,0,0,0,0,0,0,0,,0,1
COc1ccc(C=O)cc1OC,0,1,0,,,,0,,0,,0,
FC(F)(Cl)C(F)(F)Cl,0,0,0,0,0,0,0,0,0,0,1,0
C/C=C(C(=C/C)\c1ccc(O)cc1)/c1ccc(O)cc1,0,0,0,0,0,0,0,0,0,0,1,0
C/C=C/CC/C=C/C=O,,0,0,,,1,0,0,0,0,0,0
CCCCCCCC(=O)CC(=O)[O-].OCC(O)CO,,0,0,0,0,0,0,0,0,0,0,0
C=C(C)C1CC(=O)C2(C)OC2C1,0,0,0,0,0,1,0,0,0,0,0,
CCCCCC(=S)OCC,0,0,0,,1,1,0,0,0,0,0,0
C=C[C@H](O)CCCCCC,0,0,0,1,1,0,0,,0,0,0,0
O=[N+]([O-])NC1=NCCN1Cc1ccc(Cl)nc1,0,0,0,0,0,0,0,0,0,0,1,0
c1ccc2cnccc2c1,0,,0,0,,1,,0,,0,0,
CC(C)=CCC[C@H](C)[C@@H]1C=CC(C)=CC1,0,0,0,,0,,0,,0,0,0,1
N#Cc1cc(Br)c(O)c(Br)c1,0,0,0,0,0,0,0,0,0,0,1,0
CCOc1ccc(NC(C)=O)cc1,0,0,0,0,0,0,0,0,0,0,1,0
O=C(c1ccccc1)C(O)O,,0,0,1,,1,1,1,0,0,0,
O=C1CCc2ccccc21,0,0,0,,1,0,,1,0,0,0,
O=P([O-])([O-])O.[Na+].[Na+],0,0,0,0,0,0,0,0,0,0,1,0
COc1ccccc1CO,0,,0,0,0,,0,0,0,0,0,1
C=CC(O)CCC,,,,,,,0,,0,,0,
CC(=O)C1C/C=C\CCCC1,0,0,0,,,1,0,,0,0,0,
OC1CCc2ccccc21,0,0,0,,1,0,,1,,0,0,
CC1SCCC1=O,,,0,1,1,,0,,,,0,0
CCCC(C)O,0,,,,,,0,,0,0,0,
C[C@H]1O[C@@H](O[C@H]2[C@@H](O)C[C@H](O[C@H]3[C@@H](O)C[C@H](O[C@H]4CC[C@@]5(C)[C@H](CC[C@@H]6[C@@H]5CC[C@]5(C)[C@@H](C7=CC(=O)OC7)CC[C@]65O)C4)O[C@@H]3C)O[C@@H]2C)C[C@H](O)[C@@H]1O,0,0,0,0,0,0,0,0,0,0,1,0
CCCCc1ncc(C)nc1C,0,1,0,0,,0,0,1,0,0,0,0
CCCOC(=O)C(C)c1ccccc1,0,0,1,,0,1,0,0,0,0,0,0
O=CO,0,0,0,,,0,0,0,0,0,,0
CCCC(=O)OC(C)(C)[C@@H]1CC[C@H](C)C2=C(C1)[C@@H](C)CC2,,0,,,0,0,0,,,0,,0
CC(C)c1ccc2c(c1)OCC(=O)CO2,0,0,0,,0,0,0,0,0,0,0,0
CC(=O)OC1CC2CCC1(C)OC2(C)C,0,0,0,,0,1,0,1,0,0,0,
CC1(C)C2CC[C@]1(C)C(=O)C2,0,0,0,0,1,1,0,0,0,0,0,0
CC1=C(CC=O)C(C)(C)CCC1,,,,,,1,,,0,,0,
C=C(C)[C@H]1CC[C@H](C)C[C@H]1O,0,0,0,,1,1,,1,0,0,0,
C[C@@H](NC(=O)[C@@H](N)CC(=O)O)C(=O)NC1C(C)(C)SC1(C)C.C[C@@H](NC(=O)[C@@H](N)CC(=O)O)C(=O)NC1C(C)(C)SC1(C)C.O.O.O.O.O,0,0,0,0,0,0,0,0,0,0,1,0
O=C(OCc1ccccc1)c1ccc(OC(=O)c2ccccc2)cc1,0,1,1,0,0,0,0,0,1,0,0,0
CCCCCCCCCC(=O)OCc1ccccc1,,0,1,0,0,0,0,0,0,0,0,0
CC=Cc1ccc(O)c(OC)c1OC,0,0,0,0,1,0,0,1,,0,0,1
CCCCCCCCC=CC(=O)OCCC(C)C,,,1,1,0,1,0,,0,,0,0
C=C[C@](C)(O)CCC=C(C)C,0,0,1,0,0,1,0,1,0,0,0,
CC=CC=CCOC(C)=O,0,1,0,1,0,1,0,0,0,,0,0
CC1C=CC(=O)O1,0,1,0,0,0,1,,0,0,0,0,0
O=C([O-])[O-].[Ca+2],0,0,0,0,0,0,0,0,0,0,1,0
CCCC(=O)OC/C(C)=C/CCC1(C)C2CC3C(C2)C31C,0,0,1,,0,0,1,1,1,0,0,0
CCCCCC/C=C/COC(C)=O,,0,0,1,,1,,,0,0,0,0
C=C(C)C1CCC(C)=C1CC(C)(C)COC(=O)CC,1,1,0,0,0,0,0,0,0,0,0,0
COCCOCCOC,0,0,0,0,0,0,0,0,0,0,1,0
CCC(O)OC(O)CC,0,0,0,,0,0,0,0,0,0,0,0
CCCCCCCCCOCCCCCCC,,0,0,0,0,0,0,0,0,0,0,0
C=C(C)C1CCC(C)CC1OC(=O)CC(C)=O,0,0,,1,0,1,0,,0,0,0,
CCCCC/C=C/COC(=O)CCC,0,,0,1,0,0,0,0,0,,0,0
CCC1(C)CC(C)(C)c2ccccc21,1,0,1,0,0,0,0,1,0,0,0,0
CCCCCCCOCC(=O)CO,0,1,0,,,,0,1,0,0,0,0
OCC1OC(OC2C(CO)OC(O)C(O)C2O)C(O)C(O)C1O,0,0,0,0,0,0,0,0,0,0,1,0
C[C@H]1CC[C@H](C(C)(C)S)C(=O)C1,0,0,0,1,0,0,0,0,0,0,0,0
C/C=C(/C)C(=O)OCC/C=C\CC,0,,,,,1,0,,0,0,0,
NC(=O)CC[C@H](N)C(=O)O,,,0,0,0,0,0,0,0,,,0
CCCC(S)COCC,,0,0,0,1,0,0,0,0,0,0,0
CC=CC=CCOC(=O)CC,0,1,,1,0,0,0,,0,0,0,0
COc1ccc(C)cc1,,,,,,,,,,0,0,
CCC(CO)NCCNC(CC)CO,0,0,0,0,0,0,0,0,0,0,1,0
O=C(O)Cc1ccccc1,,,,,,,0,,0,,0,0
CCCC(=O)OCCc1ccccc1,0,,,,,,0,,0,,0,0
[Ca+2].[Ca+2].[O-][Si]([O-])([O-])[O-],0,0,0,0,0,0,0,0,0,0,1,0
CC1CCCCC1O,0,1,0,1,0,0,1,0,0,0,0,0
COC(=O)c1cc(OC)ccc1O,0,0,0,0,0,1,0,1,0,0,0,0
CCC1NC(CC)SC(CC)S1,,0,0,1,1,,0,0,0,1,0,0
C=CCOCC=C,0,0,0,0,0,0,0,0,0,0,1,0
CCCCC/C(C=O)=C\c1ccc(C)cc1,0,1,1,1,0,1,,,0,0,0,
OCC=Cc1ccccc1,0,1,1,0,,1,0,0,1,0,0,1
C=CC(CC=O)c1ccccc1,0,1,1,0,0,0,0,0,0,0,0,0
CCCCCCCCCCCCOC(=O)c1cc(O)c(O)c(O)c1,0,0,0,0,0,0,0,0,0,0,1,0
CC(CS)C(=O)O,,,0,1,1,0,0,0,0,,0,0
CC(=O)O.O=CC(O)C(O)C(O)C(O)CO.[Na],0,0,0,0,0,0,0,0,0,0,1,0
C=CCc1ccc2c(c1)OCO2,0,,,0,0,,0,,0,0,0,1
CSSc1ccoc1C,,,0,,,0,,0,0,1,0,
CC(=O)O[C@H]1C[C@@H]2CC[C@@H]3[C@H](CC[C@@]4(C)[C@H]3C[C@H]([N+]3(C)CCCCC3)[C@@H]4OC(C)=O)[C@@]2(C)C[C@@H]1[N+]1(C)CCCCC1.[Br-].[Br-],0,0,0,0,0,0,0,0,0,0,1,0
CC1=CC[C@](O)(C(C)C)CC1,0,0,0,0,1,0,0,,0,0,0,0
CCCCCCOC(=O)C(C)CC,0,,0,,0,,0,,0,0,0,
CCc1nccnc1C(C)=O,,,0,1,,,,,0,,0,0
NS(=O)(=O)c1cc(C(=O)O)c(NCc2ccco2)cc1Cl,0,0,0,0,0,0,0,0,0,0,1,0
CCCCCCC(C)=CC#N,,1,1,0,0,1,0,1,0,0,0,0
CCCCCCC1OCC(C)O1,,0,0,,0,1,0,0,0,0,0,0
CC1=CC(=O)CC1,,1,0,,0,0,0,0,0,,0,0
CCOC(=O)C/C(=C/C(=O)[O-])C(=O)[O-],0,1,,1,0,0,0,,0,0,0,0
CC1=CC[C@H](C(C)(C)O)CC1,0,,1,0,0,,0,,,0,0,0
CCCC(OCC)OCC,0,0,0,,,1,0,0,0,0,0,0
CCC(=O)OC1=C(C)CCC1=O,0,1,0,0,0,0,,,0,,0,0
C=C(C)[C@@H]1CCC2(C)OC2C1,0,0,0,,0,,0,0,0,0,0,
CC1CCC(C(C)CC=O)CC1,0,0,1,0,0,1,0,0,0,0,0,0
CC1OCCC1S,,,0,,,0,0,0,0,1,0,0
NCCCC(=O)O,,0,0,0,0,0,0,0,0,1,0,0
CCCCCCCCCOC(C)=O,0,,,,0,,0,,0,0,0,0
CO[C@@H]1C[C@H](C)CC[C@H]1C(C)C,0,0,0,,0,1,0,0,0,0,0,
CCC(=O)C(=O)C(C)CC,0,0,0,,0,0,0,0,0,0,0,0
CC1(C)C2CC=C(C=O)[C@H]1C2,0,0,0,0,0,0,0,0,0,0,0,1
CC(=O)OCC(O)COC(C)=O,0,0,0,,,0,0,0,0,0,0,0
CC(C)c1ccc(C(C)CC=O)cc1,0,0,1,,0,1,0,0,0,0,0,0
CC1(C)CSSSS1,0,0,0,,1,1,0,0,0,0,0,1
CCCCCCCCCCC(=O)OCC,,,,1,,0,,,0,,0,0
CCCCCC=C(C=O)c1ccc(OC)c(OC)c1,0,0,0,0,0,1,1,0,0,0,0,0
CCC(C)CCCCCCC=O,0,1,1,,,,0,0,0,0,0,0
CSC(=O)CCC(C)C,0,,0,1,1,0,0,0,0,0,0,0
CCCCCCCC(=O)OCc1ccco1,0,1,0,1,,0,,0,0,,0,0
CN(C)CCCN1c2ccccc2CCc2ccccc21,0,0,0,0,0,0,0,0,0,0,1,0
CC(=O)OC(C)CC(C)(C)c1ccccc1,0,,1,1,0,1,0,1,1,0,0,0
C=CC1(OC(C)=O)CCCCC1C(C)CC,1,0,0,0,0,0,0,1,1,0,0,0
CC1(O)CCC(C(C)(C)O)CC1,0,0,0,,,,,,,0,,
CC/C=C\CCOC,0,1,,1,0,1,0,0,0,0,0,0
CC1=CC2C(C=O)CC1CC2C(C)C,,0,0,0,1,1,0,0,0,0,0,0
CC/C=C\CCOC(=O)C(C)C,0,,,1,,1,,,0,0,0,
C[C@H]1CC[C@@H](C(C)(C)O)CC2=C1CC[C@@H]2C,0,,,0,0,,0,,,0,0,
Cc1cn([C@H]2C[C@H](N=[N+]=[N-])[C@@H](CO)O2)c(=O)[nH]c1=O,0,0,0,0,0,0,0,0,0,0,1,0
Cc1cnc2c(n1)CCC2C,0,1,0,0,1,0,1,1,0,1,0,0
CCCCC(=O)c1ccco1,0,,0,,,0,0,0,0,,0,0
C=CC(CCCCC)OOOCC(CCCCCC)OO,0,0,0,1,,0,0,,0,0,0,0
CCC(C)(O)CCCC(C)C,,,1,,0,,0,,0,0,0,
C/C=C/c1ccc(OC(=O)Cc2ccccc2)c(OC)c1,0,1,,,0,,0,0,0,0,0,
C=CCOCC,0,0,0,0,,0,0,0,0,0,0,0
CCC(C)/C=C(\C=O)CSC,,0,0,0,1,,0,0,0,,0,
CC(=O)[O-].CC(=O)[O-].[Ca+2],0,0,0,0,,0,0,0,0,0,,0
O=c1oc2ccccc2c(O)c1C(CC(O)c1ccc(-c2ccc(Br)cc2)cc1)c1ccccc1,0,0,0,0,0,0,0,0,0,0,1,0
[Br-].[Br-].[Zn+2],0,0,0,0,0,0,0,0,0,0,1,0
COc1ccc2c(c1)[C@]13CCCC[C@@H]1[C@H](C2)N(C)CC3,0,0,0,0,0,0,0,0,0,0,1,0
C/C(=C/CC[C@]1(C)C2C[C@@H]3[C@H](C2)C31C)CO,0,,0,0,0,,0,1,0,0,0,0
CCCCC1CCCO1,,1,0,0,0,1,0,0,0,0,0,1
C/C=C(\C)C(=O)OC1CCCCC1,0,0,,1,0,1,0,,0,0,0,0
CCCC(=O)OC1C=CC2C3CCC(C3)C12,0,0,1,1,0,,0,1,1,0,0,0
CCOC(/C=C/c1ccccc1)OCC,0,,0,0,0,,0,0,0,0,0,1
CCCC(OC)OC,0,,0,1,,1,0,,0,,0,0
CCCCCC(=O)OCCc1ccccc1,,,,,,,0,,0,0,0,0
CCCCCCC(OC(C)=O)C(=O)OCC,0,0,,1,0,0,0,,0,0,0,0
CCCOCCc1ccccc1,0,0,1,0,0,0,0,1,0,0,0,0
COC(=O)C(C)Oc1ccc(Oc2ccc(Cl)cc2Cl)cc1,0,0,0,0,0,0,0,0,0,0,1,0
CCC=CCCC(=O)OCC(C)C,0,1,0,1,0,1,0,0,0,,0,0
CCOC(C)(OCC)c1ccccc1,0,0,1,,0,1,0,0,0,0,0,1
O=Cc1ccc(O)c(O)c1,0,,0,,1,,,0,0,0,0,
CC1(C)C(=O)[C@]2(C)CC[C@H]1C2,0,,0,0,1,1,0,1,,0,0,0
CC1=CCC(C(C)CCO)CC1,0,,1,,0,1,0,0,0,0,0,0
CCCC=CCC(=O)O,0,0,0,0,1,0,0,0,0,0,0,0
CC1=CC2OC(=O)C(C)C2CC1,0,1,0,,0,,,1,0,0,0,1
CC1CCC(CO)CC1,0,0,0,0,0,0,0,0,0,0,1,0
O.O=[Al]O[Al]=O.O=[Si]=O,0,0,0,0,0,0,0,0,0,0,1,0
CCCOC(=O)CCCCC(=O)OCCC,0,0,0,,0,0,0,0,0,0,,0
C=CC1(C)C=CC(C(C)C)CC1C(=C)C,0,0,0,0,0,0,0,1,0,0,0,1
CCCCCCC1=CCC(=O)O1,,,0,,0,0,0,0,0,0,0,0
C=CCc1cc2c(c(OC)c1OC)OCO2,0,0,0,0,0,,0,,0,0,0,
CCCCOC(=O)c1ccc(N)cc1,0,0,0,0,0,0,0,0,0,0,1,0
Cc1ccc(OC(=O)CC(=O)c2ccccc2)cc1,1,0,1,0,0,1,0,0,1,0,0,0
CCCC(=O)OCCCSC,0,0,0,1,1,0,0,,0,,0,0
CCCSSCC,,0,0,,1,1,0,0,0,,0,1
CCCCCCCCCCCCCCCCCC(=O)OCC(C)O,,0,0,0,0,0,0,0,0,0,,0
CC(C)=CCC/C(C)=C\CC/C(C)=C\CO,0,0,1,0,0,0,0,0,0,0,0,0
CC1(C)[C@@H](O[C@H]2O[C@H](C(=O)O)[C@@H](O)[C@H](O)[C@H]2O[C@@H]2O[C@H](C(=O)O)[C@@H](O)[C@H](O)[C@H]2O)CC[C@]2(C)[C@H]3C(=O)C=C4[C@@H]5C[C@@](C)(C(=O)O)CC[C@]5(C)CC[C@@]4(C)[C@]3(C)CC[C@@H]12.N,0,1,0,0,0,0,0,,0,,0,0
CCCCC(CC)COC(=O)CCCCC(=O)OCC(CC)CCCC,0,0,0,0,0,0,0,0,0,0,1,0
CCC(C)CCC(=O)O,,0,0,,1,0,0,0,0,0,0,0
CCCCC=COC(=O)CCCCCCCC,0,0,0,,0,1,0,0,0,0,0,0
CCCC(C)C(=O)OCCC(C)C,,0,0,1,0,0,0,0,0,0,0,0
CCCCCC(=O)OC1CCC(C(C)(C)C)CC1,0,0,0,,0,0,0,0,0,0,0,0
C=C1CC[C@H]2C(=C)CC[C@H]3C(=C)C(=O)O[C@@H]3[C@@H]12,0,0,0,0,0,0,,0,0,0,,0
CCC(CC)C1CC(C)(O)CCO1,0,0,1,1,0,1,0,0,0,0,0,0
C=CC(=C)C,0,0,0,0,,0,0,0,0,0,,0
CC1(C)[C@@H]2CC[C@@]1(C)[C@@H](O)C2,0,0,0,0,1,1,0,,,0,0,0
COc1cc(C2C3=C(CCCC3=O)Nc3[nH]c(SC(C)C)nc(=O)c32)cc(OC)c1OC,,0,1,1,0,1,1,0,0,0,0,0
CCCCCCCC(=O)O,,0,0,,,0,0,0,0,0,,0
C=C1CC[C@@H]2[C@H]([C@H]3[C@H]1CC[C@]3(C)O)C2(C)C,0,0,0,,,1,0,,0,0,0,0
CCC=CCC=CC=CC(=O)OCC,,0,0,,0,,0,0,0,0,0,0
CCC=CCC=CCCO,,0,1,,,1,0,,0,0,0,0
[C-]#[O+],0,0,0,0,0,0,0,0,0,0,1,0
CCCCCCC,0,,0,0,,0,0,0,,0,0,0
CC(C)=CCC/C(C)=C/C(C)O,0,0,,1,0,0,0,1,1,0,0,0
CCCC(C)C1(CC)C(=O)NC(=O)NC1=O,0,0,0,0,0,0,0,0,0,0,1,0
Oc1ccccc1,0,,0,,,,,0,,0,0,
CCOC(C)/C=C/C1C(C)=CCCC1(C)C,0,0,0,,,0,0,1,0,0,0,0
CCCCCCOC(=O)C(C)(C)C,,,,,,1,0,,0,0,0,0
CC(C)=CC/C=C(\C)CCOC(=O)CC(C)C,0,,,1,0,,0,0,0,0,0,0
CC(C)c1ccc(CC=O)cc1,,0,0,0,,,0,1,0,0,0,
CCCCCC(C)=O,0,,0,,,,,,0,0,0,
CC(C)(C)c1cnccn1,0,0,0,1,0,1,1,0,0,1,0,
CCC=CCCC1CCC(=O)O1,,1,,,0,,,0,0,,0,0
O=C(c1ccccc1)C(O)c1ccccc1,0,,0,,,,,,,0,,
CC(=O)c1c(C)cc(C(C)(C)C)cc1C,,0,,,0,,0,1,,0,0,0
CC(C)OC(=O)C(C)C,0,,0,1,0,,0,0,0,0,0,0
CCOC(=O)SCc1ccco1,0,0,,0,,0,0,0,0,0,0,
CCCCCCCCCCCCCCCCC(=O)O,0,0,0,0,0,0,0,0,0,0,1,0
C=CC(C)(O)CC/C=C(\C)CC,0,0,1,,0,1,0,,0,0,0,
S=c1sc2nc3ccccc3nc2s1,0,0,0,0,0,0,0,0,0,0,1,0
CCCC[C@H]1O[C@@H]1C=O,,0,0,1,0,1,0,0,0,0,0,0
CC(C)CCOC(OCCC(C)C)C(C)C,0,1,0,,,1,0,0,0,0,0,0
CC1CCC(=O)C1=O,0,1,0,0,,0,,,,,0,
CCCCCCOC(=O)OCC,1,0,0,0,0,1,0,0,0,0,0,0
C=C(C=O)C(C)CC(C)(C)C,0,0,0,0,1,1,0,0,0,0,0,
CC(C)CC(=O)[O-].[NH4+],0,0,0,,1,0,0,0,0,0,0,0
FS(F)(F)(F)(F)F,0,0,0,0,0,0,0,0,0,0,1,0
CC1=CCCC(=C(C)C)C1=O,0,0,0,0,1,1,0,0,0,0,0,
CCCCCCOC,0,,,,,1,0,0,0,0,0,
CCCCCc1ccccn1,,0,0,,0,,0,,0,,,0
CCCCCCOC(=O)CCCC,,,0,1,0,1,0,,0,,0,0
CCCCCc1nc(C)cs1,0,0,0,1,,0,0,0,0,0,0,0
CCCCCCC(OC(C)C)OC(C)C,0,0,,1,,1,0,,0,0,0,0
O=CC=Cc1ccccc1,0,1,0,0,1,1,0,0,1,0,0,1
CCOCC.Cc1cccc(O)c1,1,0,1,0,,0,0,0,0,0,0,0
CCOCCOC(C)=O,0,1,0,,0,0,0,0,0,0,0,0
CCCCOC(=O)C=Cc1ccccc1,0,0,1,,0,0,0,0,1,0,0,0
CCCCC(CC)C(=O)OCC,,0,,,,1,0,1,0,0,0,
CC1(C)/C(=C\CO)C2CCC1C2,0,0,0,0,1,1,0,1,0,0,0,
O=C(OCc1ccccc1)c1ccccc1O,,,,0,0,,0,0,,0,0,0
CC1=CC(=O)[C@H](C(C)C)CC1,0,0,0,0,0,1,0,0,0,0,0,
COc1cc(C(OC(C)=O)OC(C)=O)ccc1O,0,0,1,0,0,0,0,0,0,0,0,0
C=CCCCCCCCCCOC(C)=O,,,1,,,,0,0,0,,0,
CCCOC(=O)C=Cc1ccccc1,1,0,1,0,0,0,0,0,1,0,0,0
CCCC(=O)Oc1c(CC)occc1=O,0,1,0,1,0,0,0,0,0,,0,0
CC1=CC[C@@]23C[C@@H]1C(C)(C)[C@@H]2CC[C@H]3C,0,0,0,0,0,1,0,1,0,0,0,1
C[N+]1(C)[C@@H]2CC(OC(=O)[C@H](CO)c3ccccc3)C[C@H]1[C@@H]1O[C@@H]12.[Br-],0,0,0,0,0,0,0,0,0,0,1,0
CCCC/C=C/CCCC(=O)O,1,1,0,0,0,0,0,0,0,,0,0
CCCCCCC1CC(OC(C)=O)CO1,0,1,1,,0,0,0,0,0,0,0,0
CCCCCCCCC1CCOC1=O,1,0,0,1,0,1,0,0,0,0,0,0
COc1ccc(C(=O)OCC(C)C)cc1,0,,1,1,0,1,0,1,0,0,0,0
CCCN(CCC)CCC,0,,0,,1,0,0,0,0,0,0,0
CCC/C=C/CC(C)=O,,,0,,0,1,0,1,0,0,0,1
O=C(CSCc1nc2ccccc2[nH]1)Nc1ccc2ccccc2c1,,1,0,1,1,0,0,0,0,0,0,0
CC(=O)CC(C)SCc1ccco1,,,0,,,0,0,0,0,,0,0
CC=Cc1ccc2c(c1)OCO2,0,,,0,0,,0,1,0,0,0,1
COC(=O)CSc1cc(N=c2sc(=O)n3n2CCCC3)c(F)cc1Cl,0,0,0,0,0,0,0,0,0,0,1,0
CCC1OCC(C)O1,0,,0,,1,,,0,0,0,0,
CC1=C[C@@H]2C(=CC1O)[C@@H](C)CC[C@H]2C(C)C,0,0,0,0,0,0,0,1,0,0,0,1
NC(=O)C[C@H](N)C(=O)O.O,0,0,0,0,0,0,0,0,0,0,1,0
CC1=C[C@@H]2OC[C@H](C)[C@@H]2CC1,0,0,0,0,0,1,0,0,0,0,0,1
Cc1ccc(N(SC(F)(Cl)Cl)S(=O)(=O)N(C)C)cc1,0,0,0,0,0,0,0,0,0,0,1,0
CC(C)C1CCC(C)(S)CC1=O,0,0,0,1,0,0,0,0,0,0,0,0
CCCCCCCC1CCC(=O)O1,,,0,,,0,,,0,0,0,0
COC=CCc1ccc(C)cc1,,0,1,0,0,1,0,0,0,0,0,0
NC(CCC(=O)O)C(=O)[O-].[Na+],0,0,0,0,0,0,0,0,0,0,1,0
CC1=CCC(/C=C\C(C)C(C)O)C1(C)C,1,0,0,0,0,,0,,0,0,0,0
CC(C)CCCC(C)(C)O,0,0,1,1,0,1,0,,0,0,0,
NC(=O)OCC(COC(N)=O)c1ccccc1,0,0,0,0,0,0,0,0,0,0,1,0
CC(F)F,0,0,0,0,0,0,0,0,0,0,1,0
O=S(=O)([O-])[O-].[Co+2],0,0,0,0,0,0,0,0,0,0,1,0
CCCCC1(O)C(C)=CC(=O)CC1(C)C,0,1,0,,0,1,0,1,0,0,0,
CC(=O)CS,,0,0,,1,1,0,0,0,,0,1
CCC[C@H]1CCC(=O)O1,,1,0,,0,0,,0,0,0,0,0
CCOC(=O)CC(C)CCC=C(C)C,0,,1,,0,,0,0,0,0,0,
CCN(CC)CCCC(C)Nc1ccnc2cc(Cl)ccc12,0,0,0,0,0,0,0,0,0,0,1,0
C/C1=C2/N=C(/C=C3\N=C(/C(C)=C4\[N-][C@H]([C@H](CC(N)=O)[C@]4(C)CCC(=O)NC[C@H](C)OP(=O)([O-])O[C@H]4[C@@H](O)[C@@H](n5cnc6cc(C)c(C)cc65)O[C@@H]4CO)[C@]4(C)N=C1[C@@H](CCC(N)=O)[C@]4(C)CC(N)=O)[C@@H](CCC(N)=O)C3(C)C)[C@@H](CCC(N)=O)[C@]2(C)CC(N)=O.[CH2-][C@H]1O[C@@H](n2cnc3c(N)ncnc32)[C@H](O)[C@@H]1O.[Co],0,0,0,0,0,0,0,0,0,0,1,0
CCCCCCc1ccc(C=CC(OC)OC)cc1,,0,0,0,0,1,0,1,0,0,0,0
CC1(C)SC(C)(C)SC(C)(C)S1,,,0,1,1,,0,,0,,0,
CCCC(C)OC(=O)CC(C)C,0,,0,1,,0,0,,0,,0,0
CCCCCC=CC=CC(=O)O,,0,0,,0,0,0,0,0,0,0,0
N[C@H](C(=O)O)[C@@H]1CC(=O)NO1,0,0,0,0,0,0,0,0,0,0,1,0
CCCCCCCC(OCC)OCC,,0,,1,,1,0,,0,0,0,
C=CCC1CCOC1=O,1,0,0,0,0,1,0,0,0,0,0,
CCCc1cc(OC)c(O)c(OC)c1,0,0,0,0,1,0,0,,,0,0,
CCCCCC/C=C/CCCCCCCC(=O)OCC,,0,0,0,0,0,0,0,0,0,0,0
CC/C=C/CCCCCOC(C)=O,,0,0,1,0,1,0,0,0,0,0,0
CC(C)CCOC(=O)/C=C/c1ccccc1,,,,,,0,0,,,,0,
CCCCCCCCCCC(=O)OCCCCCCC,,0,0,0,0,0,0,1,,0,0,0
CCCCCCCC(=O)COC(C)=O,0,0,0,,0,1,0,0,0,0,0,0
CC(=O)OC(Cc1ccccc1)CC(C)C,0,0,1,,0,1,0,0,0,0,0,0
CC(=O)C=CC1C(C)=CC(C)CC1(C)C,0,0,0,0,0,0,0,0,0,0,1,0
O.O=C([O-])CN(CCN(CC(=O)[O-])CC(=O)[O-])CC(=O)[O-].[Ca+2].[Na+].[Na+],0,0,0,0,0,0,0,0,0,0,1,0
C=CC(C)(S)CCC=C(C)C,0,0,,1,,,0,0,0,0,0,0
CC(=O)CC(C)c1ccccc1,0,0,0,,0,0,0,1,0,0,0,1
CCOC(=O)C(Cc1ccccc1)C(C)=O,0,,1,,,,0,,1,0,0,
CCCCC(=O)C(S)CCC,0,0,0,1,0,1,0,0,0,0,0,
CSCSC,,0,0,,1,,0,,0,,0,
O=C(O)CC(O)C(=O)O,0,,0,0,,0,0,0,0,,,0
C=C1C2CCC(C)(OCC)C1CCC2(C)C,1,1,1,0,0,1,0,1,1,0,0,0
CCCCCCC(=O)C(=O)CC,0,1,0,,0,1,0,0,0,,0,0
CC(C)C1CCC(C(C)CO)CC1,0,0,1,0,0,,0,,,0,0,0
CC1=C(O)C(=O)C(C(C)C)CC1,0,,0,,,1,0,,0,0,0,
CCOC(=O)C1CCCCC1,0,,,,,0,0,,0,,0,0
CCOCOC1CCCCCCCCCCC1,1,0,0,0,0,0,0,1,1,0,0,0
CC1(C)C2CCC1C(C1CCCCC1O)C2,0,1,0,0,0,,0,1,0,0,0,0
CCCCCCCCCC#CC(=O)OCC,,0,0,0,0,1,0,1,0,0,0,0
C/C=C/C=C/C(=O)[O-].[K+],0,0,0,0,0,0,0,0,0,0,,0
CC(C)C(O)Cc1ccccc1,0,0,1,0,0,1,0,1,0,0,0,0
O=C(O)[C@H](O)[C@H](O)[C@@H](O)[C@@H](O)CO.O=C(O)[C@H](O)[C@H](O)[C@@H](O)[C@@H](O)CO.[Fe],0,1,0,0,0,0,0,0,0,,0,0
CCOC(=O)C1CC=CCC1,0,1,1,1,0,0,0,,0,0,0,0
CC1CCC(C(C)C)C(OCC(O)CO)C1,0,1,0,,,1,0,0,0,,0,
C=C(C)COC(=O)CC,0,1,0,1,,0,0,,0,,0,1
CC(C)=CCC/C(C)=C/C1OCC(C)O1,0,,0,1,0,,0,0,0,0,0,0
CCCC(=O)C(=O)CCC,,1,0,,,0,0,0,0,,0,0
OCCC1CCCCC1,0,0,1,0,,1,0,0,0,0,0,0
CCOC(OCC)c1ccco1,0,,0,,,,0,,0,,0,
Cc1c(OCC(F)(F)F)ccnc1CS(=O)c1nc2ccccc2[nH]1,0,0,0,0,0,0,0,0,0,0,1,0
CC(=O)OOC(C)(C)C,0,0,0,0,0,0,0,0,0,0,1,0
c1coc(Cc2coc(Cc3ccco3)c2)c1,0,0,,,0,0,0,0,0,0,0,0
[C-]#N.[Na+],0,0,0,0,0,0,0,0,0,0,1,0
CC(=O)/C=C/CC(C)CCCC(C)C,0,1,1,0,0,0,0,1,1,0,0,0
CCCCCOC(=O)CC,,1,0,1,0,0,0,0,0,0,0,0
CC[C@@H](C)CN1CCCC1,0,0,0,0,1,0,0,0,0,1,0,0
CC(O)C(C)C(C)C(C)C(C)(C)C,1,,0,,0,,0,1,1,0,0,0
CC(C)CCOC(=O)C=Cc1ccco1,0,0,1,1,0,1,0,,0,0,0,0
CCCC(CCC)C(=O)OC1C[C@H]2CC[C@@H](C1)[N+]2(C)C,0,0,0,0,0,0,0,0,0,0,1,0
CC(=O)OC[C@H]1O[C@@](COC(C)=O)(O[C@H]2O[C@H](COC(C)=O)[C@@H](OC(C)=O)[C@H](OC(C)=O)[C@H]2OC(C)=O)[C@@H](OC(C)=O)[C@@H]1OC(C)=O,0,0,0,0,0,0,0,0,0,0,1,0
CC(=O)C1CC=C(C)C1(C)C,,1,0,0,1,1,0,1,1,0,0,0
CCCCCCCCCCCCCCCCCC(=O)OCCO,,0,0,0,0,0,0,0,0,0,0,0
CC=C(C)CCC(=O)OCC,0,0,0,,0,0,0,0,0,0,0,0
CC(O)=CC=Cc1ccccc1,0,0,1,0,0,1,0,0,1,0,0,0
CC(=O)S,,0,0,,1,,0,0,0,1,0,0
CCCCCC(=O)CCCC(=O)O,0,,0,1,0,0,0,0,0,0,0,0
CCC(C(C)=O)c1ccc(OC)cc1,0,,1,,0,1,0,0,0,0,0,0
C=C(C)[C@@H]1CC[C@](C)(OC(C)=O)[C@@H]1C,0,0,0,0,0,1,0,1,0,0,0,
CC(C)C1=CCC(CO)C=C1,0,0,0,0,0,1,0,,0,0,0,
C=C(CC=O)CCC=C(C)C,0,0,1,1,1,,0,1,0,0,0,
CCOC(=O)CC(SP(=S)(OC)OC)C(=O)OCC,,0,0,,1,1,0,0,0,0,0,1
CCc1cnc(CC)c(C)n1,,,0,0,,0,1,0,0,,0,0
CCc1ccc(C/C=C/OC)cc1,,0,1,0,0,1,0,0,0,0,0,0
O=Cc1cccc(O)c1,0,1,0,,1,1,,0,0,0,0,1
O=[Zn],0,0,0,0,0,0,0,0,0,0,1,0
CC=CC(=O)C1C(C)CCCC1(C)C,0,0,1,,0,0,0,0,0,0,0,0
C[C@@H]1CC[C@H]2C(C)(C)[C@H]3C[C@@]12CC1OC(C)(C)OC13C,1,0,0,0,0,0,1,1,1,0,0,0
CO[C@@]1(C)CC[C@@]23C[C@@H]1C(C)(C)[C@@H]2CC[C@H]3C,1,0,0,0,,1,0,1,1,0,0,0
O=C1O[C@H]([C@H](O)CO)C([O-])=C1O.[Na+],0,0,0,0,0,0,0,0,0,0,1,0
CCCCCC(=O)OC1CC(C)CCC1C(C)C,0,1,0,,1,1,0,1,0,0,0,
CC(C)CCCOC(=O)CC(C)C,0,0,0,,1,1,0,0,0,0,0,0
CSc1cnc(C)cn1,,,0,,1,,1,,0,1,0,0
CCOC(=O)CCC(C)C,0,0,0,,0,0,0,0,0,0,0,0
CCCCCCC1COC(=O)CO1,,1,0,0,0,0,1,0,0,,0,0
O=S(=O)([O-])[O-].[Hg+2],0,0,0,0,0,0,0,0,0,0,1,0
C=CCCC(=O)C1=CCCC2(CCCC2)C1,0,0,0,1,,1,0,,1,0,0,0
CCC(=O)c1ccc[nH]1,0,,0,,0,,,0,0,1,0,0
CCCCCCCCC#CC(=O)OCC,0,,,0,0,1,0,,0,0,0,0
Cl.N[C@@H](Cc1cnc[nH]1)C(=O)O.O,0,0,0,0,0,0,0,0,0,0,1,0
CC1=CC(=O)CC(C)(C)C1/C=C/C(C)O,0,0,0,0,0,0,0,0,0,0,0,1
CCCCC(/C=C/C(=O)O)CC,,0,0,0,0,0,0,0,0,0,0,0
CC(=O)OC[C@H]1CCC=C(CCC=C(C)C)C1,0,1,1,1,0,1,0,0,0,0,0,
CCCCOCCOC(C)=O,0,,0,,,0,0,0,0,0,,
CCCCC/C=C\C=C/C=O,0,0,0,0,,1,0,0,0,0,0,0
NC(CC(=O)O)C(=O)O,0,0,0,0,0,0,0,0,0,0,1,0
CC(C)=CCC/C(C)=C/CCC=O,0,0,1,1,1,0,0,0,0,0,0,0
CC(O)C(=O)[O-].[Na+],0,0,0,0,0,0,0,0,0,0,1,0
CCCCCCCCCCCCCCCC=CC=O,,0,0,0,0,0,0,0,0,0,0,0
CCCCCCC[C@H]1CCC(=O)O1,,,0,,,0,0,0,0,0,,0
C=C/C(C)=C/CC=C(C)C,0,,,,0,,0,,0,0,0,
CCCCC/C=C/C(=O)OC,,,,1,0,1,0,,0,,0,0
CC(=O)CC(C)S,,0,0,,1,,0,0,0,,0,0
COc1ccc2c(c1)c(CC(=O)O)c(C)n2C(=O)c1ccc(Cl)cc1,0,0,0,0,0,0,0,0,0,0,1,0
CCC/C=C/COC(=O)Cc1ccccc1,0,1,0,0,0,1,0,,0,0,0,
Cc1c(C)c([N+](=O)[O-])c(C(C)(C)C)c([N+](=O)[O-])c1C,1,,0,0,0,0,0,0,0,0,0,0
CC(=O)c1cncc(C)n1,0,1,0,,0,0,,0,0,1,0,0
CC(C(=O)O)c1ccccc1,0,,1,0,0,,0,,,0,0,0
CC1CCC(C(C)C)C(OC(=O)Cc2ccccc2)C1,0,1,0,0,0,1,0,0,1,0,0,
CCOC=O,0,,,,,,0,,0,,0,
CCCCCCC1=CCCC(=O)O1,,1,1,1,0,0,1,0,0,0,0,0
CC(=O)OCCOc1ccccc1,0,,1,,0,,0,0,0,0,0,0
CC(C)O,0,,0,,,0,0,,0,,0,0
CC1COC(C)(C(C)O)O1,,1,0,,0,0,0,0,0,,0,0
CC(=O)C1=C(C)C2CC3(C1)C(C)CCC3C2(C)C,1,0,0,0,0,0,0,1,,0,0,0
CC(C=O)c1ccc2ccccc2c1,0,0,0,0,0,0,0,0,0,0,1,0
CC1=CCC(C)C(C)C12C=CC(C)O2,0,0,0,1,,,0,0,0,0,0,0
Cc1ccc2ccccc2n1,0,,0,0,,1,0,0,0,0,0,0
CCCc1nc(CC)c(CC)s1,0,0,0,,0,1,0,0,0,0,0,0
CCCC(=O)OCCCC(C)C,0,0,0,,0,0,0,0,0,0,0,0
O=C(O)/C=C(\CC(=O)O)C(=O)O,0,,0,,,0,,,0,,,0
CCCCCC(=O)OC(C)c1ccccc1,0,0,1,,0,0,0,0,0,0,0,0
CC(C)C(C)CCCCCCCCC=O,0,0,1,0,1,0,0,0,0,0,0,0
CCOCC(=O)OCc1ccccc1,0,0,1,,0,0,0,0,0,0,0,0
OCc1ccc(O)cc1,0,1,0,,,,1,0,0,0,0,
COCOC,0,,0,,,0,0,,0,0,0,
SC(S)CCSCCC(S)S,0,0,0,,1,1,0,0,0,0,0,1
CC(C)CCOC(=O)C(O)C(O)C(=O)OCCC(C)C,0,,0,1,0,0,0,,0,,0,0
CCOC(=O)C(C)c1ccccc1,0,,1,,0,,0,0,,0,0,0
CCCCCCCCCCCCCCCCCC(=O)OCCCCC,0,0,0,0,0,0,0,0,0,0,1,0
CCCC(=O)C(O)CCC,0,1,0,0,,0,1,0,0,,0,0
CC=CC(=O)OC(C)C1CCCCC1,0,,0,1,0,0,0,,0,,0,0
CCc1ccccc1C=O,0,1,,0,,,1,0,0,0,0,
CC(C)=C(C)C(=O)OCc1ccccc1,0,0,0,,,1,0,0,0,0,0,1
CCCC(=O)OCC(C)C,0,,0,1,,0,0,,0,0,0,
C[C@@H](O)CCc1ccccc1,0,1,1,0,0,1,,,0,0,0,
CC(=O)CCC=C(C)CCC=C(C)CCC=C(C)C,0,,1,1,0,0,0,,0,0,0,0
CC(=O)OC1CCCCC1C,0,0,1,1,1,1,0,0,0,0,0,0
CCCCC(=O)OCc1ccc(OC)cc1,,,0,1,0,0,0,0,0,0,0,0
CCSCc1ccco1,0,1,0,,1,1,0,0,0,1,0,1
CC/C=C\CCOC(=O)C(C)=O,,,,,0,1,0,0,0,,0,
CCCCCCCCC(O)C(=O)OCC,0,0,0,,0,0,0,0,0,0,0,0
CC/C=C(\C)C(=O)OCC,0,1,0,1,0,0,0,,0,,0,1
Cc1cccc2nccnc12,0,,0,,1,0,1,,0,1,0,0
C=CC1=C(C=O)CCCC1,0,0,0,,0,1,0,0,0,0,0,0
CCC(C(=O)OC)c1ccccc1,0,1,1,,0,0,0,0,0,0,0,0
CCCCCC#CC(=O)OC,,0,1,1,0,1,0,,0,0,0,0
CCOc1ccc(C)cc1OC,0,1,0,0,0,0,0,1,1,0,0,1
CCCCCCCCCCCCOCCO,0,0,0,0,0,0,0,0,0,0,1,0
CC(C)CC(O)c1ccccc1,0,0,1,0,0,0,0,1,0,0,0,0
CCCCCCCCCOC(=O)CCCCCC,0,,1,1,0,1,0,,0,,0,0
CC1=CC(C)(C)CCC1=O,0,0,0,0,1,1,0,0,0,0,0,
CCCC(CCOC(C)=O)SC(C)=O,,1,0,1,1,,0,0,0,0,0,
CC/C=C\CCC1CCC(=O)O1,0,1,,,0,,,0,0,,0,0
CCCOC(C(=O)O)c1ccccc1,0,0,0,0,0,0,0,0,1,0,0,0
CC(C)C(C)O,0,,0,,,0,0,,0,0,0,
CC(=O)O.CC(=O)O.CC(O)CO,0,0,0,,0,0,0,0,0,0,0,0
COc1cc(C2OCC(COC3CC(C)CCC3C(C)C)O2)ccc1O,0,1,0,0,0,1,0,0,0,0,0,
CCC(C)(C)c1ccc(OCC=O)cc1,0,0,0,,0,1,0,0,0,0,0,0
C1CCCCC1.NS(=O)(=O)O,0,0,0,0,0,0,0,0,0,0,1,0
[Br-].[K+],0,0,0,0,0,0,0,0,0,0,1,0
CCCC(=O)OCC(C)O,0,0,0,,,0,0,0,0,0,0,0
CC(=O)c1c(C)c([N+](=O)[O-])c(C(C)(C)C)c([N+](=O)[O-])c1C,,,,0,0,0,0,,,0,0,0
COc1ccc2ccc(=O)oc2c1CC=C(C)C,0,0,0,0,1,1,0,,0,0,0,0
CCCCCCCCCOC(=O)CCCCCCCC,0,0,,1,1,0,0,0,0,0,0,0
CC(=O)CSCc1ccco1,0,1,0,,,0,0,0,0,,0,0
CCC=O,,,,,,,,,0,,,
CC1(C)CCCC2(C)C1CCC1(C)OCCC12,1,,0,0,0,0,0,1,1,0,0,0
Cc1c([N+](=O)[O-])cc2c(c1[N+](=O)[O-])C(C)(C)CC2(C)C,1,,,0,0,0,0,0,1,0,0,0
CCOC(=O)OCC,0,0,0,0,,1,0,0,0,0,0,0
NC(=S)Nc1cccc2ccccc12,0,0,0,0,0,0,0,0,0,0,1,0
Cc1cc(SSCCC(C)C)c(C)o1,1,0,0,0,1,0,0,0,0,0,0,0
CC1=C2CCC(C)C=C2OC1=O,0,1,0,,0,,1,0,0,0,0,
CSS(C)(=O)=O,0,0,0,,1,0,0,0,0,1,0,0
CC(C)(O)CCc1ccccc1,0,,1,0,0,,0,,0,0,0,
C=C1CCCC(C)(C)C1CCC(C)=CCCC1C(C)(O)CCC2C(C)(C)CCCC21C,1,0,0,0,0,0,0,1,1,0,0,0
CCCCCCCCCCCCCCOC(C)=O,,0,0,0,0,0,0,0,0,0,0,0
CCCCCC1=CCCC1=O,,0,1,,0,,0,,0,0,0,0
C=C[C@]1(C)CC[C@H](C(C)(C)O)O1,0,,1,0,,0,0,,0,0,0,0
CCCCCC(C)S,,0,0,1,1,0,0,0,0,,0,0
CC1CCC(C(C)(C)O)CC1,0,,1,,0,,0,,,0,0,0
CC.OO,0,0,0,,,0,0,0,0,0,0,0
CCCCCCCC1CCC(=O)CC1,0,0,0,0,1,1,0,1,0,0,0,0
CCCCCCCCCCC1CCC(=O)O1,,0,0,,0,0,0,0,0,0,0,0
CCCCOC(=O)C(O)C(O)C(=O)[O-],0,0,0,0,0,0,0,0,0,0,1,0
CCCCC/C=C/C=C/CO,,,0,,0,0,0,0,0,,0,0
CCOC(=O)NC(=S)Nc1ccccc1NC(=S)NC(=O)OCC,0,0,0,0,0,0,0,0,0,0,1,0
C=CCSSSSSCC=C,0,0,0,,1,1,0,0,0,1,0,1
CC(C)CCCCCCCCCCC=O,,,0,,,0,0,0,0,,0,
CCCCOC(=O)CCC,0,,,,0,,0,0,0,0,0,0
CSCCC(N)C(=O)O,0,0,0,0,1,0,0,0,0,0,0,0
CCCCCCCCCCOS(C)=O,0,0,0,,0,1,0,0,0,0,0,0
CCCCCCCC1CCOC1=O,1,0,0,1,0,0,0,0,0,0,0,0
CCCCC1C(=O)N(c2ccccc2)N(c2ccccc2)C1=O,0,0,0,0,0,0,0,0,0,0,1,0
O=C1CCCCCCC/C=C\CCCCCCO1,1,,0,,0,0,0,0,,0,0,0
Cc1cnc(CC(C)C)c(C)n1,1,1,0,0,0,1,1,0,0,0,0,
SCCS,,0,0,,1,,0,0,0,,0,
CCCc1ccco1,0,1,0,,1,1,0,0,0,,0,0
CN(C)[C@@H]1C(=O)C(C(N)=O)=C(O)[C@@]2(O)C(=O)C3=C(O)c4c(O)ccc(Cl)c4[C@@H](O)[C@H]3C[C@@H]12,0,0,0,0,0,0,0,0,0,0,1,0
CCC(=O)c1ccccc1,0,,1,,0,,0,0,0,0,0,
O=C(c1ccccc1)c1ccccc1,,,1,,,,0,0,,0,0,0
O=[N+]([O-])c1c(Cl)c(Cl)cc(Cl)c1Cl,0,0,0,0,0,0,0,0,0,0,1,0
CC(=O)/C=C/CCC(C)C,,,,,,,,,0,,0,0
C=C(C)CCCCC(C)O,,0,0,,0,1,0,0,0,0,0,0
CCC1OCC2(CC=CCC2)CO1,0,1,1,,0,1,1,0,0,0,0,0
C1=C\C2COCC2CCCCCCCC/1,1,0,0,0,,0,0,1,0,0,0,0
CCOC(=O)[C@@H](C)CC,0,0,0,1,0,,0,0,0,0,0,0
CC1=C(O)C(=O)C(C)O1,,,0,,,0,0,0,0,,0,0
CC(=O)C1CC=C(C)CC1,0,0,0,0,0,0,0,0,0,0,0,1
C=CC(C)C1C=CCCC1.CO,0,0,1,1,0,0,0,1,0,0,0,0
CCCCCCCCCCC(=O)OCCC,0,0,,1,0,0,0,,0,0,0,0
CCC(C)C(=O)OCc1ccccc1,0,,,,0,0,0,0,0,0,0,0
OC(Cc1ccccc1)OCc1ccccc1,0,0,0,0,0,1,0,1,0,0,0,0
CCc1ccc(OC(C)=O)cc1,0,0,1,0,0,,0,0,0,0,0,1
O.O.O=C([O-])CN(CCN(CC(=O)[O-])CC(=O)O)CC(=O)O.[Na+].[Na+],0,0,0,0,0,0,0,0,0,0,1,0
CCCCCC1(C)OC1C(=O)OCC,0,1,,1,0,0,0,,0,0,0,0
CCOC(CC(C)C)OCCC(C)C,0,1,0,1,,1,0,,0,,0,0
CCOC(=O)CCc1ccco1,0,,,,,,0,,,,0,
CC(C)(C)CC(C)(S)CC(C)(C)C,,0,0,0,1,0,0,0,0,0,0,0
CC1=CC(=O)CC(C)(C)C1(O)/C=C/C(C)O,0,0,1,,0,0,0,1,0,0,0,0
CC(=O)OC1CC2CC1C1CC=CC21,0,0,,,0,1,0,,,0,0,0
CCCCCC1=CCCCC1=O,0,,1,1,0,1,,0,0,0,0,0
SC1CCCCC1,,0,0,,1,,0,0,0,,0,
C=CCCCCOC(C)=O,0,1,0,,1,1,0,0,0,0,0,0
CC/C(CC(C)CC)=N/O,0,0,0,0,1,1,0,0,0,0,0,0
CCCCCCOC(=O)CC,,,,,1,,0,,0,0,0,0
CC(=O)SC(C)(C)[C@@H]1CC[C@@H](C)CC1=O,0,0,0,0,0,1,0,0,0,0,0,0
CCCc1cccs1,,0,0,0,1,0,0,0,0,0,0,0
CCCCSSCC,0,0,0,,1,1,0,0,0,,0,1
CCCCCC(=O)OCCCC,0,,,,,,0,,0,,0,0
OCCc1cccc2ccccc12,0,0,0,0,1,1,0,1,0,0,0,0
CCOC(=O)CCC(O)C(=O)OCC,0,1,0,0,0,0,0,0,0,,0,0
Cl[Ni]Cl,0,0,0,0,0,0,0,0,0,0,1,0
CCC(C)SC(=O)C=C(C)C,0,0,0,,,1,0,0,0,0,0,
CC12CCCC(O)(C1)C1CC(C)(C)C1CC2,0,0,0,0,,0,0,1,0,0,0,1
CC/C=C\C/C=C\C/C=C\CCCCCCCC(=O)OCC,,0,0,0,0,0,0,0,0,0,0,0
CCOC(=O)C1OC1(C)c1ccc(OC)cc1,0,0,0,,0,1,0,0,0,0,0,1
CCCOC(=O)c1ccccc1O,0,,1,,0,1,0,0,0,0,0,0
CC1=CC[C@@]2(O1)C(C)=CC(=O)CC2(C)C,0,0,0,0,1,1,0,1,0,0,0,0
CC(C)C(=O)OC(=O)C(C)C,0,0,0,0,0,0,0,0,0,0,1,0
CCC/C=C/C=C/CO,,,0,,0,0,0,0,0,,0,0
CC1=C(CO)C(C)(C)CCC1,0,0,1,0,0,1,0,0,0,0,0,
CCCC[C@@H](CC)CCC(=O)O,,,0,0,,0,0,0,0,,0,0
CCOC(=O)C/C(=C/C(=O)O)C(=O)O,0,1,,1,0,0,0,,0,,0,1
CCCCCCC(O)C/C=C/CCCCCCCC(=O)OCC(COC(=O)CCCCCCC/C=C/CC(O)CCCCCC)OC(=O)CCCCCCC/C=C/CC(O)CCCCCC,0,0,0,0,0,0,0,0,0,0,1,0
CCCCCC(O)CC(=O)OCC,0,,,1,0,,0,,0,0,0,0
N[C@@H](CCC(=O)[O-])C(=O)[O-].[Ca+2],0,0,0,0,0,0,0,0,0,0,1,0
CCCCCCCCCCCCOS(=O)(=O)[O-].[Na+],0,0,0,0,0,0,0,0,0,0,1,0
O=C1CC2OCC=C3CN4CCC56c7ccccc7N1C5C2C3CC46,0,0,0,0,0,0,0,0,0,0,1,0
C=C(C)C(CC=C(C)C)COC(=O)C(C)CC,0,,0,,0,1,0,0,0,0,0,0
CC1=CC(=O)C(C(C)C)CC1,0,,0,,,1,,0,0,0,0,
CCCCCC[C@@H]1CCC(=O)O1,,1,0,1,0,0,1,0,0,,0,0
[K+].[O-][I+2]([O-])[O-],0,0,0,0,0,0,0,0,0,0,1,0
CCCOc1ccc(N)cc1[N+](=O)[O-],0,0,0,0,1,0,0,0,0,0,0,0
O=C(O)O,0,0,0,0,0,0,0,0,0,0,1,0
C/C=C(\C)C(=O)Oc1ccc(C)cc1,0,1,0,0,0,1,0,0,0,,0,0
CS(C)=O,,,0,,1,1,0,,0,,0,1
CCCCC(C)C(C)(C)O,0,0,1,0,0,1,0,0,0,0,0,0
COc1ccc(COC(=O)Cc2ccccc2)cc1,0,,,,0,,0,,,0,0,
C=C(C)C1CCC(C)C(C(=O)OC)C1,0,0,1,0,0,1,0,0,0,0,0,
CSCc1ccccc1,,0,0,,,0,0,0,0,,,
C/C=C/C(=O)OCCC(C)C,0,1,1,1,0,1,0,,0,0,0,1
CCCCCCC=CC#N,,0,0,0,0,0,0,0,0,0,0,0
C=Cc1ccc(OC)c(OC)c1,0,,,,,,,,,0,0,
Cc1ccccn1,,,0,0,,0,,,0,,0,
CCCCCCOC(=O)C(C)O,0,1,1,,0,,0,0,0,0,0,0
CC=C(C)C(=O)OCCC(C)CCC=C(C)C,0,0,1,,0,0,0,0,0,0,0,0
CC(=O)c1cc(C(C)(C)C)cc2c1CCC2(C)C,1,,0,0,0,0,0,,,0,0,0
CC(=O)SC(C)(C)C1CCC(C)CC1=O,0,0,0,0,0,1,0,0,0,0,0,
CC/C=C\CCOC(=O)c1ccccc1N,0,1,,1,,,0,0,0,0,0,0
CC1C=Cc2nccnc21,0,0,0,0,0,0,0,0,0,1,0,0
CC(C)(C)C(=O)OCCc1ccccc1,0,,1,,0,,0,0,0,0,0,
O=CCc1ccccc1,,,,,,,,,0,,0,0
COCCOc1ccc(C)cc1,1,0,1,1,1,1,0,1,0,0,0,
C=Cc1ncc(C)nc1C,0,0,0,0,,0,0,1,0,0,0,0
CCC(C)C(=O)OC/C=C(\C)CCC=C(C)C,0,,1,1,0,0,0,0,0,0,0,0
c1ccc(CSSCc2ccccc2)cc1,0,1,0,0,,,0,,,,0,0
CCC(C)(C)O,0,0,0,,1,,0,0,0,0,0,
CC(C)C(=O)OCc1ccccc1,0,,1,,0,,0,,0,0,0,0
CCC/C=C\CCO,,0,,,,1,0,,0,0,0,0
OCC1COC(Cc2ccccc2)O1,0,,1,,0,,0,,0,0,0,
CC(C)C[C@H](N)C(=O)O,0,0,0,0,0,0,0,0,0,0,1,0
O=CC=CC1CC=CCC1,0,,1,0,0,1,0,0,0,0,0,0
CC1CCC(C(C)C)C(OC(=O)C2CCC(=O)N2)C1,0,0,0,0,0,,0,0,0,0,0,
COC(=O)/C=C/c1ccccc1,0,,0,,0,0,0,0,,0,0,
O=C1CCC2=C(CCCC2)O1,0,1,0,,0,,1,0,0,0,0,0
O=C(OCC(COC(=O)c1ccccc1)OC(=O)c1ccccc1)c1ccccc1,0,0,0,0,1,1,0,0,1,0,0,0
CC1CC(C)(c2ccccc2)CO1,0,0,,,0,1,0,,0,0,0,
CC1(C)C2CCC1(C)C(OC(=O)c1ccccc1)C2,0,0,0,0,0,,0,1,1,0,0,0
OC[C@@H](O)[C@@H](O[C@H]1O[C@H](CO)[C@@H](O)[C@H](O)[C@H]1O)[C@H](O)[C@@H](O)CO,0,0,0,0,0,0,0,0,0,0,0,0
SCCN1CCSC1,0,,0,,0,0,1,0,0,,0,0
CC(C)CCOC(=O)C(=O)OCCC(C)C,0,0,0,0,0,0,0,0,0,0,1,0
Cl.Cl.NC(CSSC[C@H](N)C(=O)O)C(=O)O,0,0,0,0,0,0,0,0,0,0,1,0
CCCCCCOC(=O)CCCCC,0,,,,0,,0,0,0,0,0,0
CCCCCCOC(=O)c1ccccc1O,0,,1,,0,1,0,0,,0,0,
CC/C=C/COC(=O)CCCCC,0,,0,1,0,1,0,0,0,0,0,0
C/C=C(/O)C(C)=O,,1,0,0,0,0,0,0,0,,0,0
CCCCCCOC(=O)CCCCCC,,,0,,,1,0,,0,,0,0
CCCCCC(=O)OCC(C)OC(=O)CCCCC,0,0,0,,0,,0,0,0,0,0,0
C/C=C/SSCCC,0,0,0,0,1,0,,0,0,1,0,0
CCC(=O)Oc1ccccc1OC,0,1,0,,0,0,1,0,0,0,0,0
CCC(S)C(C)C=O,,,0,,1,1,0,0,0,1,0,1
[Ca+2].[Cl-].[Cl-],0,0,0,0,0,0,0,0,0,0,1,0
O=[Mg],0,0,0,0,0,0,0,0,0,0,1,0
CC1CCC(C(C)C)C(OC(=O)CCC(=O)O)C1,0,0,0,0,0,0,0,0,0,0,1,0
COc1cccc(O)c1,0,,0,,1,0,,0,0,0,0,
N.O=C([O-])CC(O)(CC(=O)[O-])C(=O)[O-].[Fe+3],0,0,0,0,0,0,0,0,0,0,1,0
CCCCCCCCCCCC(=O)OCCOCC(OCCO)C1OCC(OCCO)C1OCCO,0,0,0,,0,0,0,0,0,0,0,0
C=C(C)C1CCC(C)CC1OC=O,,0,,0,0,1,0,,0,0,0,
CC(=O)c1cccn1C,0,,,0,,0,,,0,0,0,0
C/C=C/C(=O)C1=C(C)C=CCC1(C)C,0,,,,,,,,,0,0,0
NS(=O)(=O)[O-].[NH4+],0,0,0,0,0,0,0,0,0,0,1,0
Cc1occc1SSSSc1ccoc1C,,0,0,0,,0,0,0,0,,0,0
CC(=O)OCC=C(C)CCC=C(C)CCC=C(C)C,0,0,1,,,1,0,0,0,0,0,0
Clc1cccc(-c2cc(Cl)cc(Cl)c2)c1,0,0,0,0,0,0,0,0,0,0,1,0
CC1=CCCC(C)(C)C1C/C=C(\C)C=O,0,1,1,0,0,1,1,0,0,0,0,0
CCCCCC=CCCC(OCC)OCC,0,0,0,1,,,0,0,0,0,0,0
C[C@@H]1O[C@@H](O[C@H]2[C@H](Oc3cc(O)c4c(c3)O[C@H](c3ccc(O)cc3)CC4=O)O[C@H](CO)[C@@H](O)[C@@H]2O)[C@H](O)[C@H](O)[C@H]1O,0,0,0,0,0,0,0,0,0,0,1,0
C[C@H](N)C(=O)O,0,,0,0,0,0,0,0,0,0,,0
Cc1[nH]n(C)c(=O)c1C(=O)c1ccc(C(F)(F)F)cc1S(C)(=O)=O,0,0,0,0,0,0,0,0,0,0,1,0
CCCC[C@H]1CCC(=O)O1,,1,0,1,0,0,1,0,0,0,0,0
CC(C)=CCCC(C)=CCOC(Cc1ccccc1)OCC=C(C)CCC=C(C)C,0,0,1,,0,1,0,,0,0,0,0
CC(=O)CCC=C(C)CCC=C(C)C,0,,1,,,,0,0,0,0,0,0
C=C(C)[C@@H]1CC[C@]2(C)O[C@@H]2C1,0,0,0,0,0,1,0,0,0,0,0,0
COc1cc(C(C)=O)cc(OC)c1O,0,,0,0,,0,0,0,,0,,
Cc1ccc(C(C)(C)C)c(O)c1,1,0,0,0,,0,0,,,0,0,0
CC(=CC(=O)c1ccccc1)c1ccccc1,0,1,0,0,0,0,0,0,0,,0,0
CC(C)CC(=O)SC(C)C,0,0,0,,1,1,0,,,0,0,0
COc1ccccc1CC1CC1,0,0,0,0,0,,0,0,0,0,0,1
Cc1ccc(O)c(C)c1,0,0,0,0,,0,0,,,,0,0
O=C1CCC=C1O,0,1,0,0,0,0,0,1,0,,0,0
CC(=O)C1CC/C(C)=C\CC/C(C)=C\C/C=C\1C,1,,0,0,0,,0,1,1,0,0,0
COc1cc(/C=C/C(=O)O)ccc1O,0,0,0,0,0,0,0,0,0,0,1,0
Cc1cc(SSc2cc(C)oc2C)c(C)o1,,0,0,0,0,0,0,0,0,,0,0
CCCc1ccccc1,0,0,0,0,0,0,0,0,0,0,1,0
Cc1cnc(C)cn1,,,0,,,,,,0,,,
CCCCCCCCOC(=O)CCCCC(=O)OCCCCCCCC,,0,0,0,0,,0,0,0,0,,
c1ccc(-c2ccccc2)cc1,0,,,,,,0,0,0,,0,
CCCCCC(=O)OCc1ccco1,,0,0,0,1,1,0,,0,0,0,0
C=C1CCC[C@]2(C)CC[C@@H](C(C)(C)O)C[C@@H]12,0,,0,0,0,,0,,0,0,0,0
C=C1C=C[C@H](C(C)C)CC1,0,0,0,1,0,1,0,0,0,0,0,1
CCCC(S)CCOC,0,0,0,,0,1,0,0,0,0,0,0
C[C@@H](O)c1ccccc1,0,,1,0,,1,0,1,0,0,0,0
CCOc1ccc(C)cc1,0,,,,,0,0,,0,0,0,0
C=CC(C)(CCC=C(C)C)OC(C)=O,0,,,,0,,0,,0,0,0,
CCCCCCCCC=CC=CC=O,,0,1,0,0,1,0,0,0,0,0,0
CCCCCCCCCCCCCCCC(=O)OCCC,0,0,0,0,0,0,0,0,0,0,1,0
CC(=O)/C=C/C=C(C)C,0,,0,,0,,,,0,0,0,1
CCOc1c([N+](=O)[O-])cc(C=O)cc1C(C)(C)C,1,0,0,0,0,0,0,0,0,0,0,0
O=C(O)CC([S-])C(=O)[O-].[Au+].[Na+],0,0,0,0,0,0,0,0,0,0,1,0
C=C(C)C(CO)C/C=C(/C)CCC=C(C)C,0,0,1,0,0,1,0,0,0,0,0,
O=C([O-])[C@H](O)[C@@H](O)[C@H](O[C@@H]1O[C@H](CO)[C@H](O)[C@H](O)[C@H]1O)[C@H](O)CO.O=C([O-])[C@H](O)[C@@H](O)[C@H](O[C@@H]1O[C@H](CO)[C@H](O)[C@H](O)[C@H]1O)[C@H](O)CO.[Ca+2],0,0,0,0,0,0,0,0,0,0,1,0
CCCC/C=C/CO,,0,0,0,1,1,0,0,0,0,0,0
CC(=O)C(C)(C)C,0,0,0,0,1,1,0,0,0,0,0,
COc1ccccc1S,,1,0,0,,0,0,,,,0,
CC(C)CC1OCC(C)O1,0,1,0,,,,0,,0,,0,
CCOC(=O)CC(C)O,0,1,0,,0,,0,0,0,0,0,0
CC(C)=CCC/C(C)=C/COC(=O)c1ccccc1N,0,,,,0,,0,0,0,0,0,0
CCOC(=O)C1CCC(C(=O)OCC)CC1,0,,1,1,,0,0,0,0,0,0,0
CCC(O)(CC(C)C)CC(C)C,0,0,0,,0,1,0,1,0,0,0,1
CCCCC(C)CCC(=O)O,1,,0,0,1,,0,,0,,0,0
O=[Si]([O-])[O-].[Mg+2],0,0,0,0,0,0,0,0,0,0,1,0
C=C[C@@](C)(O)CC/C=C(/C)CCC=C(C)C,0,0,1,0,0,,0,,0,0,0,0
COC=O,0,,,1,,,0,,0,0,0,
C/C1=C\C2C(CC/C(C)=C/CC1)C2(C)C,0,0,0,0,0,1,0,1,0,0,0,0
O=[Cr](=O)([O-])[O-].[Ba+2],0,0,0,0,0,0,0,0,0,0,1,0
CCC[C@H](C)OC(=O)CC(C)C,0,,0,1,,0,0,,0,,0,0
CCC(C)c1ccc(OC(C)=O)cc1,0,0,0,0,0,,0,0,0,0,0,1
C[As](C)(=O)[O-].[Na+],0,0,0,0,0,0,0,0,0,0,1,0
CCC(S)C(C)=O,,0,0,,1,0,,0,0,,0,
C=CCc1ccc(OCCCCC)c(OC)c1,0,0,1,0,0,1,0,0,0,0,0,1
CCCCCC(=O)OCCc1scnc1C,,0,0,0,0,0,1,0,0,1,0,0
C/C1=C\CC/C(C)=C/CC(C)(C)/C=C/C1,0,0,0,0,0,0,0,,,0,0,
CC(=O)OCc1ccc(C)cc1C,0,1,1,,0,1,0,0,0,0,0,0
CCCCCC(=O)SC,0,0,1,1,1,1,0,0,0,0,0,0
CCCCCCCCCCCCCCCC(=O)OCC,,,0,,0,0,0,0,,0,0,0
C=C(C)C(=O)OCC(C)C,0,0,1,0,1,1,0,0,0,0,0,1
CCC(C)(CCCC(C)C)OC(C)=O,0,0,,,0,1,0,,0,0,0,
CC1=CC=C2C(C)(C)CCCC2(C)O1,0,,1,1,0,0,0,1,0,0,0,0
COC(OC)C(C)(C)CC=C(C)C,0,0,,1,0,1,0,,0,0,0,0
CCCCOC(=O)CC(C)C,0,,0,,,,0,0,0,0,0,0
CCCCC=CC=CCO,,0,0,1,1,1,0,0,0,,0,0
C=CCCC(=O)C1CCCC(C)(C)C1,0,0,0,1,,1,0,,,0,0,0
C=C(C)C1CC=C(C)C(C(=O)OCC)C1,0,0,0,,0,1,0,0,0,0,0,
CCOC(C)OC(C)(C)CCCC(C)CC=O,0,0,1,0,,0,0,0,1,0,0,0
CCOC(=O)CCCCSC,0,0,0,,1,,0,0,0,0,0,0
CCCOC(=O)C(C)S,,,0,1,0,0,0,0,0,,0,0
CC(C)=CCC/C(C)=C/COC/C=C(\C)CCC=C(C)C,0,0,,0,0,0,0,0,1,0,0,0
CCCC(S)CC=O,0,0,0,,1,,0,0,0,0,0,0
C=CCC(O)C=CCCCCC,0,0,0,1,,1,0,1,0,0,0,0
CC/C=C\CCC1(C)CCC(=O)O1,1,1,1,1,1,1,1,0,0,1,0,0
CC1(C)O[C@]2(C)CC[C@H]1C[C@@H]2O,0,0,0,0,0,1,0,0,0,0,0,
CC1=CC(OC=O)CC(C)C2CC(=C(C)C)CC12,0,0,0,0,0,1,0,1,0,0,0,0
CCC1SC(CC(C)C)=NC1C,,0,0,0,0,0,1,0,0,1,0,0
[Ar],0,0,0,0,0,0,0,0,0,0,1,0
CCC(C)CCC(C)(CC)OC(C)=O,0,1,1,,0,0,0,0,0,0,0,0
CC(C)=CCCC1=CCC(C=O)CC1,,0,,1,,0,0,0,0,0,0,0
CCCC(O)SCC,,0,0,0,1,0,1,0,0,1,0,0
c1ccc(Oc2ccccc2)cc1,0,,1,0,,1,0,0,0,0,0,0
CCC1CCC(=O)O1,0,1,0,,0,,,0,0,0,0,0
C/C=C(\C)C(=O)OC,0,1,0,0,,0,0,,0,0,0,1
CCOC(=O)C(C)(C)Cc1ccccc1,0,0,1,,0,0,0,0,0,0,0,0
O=CC=O,0,,0,0,1,0,0,0,0,,0,0
CC(=O)OC1=CCC2C3CCC(C3)C12,0,1,0,0,0,1,0,1,1,0,0,1
CC(O)CC(=O)OC1CC(C)CCC1C(C)C,0,0,0,0,0,1,0,0,0,0,0,
CC1OC(C)C(C)O1,0,0,,1,,1,0,,0,0,0,0
CCCCC/C=C/CCC(=O)OCC,,,0,1,0,1,0,,0,,0,0
C=COC(=O)CC(CC)CCCC,0,0,0,0,1,1,0,0,1,0,0,0
CC[N+](CC)(CC)CCOc1cccc(OCC[N+](CC)(CC)CC)c1OCC[N+](CC)(CC)CC.[I-],0,0,0,0,0,0,0,0,0,0,1,0
CC(C)=CC/C=C(/C)C1CC=C(C)CC1,0,,0,,0,0,,0,0,0,,0
ON=Cc1ccc(Cc2ccccc2)o1,0,0,0,0,0,0,0,0,0,0,1,0
C/C=C/C=C\CC/C=C/C(=O)NCC(C)C,0,,0,,0,0,0,0,0,0,0,0
CC/C=C\C=C\C(C)=O,,0,0,,0,1,0,0,0,0,0,0
O=C1CCCCCCCCCCCC(=O)OCCO1,1,,,0,,0,0,,,0,0,
CC1=CCC(C/C=C(\C)C(C)O)C1(C)C,0,0,0,0,0,,0,1,0,0,0,1
CCCC[C@H](O)CO,0,0,0,0,0,0,0,0,0,0,1,0
c1cnc(CC2CCCCC2)cn1,0,,0,0,1,,,,0,0,0,0
CCCCCCCCC(=O)CC,0,0,0,,1,0,0,0,0,0,0,0
CCc1c(C(=O)O)c(=O)cnn1-c1ccc(Cl)cc1,0,0,0,0,0,0,0,0,0,0,1,0
CCC([O-])=C1C(=O)CC(C(=O)[O-])CC1=O.[Ca+2],0,0,0,0,0,0,0,0,0,0,1,0
Oc1ccccc1Cl,0,0,0,,,0,,0,0,0,0,
CC(=O)Cc1ccc2ccccc2n1,0,0,0,0,0,0,0,0,0,0,1,0
CCCCCC1C(=O)CCC1C,0,,1,,0,,,0,0,0,0,
CCCCCCCCCCCCCCCCCC(=O)O,,0,0,0,0,0,0,0,0,,,0
COC(=O)C=C1CCCC1,,,1,,0,1,0,,0,0,0,0
CC(=O)C=CC1=C(C)CCCC1(C)C,0,1,1,0,0,0,0,1,0,0,0,0
CCCCCCCCCC=COC=O,0,1,0,,0,0,0,0,0,0,0,0
CCCCOC(=O)CC(O)(C(=O)OCCCC)C(C(C)=O)C(=O)OCCCC,0,0,,1,0,1,0,,0,0,0,0
CC1CCC(C)CC1,0,0,0,0,1,0,0,0,0,0,0,0
CCc1c[nH]c2ccccc12,1,0,1,0,,0,0,0,,0,0,0
O=COCCOc1ccccc1,0,1,,0,0,0,0,1,1,0,0,1
CC1CCC(C(C)(C)S)C(=O)C1,,,,,1,,0,0,0,0,0,
CCCCCCCCCCC1OCC(C)O1,,,1,,0,,0,0,0,0,0,0
Cc1ccco1,0,1,0,,1,0,,0,0,,0,0
CC(C)c1cc2ccccc2[nH]1,0,0,0,0,0,0,0,0,0,0,1,0
SCCc1ccccc1,0,0,0,,1,,0,0,0,,0,0
CC/C=C/CC(=O)OCC,0,,0,1,,1,0,0,0,0,0,0
C=CCc1ccc(OCC=Cc2ccccc2)c(OC)c1,0,0,0,0,0,0,0,0,1,0,0,1
CNCCS(=O)(=O)[O-].[Na+],0,0,0,0,0,0,0,0,0,0,1,0
CCCC(=O)OC(C)(C)C1CC=C(C)CC1,0,,,,,,0,0,,0,0,0
COc1nc(C)nc(NC(=O)NS(=O)(=O)c2ccccc2Cl)n1,0,0,0,0,0,0,0,0,0,0,1,0
C=C(C)CCC[C@H](C)CCO,,,,,,,0,,,0,,
CC[C@H](O)c1ccccc1,0,0,1,0,0,0,0,0,0,0,0,0
CCCCC=O,0,,0,,,,,,0,,0,0
CCC=CCC=CCC=CCCCCCCCC(=O)OC,,0,0,,0,0,0,0,0,0,0,0
C=C[C@@]1(C)CC[C@H]([C@@H](C)C=O)O1,0,0,1,0,0,0,0,0,0,0,0,0
O=c1[nH]cnc2c1ncn2[C@@H]1O[C@H](COP(=O)([O-])[O-])[C@@H](O)[C@H]1O.[Na+].[Na+],,0,0,0,0,0,0,0,0,,,0
CCCCC/C=C/C=O,,,0,,0,1,,0,0,0,0,
CCCCCCCCCC(=O)O,,,0,,1,0,0,0,0,,0,0
CCCCCCC=O,,,,,,,,,0,,0,0
CCCCCCCC(OC)OC,0,,,1,,1,0,,0,,0,0
O.O=P1(N(CCCl)CCCl)NCCCO1,0,0,0,0,0,0,0,0,0,0,1,0
CC[C@H](SC)C(=O)OC,0,0,0,1,1,1,0,0,0,0,0,0
CCC[C@@](C)(S)CCO,0,0,0,1,1,,0,0,0,0,0,0
CCC(=O)OC(C)C,0,,,,,0,0,,0,0,0,
CCCCC/C=C(\C)C=O,,0,0,,,1,0,0,0,0,0,0
C=C[C@@](C)(CCC=C(C)C)OC(C)=O,0,0,0,0,0,1,0,0,0,0,0,0
CCOC(=O)C1CCC(=O)O1,0,0,0,0,0,0,0,1,,1,0,0
C/C=C/c1ccccc1.C=CCc1ccc(O)c(OC)c1,0,1,0,0,0,0,0,,0,0,0,1
CC(C)CCCC(C)CCOC(=O)Cc1ccccc1,0,0,1,0,0,0,0,0,0,0,0,0
CCCCCCCC#CC(=O)OC,0,0,0,0,0,1,1,0,0,0,0,0
C=CC(O)CC,0,,,,1,,0,0,0,,0,
CCCC(C)COC(=O)C(C)CCC,,,1,1,0,0,0,0,0,0,0,0
CCCCC(=O)[O-].[NH4+],0,0,0,0,0,0,0,0,0,0,1,0
CCOC(=O)c1ccco1,0,0,1,,,0,0,0,,0,0,0
OCCOc1ccccc1,0,,1,0,,,0,0,,0,0,
CCCCC(CC)OC(C)=O,0,,1,,0,,0,0,0,0,0,0
CC(O)C(C)CC1C(C)CCCC1(C)C,,0,1,0,0,0,0,1,,0,0,0
C=CCOC(=O)CCCCCCCCCC,,1,0,1,0,0,1,0,0,0,0,0
CCC(OC(C)=O)c1ccc(OC(C)=O)cc1,0,0,0,0,1,0,0,0,0,0,0,1
CCCCCCCCCC(=O)OOCC,,1,0,1,0,0,0,0,0,0,0,0
C=CC(=C)c1ccccc1.CC(C)=O,0,0,1,0,0,1,0,0,0,0,0,0
CC/C=C/CCOC(C)OCC,0,0,0,,,1,0,0,0,0,0,
CC(=O)OCCCCCOC(C)=O,0,0,0,,0,0,0,0,0,0,0,0
CCCC1CCCC(=O)O1,,,0,1,0,,,0,0,,0,
CC(C)c1ccc(CCC=O)cc1,0,,1,,0,1,0,0,0,0,0,0
CC1(C)COC2(CCCCC2)OC1,1,1,0,0,,1,0,0,0,0,0,0
NCCCCCC(=O)O,0,0,0,0,0,0,0,0,0,0,1,0
O=C1O[C@H](CO)[C@@H](O)[C@H](O)[C@H]1O,0,0,0,0,0,0,0,0,0,0,1,0
CCC(O)CCc1ccccc1,0,0,1,0,0,1,0,1,1,0,0,1
OC1CCCC1,0,0,0,,,0,0,0,0,0,0,0
C=CC(CCCCC)OC(=O)C(C)C,0,0,0,1,0,0,0,,0,0,0,0
O=C1CCCO1,,,0,0,0,,,0,0,,0,
CCC(C)(C)C(=O)C(C)(C)C,0,0,0,0,1,1,0,0,0,0,0,0
CC(=O)OCC(O)c1ccccc1,0,0,0,,0,1,0,1,0,0,0,0
CCOC(C=Cc1ccccc1)OCC,0,,0,0,0,,0,0,0,0,0,1
Cl[Pt-2](Cl)(Cl)(Cl)(Cl)Cl.O.O.O.O.O.O.[H+].[H+],0,0,0,0,0,0,0,0,0,0,1,0
C=C1CC/C=C(\C)CC[C@@H]2[C@@H]1CC2(C)C,0,,0,,,0,0,,,0,0,1
Cc1cccc(CCCCCO)c1,0,0,1,0,0,1,0,0,0,0,0,0
O=S(=O)([O-])[O-].O=S(=O)([O-])[O-].[Al+3].[NH4+],0,0,0,0,0,0,0,0,0,0,1,0
CC(C)Cc1nccs1,0,0,,,,1,0,,0,0,0,
CCCC(CCCC(=O)OCC)OC(C)=O,,0,0,,0,0,0,0,0,0,0,0
C[C@H]1[C@H](c2ccccc2)OCCN1C,0,0,0,0,0,0,0,0,0,0,1,0
Cc1nc(C)c(C)o1,,,0,,,,1,0,0,1,0,
CC(CCCC(C)(C)O)CC(n1ccc2ccccc21)n1ccc2ccccc21,1,0,1,0,0,0,0,0,0,0,0,0
CCOC(=O)C=Cc1ccc(OC)cc1,0,0,0,0,0,,0,0,1,0,0,1
O=C(Cc1ccccc1)OC1CCCCC1,0,1,,,0,,0,0,0,0,0,
CN1CCN(c2ccc(CO)cc2)CC1,0,1,0,0,0,0,1,0,0,0,0,0
CC1SCCSS1,,0,0,0,0,0,0,0,0,,0,0
CC1=C(O)C(=O)C(C)S1,,,0,0,,0,0,0,0,1,0,0
CC(C)(C)c1ccc2c(c1)C(=O)CCC2,1,0,0,0,1,1,0,1,0,0,0,0
CC(C)c1ccc(C=CC=O)cc1,1,0,0,0,0,0,0,0,1,0,0,1
CC1=CCC(C(C)C)c2cc(C)ccc21,0,0,0,0,0,0,0,1,0,0,0,0
CCCC/C=C/COC(C)=O,,1,0,1,0,,0,0,0,0,0,0
CC(=O)OCCCCCCCCCCC(C)C,0,1,1,,0,0,0,0,0,0,0,0
CCCCCCCCCCCCCCCOC(C)=O,0,0,,1,,0,0,,0,0,0,0
C=CCCN=C=S,0,0,0,,1,1,0,0,0,0,0,
O.O.O=c1nc([O-])n(Cl)c(=O)n1Cl.[Na+],0,0,0,0,1,0,0,0,0,0,0,0
Cc1cnc(C)c(CCC(C)C)n1,0,0,0,,0,0,0,0,0,0,0,0
Cc1ccc2cccnc2c1,0,1,1,0,0,1,0,0,0,0,0,0
CCc1ccco1,0,,0,0,,,,,0,,0,0
CCCCCCCCCCCCCCCCOC(=O)C(C)O,,,0,0,0,0,0,0,0,,,0
CCCCCC1CC1C(=O)O,1,0,0,0,,0,0,0,0,0,0,0
CCCCCC(=O)OCC=C(C)C,0,0,0,,,1,0,,0,0,0,0
C=CCc1ccc(OC(=O)C=Cc2ccccc2)c(OC)c1,0,0,0,0,0,0,0,0,1,0,0,1
CC1(C)C/C=C\CC/C=C\CCC2OC21C,1,1,0,0,0,,0,1,1,0,0,0
CCOC(=O)CC(=O)c1ccccc1,,,,,,0,,,0,,,
C=C(CO)[C@@H]1CC[C@@H](C)[C@@H]2CCC(C)=C[C@@H]21,0,0,0,0,0,1,0,0,0,0,0,0
C=CCCC(=O)O,0,,0,,1,0,0,0,0,,0,0
O=[Si]([O-])[O-].O=[Si]([O-])[O-].[Fe+3].[Mg+2],0,0,0,0,0,0,0,0,0,0,1,0
CC(=O)/C=C/CC(C)C,0,0,0,,0,1,0,0,0,0,0,0
CC(C)=CCOC(=O)C(C)C,,,,1,0,,0,0,0,,0,
O=C([O-])CC([S-])C(=O)[O-].[Au+].[H+].[Na+],0,0,0,0,0,0,0,0,0,0,1,0
Cc1ccc(C=O)s1,0,,0,,,,,,0,,0,0
C=C(C)[C@@H]1C2OC(=O)C1[C@]1(O)CC3O[C@]34C(=O)O[C@H]2[C@]14C.CC(C)(O)[C@@H]1C2OC(=O)C1[C@]1(O)C[C@H]3O[C@]34C(=O)O[C@H]2[C@]14C,0,0,0,0,0,0,0,0,0,0,1,0
COC(/C=C(\C)CCC=C(C)C)OC,0,0,,1,,,0,,,0,0,0
CC1CCC(=O)OC1C,0,0,0,,0,,0,0,0,0,,
CCCCCOC(CCCC)OCCCCC,0,0,0,0,,1,0,0,0,0,0,1
COCCO,0,0,0,0,,0,0,1,0,0,0,0
C=C/C(C)=C/CC(O)C(=C)C,0,0,0,,1,1,0,,,0,0,0
C=Cc1cncc(CC)n1,0,1,0,1,0,0,0,0,0,1,0,0
CC1(C)[C@H]2CC[C@](C)(C2)[C@H]1O,0,0,0,,1,1,0,,0,0,0,0
CC(C)=CCOC(=O)c1ccccc1O,0,,1,0,,1,0,1,0,0,0,0
N.N.O=C(O)O,0,0,0,0,0,0,0,0,0,0,1,0
CC1CCC2C(C)(C)C3CC12CC1OC13C,,,0,0,0,,0,1,,0,0,0
Cc1ccccc1OC(=O)C(C)C,0,0,0,,,0,,0,0,0,0,
CCCCCCCCCCCCCCCC(=O)OCCCC,,0,0,0,0,0,0,0,0,0,0,0
NC(Cc1ccc(O)c(O)c1)C(=O)O,0,0,0,0,0,0,0,0,0,0,1,0
N#CCNC(=O)c1cnccc1C(F)(F)F,0,0,0,0,0,0,0,0,0,0,1,0
CCCCCCCCOC(=O)/C=C/c1ccccc1,0,,0,0,0,0,0,0,1,0,0,1
C=C1C2CCC(C2)C1(C)CCC=C(C)COC(=O)Cc1ccccc1,,1,1,0,0,,0,,0,0,0,0
CCOC(=O)[C@@H](N)CC(N)=O,0,0,0,0,0,0,0,0,0,0,1,0
CCCCC(OC)OC,0,,0,1,,1,0,,0,,0,0
CC1=C[C@@]2(O)O[C@@]3(CC2=C(C)C)[C@@H](C)CC[C@@H]13,,0,0,0,0,1,0,0,0,0,0,0
CCOC(C)OCCC(C)CCC=C(C)C,0,0,0,,0,1,0,0,0,0,0,0
CC(=O)/C(C)=C/CC1CC=C(C)C1(C)C,0,0,1,0,0,,0,1,0,0,0,0
OC[C@H]1O[C@H](O[C@H]2[C@H](O)[C@@H](O)[C@H](O)O[C@@H]2CO)[C@H](O)[C@@H](O)[C@@H]1O,0,1,0,,0,0,0,0,0,0,0,0
CCOC(=O)C(C)(C)CCc1ccccc1,0,0,0,,0,1,0,0,0,0,0,0
Cc1cc2c(c3c1C(=O)CC3C)C(C)(C)CC2(C)C,1,0,0,0,0,0,0,1,0,0,0,0
CC1=CCCC(C)(C)C1,0,0,0,1,0,1,0,,,0,0,0
CCCCCCCCC(=O)c1ccc(C)cc1,0,0,0,,0,0,0,0,0,0,0,0
OC1COC(O)C(O)C1O,0,0,0,0,0,0,0,0,0,0,1,0
CCCC(=O)OCCC(C)CCCC(C)C,0,0,1,,0,0,0,0,0,0,0,0
CC1CSSS1,,0,0,,1,1,0,0,0,1,0,1
CC(C)C1C=C2CCC3C(C)(CO)CCCC3(C)C2CC1,0,0,0,0,0,0,0,1,,0,0,0
CCCCCC/C=C\C#N,,0,1,0,0,1,0,1,0,0,0,0
O=C1OC([C@@H](O)CO)C(O)=C1[O-].O=C1OC([C@@H](O)CO)C(O)=C1[O-].[Ca+2],0,0,0,0,0,0,0,0,0,0,1,0
C[C@]12CC[C@H]3[C@@H](CCC4=CC(=O)CC[C@@]43C)[C@@H]1CC[C@H]2O,0,0,0,0,0,0,0,0,0,0,1,0
C/C=C(/C)C(=O)OCC(C)C,0,,,,0,1,0,,0,0,0,
CCCCCCCCCCCCCCCCCCCCCC,0,0,0,0,,0,0,0,0,0,,0
CCCC(CCOC(C)=O)C(C)CC,0,0,1,,0,0,0,0,0,0,0,0
COC.Oc1ccc(O)cc1,0,,0,0,0,1,,0,0,0,0,
CC(=O)OCC(C)Cc1ccccc1,0,,1,,0,,0,0,0,0,0,0
Cc1coc2c1CC[C@H](C)C2,,0,0,0,0,1,0,0,0,0,0,0
CCCCC(=O)OC/C=C/c1ccccc1,0,0,1,0,0,1,0,0,0,0,0,0
CC1=CC[C@H]2C(C)=CC[C@@H](C(C)C)[C@@H]2C1,0,0,0,,,,,,,0,0,
COC.Cc1ccccc1O,0,0,1,0,1,0,1,1,0,0,0,0
S=C=Nc1ccc(N=C=S)cc1,0,0,0,0,0,0,0,0,0,0,1,0
CCCCCCCCCCCCCCCCCCCCC,0,0,0,0,,0,0,0,0,0,,0
CCCCCCC/C=C\C=O,,0,0,,0,0,0,0,0,0,0,0
CC(C)OC(=O)c1ccccc1N,0,1,1,1,0,,0,0,0,0,0,0
CC1(C)[C@@H]2CC[C@@]1(C)[C@@H](OC=O)C2,0,0,0,0,1,1,0,0,0,0,0,0
CCOC(=O)C(CC)C(C)=O,0,,,1,,,0,,0,,0,0
CCCCCCCCOC(=O)c1ccccc1O,0,0,,0,0,0,0,0,,0,,0
CC(C)=CCCC(C)=CCOC(=O)C(C)C,0,0,1,,,0,0,0,0,0,0,0
CCOC(=O)CCC1(C)OCC(C)O1,0,1,0,0,0,0,0,0,0,,0,0
CCC(CC)C(=O)O,0,,0,,,0,,,0,,0,
CCCCCCCCCC=CC(=O)OCC,,0,0,1,0,1,0,0,0,0,0,0
CCCCOP(=O)(O)OCCCC,0,0,0,0,0,0,0,0,0,0,1,0
C=CCCCOC(C)=O,,0,0,,,,0,0,0,,0,0
CC(C)C1CCC(C)C23CCC(C)(O)C2C13,0,0,0,0,0,1,0,0,0,0,0,
OC(c1ccccc1)c1ccccc1,0,0,1,0,,,0,0,0,0,0,0
O=P(O)(O)F,0,0,0,0,0,0,0,0,0,0,1,0
CCOC(=O)[C@H](C)O,0,1,0,0,,0,0,0,0,0,0,0
CCC1=C(C)C(C)(C)C(C)CC1=O,0,1,0,,0,0,1,0,0,,0,1
C/C=C\c1ccc(OC)c(OC)c1,0,0,,0,0,0,0,,0,0,0,1
CCN(CC)C(=O)[C@@H]1C=C2c3cccc4[nH]cc(c34)C[C@H]2N(C)C1,0,0,0,0,0,0,0,0,0,0,1,0
CC(=O)CCCC(C)CCCC(C)C,,,,,,,0,,0,0,0,0
CCOC(=O)[C@@H]1[C@@H](C=C(C)C)C1(C)C,0,1,1,1,0,1,0,,0,0,0,1
CCCCOC(Cc1ccccc1)OCCCC,0,0,1,0,0,1,0,0,0,0,0,0
Cc1nccnc1SCc1ccco1,,1,0,0,,0,1,0,0,1,0,0
CCOC(=O)OC1=C(C)OC(C)C1=O,0,1,0,0,,0,0,0,0,,0,0
OC1CCCCCCCCCCCCCC1,1,0,0,0,0,0,0,0,0,0,0,0
C=C1CCCC(C)(C)C1/C=C/C(C)=O,0,,,,0,,0,,0,0,,0
NCC(=O)O,0,0,0,0,0,0,0,0,0,0,1,0
CC/C=C/C/C=C/C/C=C/CCCCCCCC(=O)OCC,,0,0,0,0,0,0,0,0,0,0,0
NCCCNCCCCNCCCN,0,0,1,1,0,1,0,0,0,0,0,
C=C1C(O)C[C@@H]2C[C@H]1C2(C)C,0,0,0,0,0,,0,1,1,0,0,1
O=c1[nH]cnc2c1ncn2[C@@H]1O[C@H](COP(=O)([O-])[O-])[C@@H](O)[C@H]1O.[K+].[K+],0,0,0,0,0,0,0,0,0,0,1,0
CC(C)(C)C1CCCCC1O,0,0,0,0,1,1,0,1,1,0,0,
COCC(=O)OCCc1ccccc1,0,0,1,,0,0,0,0,0,0,0,0
CSCC[C@H](N)C(=O)O,,0,0,0,0,0,0,0,0,,0,0
Cc1c[nH]c2ccccc12,,,,,,0,0,0,0,0,0,0
SCc1ccccn1,,0,0,0,1,0,0,0,0,1,0,0
O=CCCc1ccccc1,,,,,,,,,,,0,
C=C1/C=C/C(C(C)C)CC/C(C)=C/CC1,0,,0,0,0,,0,1,0,0,0,
CCCCCCCCCC1(C)OC1C(=O)OCC,0,,0,1,0,0,0,0,0,0,0,0
CCCC(=O)OCCCc1ccccc1,0,,0,,0,0,0,0,1,0,0,0
C=CCCCC1CCCC(=O)O1,0,,0,0,0,0,,0,0,,0,0
CC=C(C)C(=O)OCc1ccccc1,0,0,,1,,,0,1,0,0,0,0
CC(C)=CCC/C(C)=C/CC/C(C)=C\CO,0,0,1,0,0,0,0,0,0,0,0,0
CC1CCC(C(C)C)OC(=O)C1,0,1,0,0,0,0,0,,0,,0,0
NC=O,0,0,0,0,0,0,0,0,0,0,1,0
OCC1O[C@H](O[C@]2(CO)O[C@H](CO)[C@H](O)C2O)C(O)[C@@H](O)[C@@H]1O,0,,0,0,0,0,0,0,0,,,0
COc1ccc2cc([C@H](C)C(=O)O)ccc2c1,0,0,0,0,0,0,0,0,0,0,1,0
CC(=O)OC(C)/C=C/C1=C(C)CCCC1(C)C,0,0,0,,0,0,0,1,0,0,0,0
CC1=CCCC(C)(C)C1/C=C/C(=O)CC(C)C,0,0,0,0,,1,0,1,0,0,0,0
CCCSSC,0,0,0,,1,1,0,0,0,0,0,
CCCCCCC/C=C/CCC(=O)O,,,0,0,0,1,0,0,0,0,0,0
CCOC(=O)CCCSC(C)=O,,0,0,0,1,0,0,0,0,,0,0
CC(O)c1ccccc1,0,,1,,,,,,0,0,0,
CC1=CCC(C(C)(C)S)CC1,0,0,0,1,,,0,,,0,0,
Nc1ccccc1C(=O)OCc1ccccc1,0,,1,1,0,,0,0,0,0,0,0
CCOC(=O)C(O)Cc1ccccc1,0,0,0,,0,,,0,0,0,0,
COC.Cc1ccc(O)cc1,0,0,1,,0,1,0,0,0,0,0,0
O=C(CCl)OCc1ccccc1,0,0,1,,0,0,0,0,0,0,0,0
COc1cc(C)ccc1C(C)C,0,,0,,,1,,,,,0,
CCCCCCCCCCCCOC(=O)C(C)C,,,0,,0,0,0,0,0,,,0
CCCCCC=CC=CCO,,,0,,0,0,0,0,0,,0,0
CC/C=C\C/C=C/CCOC(C)=O,0,,0,1,0,1,0,0,0,0,0,0
CCCCCC(=O)OCCC(C)C,0,,0,1,,,0,0,0,0,0,0
Nc1nc2c(ncn2[C@@H]2O[C@H](COP(=O)(O)O)[C@@H](O)[C@H]2O)c(=O)[nH]1,0,0,0,0,0,0,0,0,0,0,1,0
CC(=Cc1ccccc1)C(=O)c1ccccc1,0,,1,0,0,0,0,0,1,0,0,1
CCCC(=O)OCCOc1ccccc1,0,1,1,,0,,0,0,0,0,0,
CCC(C=O)CCC1C(C)CCCC1(C)C,1,0,1,0,0,0,0,1,1,0,0,0
CC(C)=CCCC(C)(O)C1CC=C(C)CC1,0,,,0,0,0,0,0,,0,0,
Cc1ccc(C(C)(C)O)cc1,0,,,,,,,,0,0,0,
CCCCCC[C@H](C)O,,1,0,1,0,0,0,,0,0,0,0
CCCCCCCCCC(=O)OCCCc1ccccc1,0,,,1,0,1,0,0,0,0,0,0
CN(C)c1nc(=O)n(C2CCCCC2)c(=O)n1C,0,0,0,0,0,0,0,0,0,0,1,0
CC(=O)CC/C=C(\C)CC/C=C(\C)CCC=C(C)C,0,,1,,,0,0,,0,0,0,0
CC(C)Nc1nc(Cl)nc(NC2CC2)n1,0,0,0,0,0,0,0,0,0,0,1,0
CCCCC/C=C\C/C=C\CCCCCCCC(=O)OCC,,0,0,,0,0,0,0,0,0,0,0
O=C(O)CCCCCCCC(=O)O,0,0,0,0,0,0,0,0,0,0,1,0
O=C(O)CC1CCCCC1,,,,0,1,0,0,,0,,0,0
CCCCC/C=C\C(=O)OCC,,0,0,1,0,1,0,0,0,0,0,0
CCC(CO)Cc1ccccc1,1,0,0,0,0,0,0,0,0,0,0,0
CC(C)/C=C(/C=O)c1ccccc1,0,,1,,0,0,,0,0,,0,0
CC/C=C\CCOC(C)OCC,0,0,,1,1,1,0,1,0,0,0,
CC/C=C/CCOC(=O)CC(C)=O,0,,,,0,1,0,1,0,0,0,0
O=C([O-])c1ccccc1-c1c2cc([N+](=O)[O-])c(=O)c(Br)c-2oc2c(Br)c([O-])c([N+](=O)[O-])cc12.[Na+].[Na+],0,0,0,0,0,0,0,0,0,0,1,0
CC1C=CCCC1(C)C=O,0,0,,,,1,0,0,0,0,0,0
CCCCCCC/C=C/C=C/C=O,,0,0,,0,0,0,0,0,,0,
CCCCCC/C=C\C(=O)O,,0,0,0,0,1,0,0,0,0,0,0
CCCCCCCCCCCC(=O)OC[C@@H](O)[C@H]1OC[C@H](OCCO)[C@H]1OCCO,0,0,0,,0,0,0,0,0,0,0,0
C/C=C(/C)C(=O)O,0,,0,0,,0,0,0,0,,0,1
CCCCCCC1(C)CCC(=O)O1,,,1,,,,,0,0,,0,
CC(C)[C@@H]1CC[C@@H](C)C[C@H]1O,0,0,0,0,,,0,,0,0,,
CCCCC(CC=O)SC,,0,0,0,0,1,0,0,0,1,0,0
C=CC(C)(CCC=C(C)C)OC,0,0,1,0,,,0,,0,0,0,
CC12CCC(C1)C(C)(C)[C@@H]2O,0,0,0,0,1,1,0,0,0,0,0,0
COC(=O)C(C)(C)CCc1ccccc1,0,0,1,,0,1,0,0,1,0,0,0
CC(C)=C1CC[C@H](C)C2=C(C1)[C@@H](C)CC2,0,0,0,0,0,0,0,,,0,0,
CCCCC1OCCC(C)S1,0,,0,1,0,1,0,1,0,0,0,1
COc1cc(/C=C/C=O)ccc1O,0,1,0,0,0,,,0,,,0,
CCCC(=O)C(CC)C(=O)OCC,0,0,0,,0,0,0,0,0,0,0,0
CC(=O)c1cc(C(C)(C)C)cc(C(C)(C)C)c1,1,0,1,0,0,0,0,0,1,0,0,0
C/C=C(/C)C(=O)OCCCCCC,0,,,,0,1,0,,0,0,0,0
O=C1CCCC/C=C/CCCCCCCCCO1,1,1,0,1,1,0,0,,1,0,0,0
N[C@H](Cc1ccc(O)c(O)c1)C(=O)O,0,0,0,0,0,0,0,0,0,0,1,0
CCCc1ccccn1,,,,0,,,,0,0,,0,
C=CC(OCC)OCC,0,0,0,,1,1,0,0,0,0,0,0
CCCCCCCCCCCC(=O)N(C)CC(=O)O,0,0,0,0,0,0,0,0,0,0,1,0
CC(C)CC=NCCC(C)C,,,0,,1,0,0,0,0,0,0,0
C/C=C(\C)C=O,0,,0,,,1,,0,0,0,0,
COC(C)(OC)C(C)O,0,1,0,,0,0,0,0,0,,0,0
CC(C)=CCCC(C)CCOC=O,,,1,,0,,0,0,0,0,0,
CCCCCCCCCCCCCCCC=O,,0,,,0,0,0,1,0,0,0,0
C=CCC1(C(C)CCC)C(=O)[N-]C(=O)NC1=O.[Na+],0,0,0,0,0,0,0,0,0,0,1,0
CCOC(=O)CC(O)C(=O)OCC,0,,,,0,,0,,0,,0,0
O=C1CCCCCCCCCC/C=C/CCO1,1,0,0,0,0,0,0,0,0,0,0,0
NC1CONC1=O,0,0,0,0,0,0,0,0,0,0,1,0
CCCCCCCC/C=C\CCCCCCCC(=O)OC,,0,0,0,0,0,0,0,0,0,0,0
CCCC(O)Cc1ccccc1,0,,,0,,,0,,0,0,0,0
CC(C)C(=O)C(=O)O,0,0,0,,0,0,0,0,0,0,0,0
CC(=O)CC(=O)OCC(C)C,0,,,,0,0,0,,0,,,0
NC(Cc1ccc(N(CCCl)CCCl)cc1)C(=O)O,0,0,0,0,0,0,0,0,0,0,1,0
CC(O)C(=O)[O-].[K+],0,0,0,0,0,0,0,0,0,0,1,0
CCC(C)COC(=O)Cc1ccccc1,0,1,1,,0,0,0,0,1,0,0,0
c1coc(COCc2ccco2)c1,0,,0,0,,0,1,,0,,0,0
CCOC(=O)CCCc1ccccc1,0,,0,1,0,0,0,0,0,0,0,0
CC1CCCS1,0,0,0,,1,0,0,0,0,1,0,0
C/C=C/C=C/COC(=O)C(C)C,0,,0,1,,1,0,,1,0,0,0
O[C@@H]1CS[C@H](O)CS1,,1,0,1,1,0,0,0,0,1,0,0
C=CCc1ccc(O[C@@H]2O[C@H](CO)[C@@H](O)[C@H](O)[C@H]2O)c(OC)c1,0,0,,0,0,0,0,0,0,0,0,1
CC(C=O)C1CCCCC1,0,0,0,,0,1,0,0,0,0,0,0
CCCCCCC(=O)OCCC,,,,1,,1,0,,0,,0,0
CCCC[C@@H](CC)C(=O)O,0,0,0,0,,1,0,1,0,0,0,0
CC1=CCC[C@H](C)[C@@]12CC[C@@H](C(C)(C)O)C2,0,0,0,0,0,0,0,1,0,0,0,1
COC1=C(C)C(C)C2C3CCC(C3)C12,0,0,,0,0,1,0,1,0,0,0,1
CCC,0,0,0,0,0,0,0,0,0,0,1,0
C=CCC(C)(O)C1C2CCC(C2)C1(C)C,0,,0,1,0,,0,1,1,0,0,0
CC(O)CCC1CCCCC1,0,0,1,0,0,1,0,0,0,0,0,0
CCCCCCCC1(C(=O)O)CC1,0,0,0,0,0,1,0,1,1,0,0,0
CC(=O)OC(C)C1CC=C(C)C1(C)C,0,0,1,1,0,0,0,1,0,0,0,0
CC(C)=CCC=C(C)CCO,0,,1,,0,1,0,0,0,0,0,0
COc1cc(C)c2c(c1C(C)C)C(=O)CCC2,0,0,0,0,1,1,0,1,0,0,0,
CCCC(CS)OC=O,,0,0,1,1,1,0,0,0,1,0,0
CCCCC1(CC)CCC(=O)OC1,1,,,,0,,,,0,0,0,0
C/C=C/c1ccc(O)cc1,0,,0,0,1,1,0,0,0,0,0,1
CCCCCCC(CO)C(C)=O,0,,,,,1,,,0,0,0,
Cc1ccc(C)c(C)c1,0,0,0,0,,,0,0,0,0,0,
CSc1cc(C)oc1C,,0,0,0,0,0,0,0,0,1,0,0
CCC/C=C/CCO,0,0,1,0,0,1,0,0,0,0,0,0
O=S(=O)([O-])[O-].[Ca+2],0,0,0,0,0,0,0,0,0,0,1,0
CC(=O)OC(C)/C=C(\C)CCC=C(C)C,0,0,0,1,,0,0,1,0,0,0,0
CCOC(C)OCCc1ccccc1,0,,,0,0,1,0,0,0,0,0,
CCCCCC=CC(C)=O,,,0,,0,,0,,0,0,0,
O=C1CCCCCCCCCCCCCCO1,1,,,,0,,,0,0,0,0,
O.O.O.O.O.O.O.O.OB1O[B-]2(O)OB(O)O[B-](O)(O1)O2.[Na+].[Na+],0,0,0,0,0,0,0,0,0,0,1,0
CC(=O)OCC1CCCO1,0,,0,,,,,,0,,0,
CCCCC[C@@H]1O[C@H]1/C=C/C=O,0,0,0,0,,1,0,0,0,0,0,0
CC(=O)/C=C/C12OC1(C)CCCC2(C)C,0,,,,0,0,0,,0,0,0,0
N[C@@H](CCC(=O)[O-])C(=O)[O-].O.[Na+].[Na+],0,0,0,0,0,0,0,0,0,0,1,0
CC1C(C)(C)C2CCCCC2C1(C)C,1,0,1,0,0,0,0,0,0,0,0,0
CCc1ccccc1,0,,,0,1,1,0,0,0,0,0,
C/C=C/C(=O)O,1,1,0,0,,0,0,0,0,,0,
CCc1occc(=O)c1O,0,,0,,0,0,0,0,0,,0,0
CC1=CC(O)C2CC1C2(C)C,0,,0,0,,,0,,,0,0,
CCC1CCC2(CCC(=O)O2)CC1,0,,0,,,0,0,0,0,0,0,
CC(=O)O.CC(=O)[O-].[Na+],0,0,0,0,,0,0,0,0,0,,0
CCC(=O)OCc1ccc(OC)cc1,0,,,,0,,0,0,0,0,0,
C/C=C(\C)C(=O)OCCCCC,0,1,1,,0,1,0,0,0,0,0,0
CC(=O)CC(=O)OCc1ccccc1,,,,,0,,0,0,,0,0,0
CCSCC,,0,0,,1,,0,0,0,,0,
CCCC(=O)OC(C)(C)Cc1ccccc1,,,,,0,,,0,0,0,0,
NC(CS)C(=O)O,0,0,0,0,0,0,0,0,0,0,1,0
c1cscn1,,0,0,0,,0,1,0,0,,0,0
CC(=O)Sc1cc(C)oc1C,,0,,,0,0,0,0,0,,0,0
CCCCC/C=C/COC(C)=O,,0,,1,,1,0,,0,0,0,
CC(=O)OCC[C@@H](C)CCC=C(C)C,0,,1,1,0,1,0,0,0,0,0,
CCCCC(CC)COC(=O)CCCCCC(C)C,0,0,0,0,0,0,0,0,0,0,1,0
CCCCCCCCCCC(=O)OCCCC,,,0,1,0,0,0,,0,,0,0
CC12CCCC(OC=O)(C1)C1CC(C)(C)C1CC2,0,0,0,0,,,0,1,0,0,0,1
CCCCOC(CC(C)C)OCCCC,0,1,0,,,1,0,0,0,0,0,0
COC(=O)c1ccc(C)cc1,0,,1,,,,0,,0,0,0,1
CCCC1C2C=CC(C2)C1C=O,,0,1,0,1,1,0,0,0,0,0,
O=C([O-])CC([S-])C(=O)[O-].[Au+],0,0,0,0,0,0,0,0,0,0,1,0
CCCCCCC(C=O)=Cc1ccccc1,0,0,1,0,0,1,0,0,0,0,0,0
CCCCCCCCCCCCCC(=O)OCC(O)CO,0,0,0,0,0,0,0,0,0,0,1,0
C/C=C(\C)CO,0,0,,1,0,1,0,1,0,0,0,0
CC1=C(C=O)C(C)(C)CC=C1,0,1,,,,1,,,0,0,0,
[Pb],0,0,0,0,0,0,0,0,0,0,1,0
C/C=C(\C)C(=O)OCC(C)C,0,0,,,,,0,0,0,0,0,
CC(=O)c1ccccc1C,0,1,,,,,1,0,0,0,0,
CCSC(C)CCO,0,0,0,0,0,0,1,0,0,1,0,0
COC(=O)c1ccccc1N=CC(C)Cc1ccc2c(c1)OCO2,0,0,1,1,1,1,0,0,0,0,0,0
C=CC(C)CCCC(C)(C)OC(C)=O,0,0,1,1,0,,0,,,0,0,
C=CC1(C)CCC(O)C(C)(C)O1,0,,1,0,0,,0,,0,0,0,0
C=CC(C=CC)SSC(C=C)C=CC,0,0,0,,1,0,0,0,0,0,0,0
CCC(O)C(C)=O,,,0,0,,,0,,0,,,0
C=CC(C)(CCC=C(C)C)OC(=O)C(C)=O,0,1,1,0,0,1,0,0,0,,0,0
CC(C)CCCOC(=O)c1ccccc1,0,1,0,,0,0,0,0,1,0,0,0
CC/C=C\CCC(OCC)OCC,,,0,1,,1,,0,0,0,0,0
c1ccc2c(c1)cc1ccc3cccc4c5ccccc5c2c1c34,0,0,0,0,0,0,0,0,0,0,1,0
CCCCCCCCCCOC(=O)CCCCC,,0,0,1,0,0,0,0,0,0,0,0
CCC/C=C/CCC(=O)OC,0,0,0,,0,1,0,0,0,0,0,0
C=CCC1(C(C)CC)C(=O)NC(=O)NC1=O,0,1,0,0,0,0,0,0,0,,0,0
O=S(=O)([O-])[O-].[Cs+].[Cs+],0,0,0,0,0,0,0,0,0,0,1,0
CCCCC/C=C/CC=O,,0,0,0,0,0,0,0,0,0,0,0
CCC(=O)OCc1ccco1,0,,,1,0,1,0,0,0,,0,
CCC(=O)C(=O)CC,0,,0,,0,0,,0,0,,,0
CCOC(=O)CC[C@H](N)C(=O)OCC,0,0,,1,,0,0,,0,0,0,0
CC1CO1,0,1,0,,,0,0,0,0,0,0,0
CCCCC(C(C)=O)C(=O)OCC,0,0,,1,0,,0,,0,0,0,0
Cc1nccnc1OC(C)C,0,1,0,,0,1,0,0,0,0,0,0
C=C(C)CCC=C(C)C,0,0,1,0,0,0,0,1,0,0,0,0
O=C(O)CCCCCC(=O)O,0,0,0,0,0,0,0,0,0,0,1,0
Cc1ccc(C=CC=O)cc1,0,,0,0,0,0,0,0,0,0,0,1
CCOC(=O)CC(O)(CC(=O)OCC)C(=O)OCC,0,,,,0,0,0,,0,0,,0
CCCCCCC=COC(C)=O,0,,0,,0,,0,0,0,0,0,0
Cc1ccc(NC(=O)N(C)C)cc1Cl,0,0,0,0,0,0,0,0,0,0,1,0
CCCC(C=O)=Cc1ccccc1,1,0,0,0,0,1,0,0,0,0,0,0
CC1(C)CCCC2=C1CC(C#N)CC2,0,0,1,1,,0,0,1,0,0,0,0
Cn1c(=O)c2[nH]cnc2n(C)c1=O,0,0,0,0,0,0,0,0,0,0,1,0
CCCCC(O)CC,,,0,,,1,0,0,,,0,
CCCCC1OC(C)CC(C)(C)O1,0,0,1,0,0,1,0,0,0,0,0,
COc1ccc(O)c(C(C)=O)c1,0,0,0,,1,1,,1,0,0,0,1
CCC/C=C/C(=O)OCCC,0,0,0,,0,1,0,0,0,0,0,0
CCC(C)c1nccs1,0,,0,,,1,,,0,,0,
Cc1ccc(CC=O)cc1,,,,,,1,,0,0,0,0,0
CCCCCCCC=CC=O,,0,,1,,,0,0,0,0,0,0
CCC(C)C(=O)C(=O)OC,0,1,0,,0,0,0,,0,,0,1
CCC=S,0,0,0,1,1,1,0,0,0,0,0,1
CC(C)CO,0,,,,,,0,,0,0,,
CCC=CCC(=O)OCC,0,1,0,1,1,1,0,0,0,0,0,
CC1(O)CCOC2(CCCCC2)C1,0,0,,,1,1,0,0,0,0,0,
COCCc1ccccc1,0,0,,,,,0,0,0,0,0,
C=CC(C)CO,0,0,0,,,1,0,0,0,0,0,0
CCCCCCCCCCCCCCCC,0,0,0,0,,0,0,0,0,0,,0
Cc1ccc(C=O)c(O)c1,0,1,0,,,,,0,0,,0,0
CC(C)C(=O)C=O,0,1,0,0,,0,0,0,0,,0,0
CC(C)(O)c1ccccc1,,,,0,,1,0,,,0,0,0
CC/C=C\CCOC(=O)OC,0,0,1,,0,1,0,0,0,0,0,0
CCCC(C)=CCC/C(C)=C/CO,,0,0,0,0,0,0,1,0,0,0,0
C[C@@H]1OCCC1=O,0,1,0,0,0,0,1,,0,1,0,1
CC1=C2CCC(C)CC2OC1=O,0,1,0,,0,,,0,0,0,0,
C=CCCC(=O)OCC,0,,0,,,,0,0,0,,0,0
CCCC[C@@H]1CCC(=O)O1,,1,0,1,0,1,1,0,0,0,0,1
CC(=S)OC(C)(C)[C@@H]1CCC(C)CC1=O,,0,0,,1,,0,0,0,0,0,0
CCCCCCC/C=C/C=C/CO,,0,0,,0,,0,0,0,,0,0
CCCCCCCCCCCCCC(=O)OCc1ccccc1,0,0,0,0,0,0,0,0,0,0,1,0
CCCCCCC/C=C\C(=O)O,,1,0,1,0,0,0,0,0,0,0,0
OCC1COC(c2ccccc2)O1,0,1,0,0,0,0,1,0,0,0,0,0
CCCCCC/C(C=Nc1ccccc1C(=O)OC)=C\c1ccccc1,,0,1,0,0,1,0,0,0,0,0,0
CC(=O)OCCCCC(C)C,0,,0,,0,1,0,0,0,0,0,
CCC(C)COC=O,,0,,1,0,1,0,,0,0,0,0
CSCSCSC,0,0,0,,1,,0,0,0,1,0,
CCCCCCCCCCC1CCOC1=O,0,0,0,0,0,0,0,0,0,0,1,0
C/C(=C/CCC(C)CCO)CO,0,0,1,0,0,1,0,0,0,0,0,0
CCCCCC(=O)OC(C)CO,0,0,0,,,1,0,0,0,0,0,0
CC(C)CCOC(C)OCCC(C)C,0,0,0,,,1,0,0,0,0,0,0
CCCCC1OC(=O)CC1C,0,1,0,1,,,1,1,0,,0,
CC/C=C\CCOCCC#N,,0,1,1,0,1,0,0,0,0,0,0
O=C(O)C(=O)Cc1ccccc1,0,1,0,0,1,,,0,0,,0,0
CCCCCCC(=O)OCC,0,,,,0,,,,0,,0,
Cc1cncc(C)c1,,0,0,0,0,1,0,0,0,0,0,0
C=CC(C)C1C=CCC(C)(C=O)C1,0,0,1,0,0,1,0,1,0,0,0,0
CCCCCCCCCCCOC(C)=O,,0,,0,,0,0,0,0,0,0,0
CC(=O)c1cc2c(cc1C)C(C)(C)C(C)C2(C)C,1,,0,,,0,0,0,,0,0,0
OCCCc1ccccc1,0,,,,0,,0,0,,0,0,
C=C(C)C1CCC(C)=C(C=O)C1,0,0,0,0,0,1,0,0,0,0,0,
CCOC(=O)C(C)(C)O,0,0,0,0,0,1,0,0,0,0,0,
O=C1CCCCCCCCCCOCCCCO1,1,,0,,0,0,0,,,0,0,0
C=C1C=CC(C(C)CCC=C(C)C)CC1,0,1,0,,0,,0,,0,0,0,0
CCOCCOCCO,0,0,0,0,,0,0,0,0,0,0,0
CC(=O)CC(=O)c1ccco1,0,1,0,0,0,0,0,0,0,,0,0
CCC(=O)OC(C)C(=O)OSC,0,0,0,1,1,0,0,0,0,0,0,0
COC(=O)CC(O)(CC(=O)OC)C(=O)OC,0,0,0,,,0,0,0,0,0,0,0
C=CC(C)(CC/C=C(\C)CC)OC(C)=O,0,0,1,,0,,0,0,0,0,0,
CCCCCC(C)C(=O)OC,0,0,0,,0,0,0,0,1,0,0,0
CC(=O)[O-].[K+],0,0,0,0,0,0,0,0,0,0,1,0
Cl.NCCC[C@H](N)C(=O)O,0,,0,0,0,1,0,0,0,0,0,0
Cc1ccc2c(c1)OC(=O)C2C,0,1,0,1,0,0,1,0,0,0,0,0
CSSC,0,0,0,,,,0,0,0,0,,
CCCC(O)CCC1C(C)CCCC1(C)C,1,0,0,0,0,,0,1,1,0,0,0
C/C=C/C(=O)[C@H](C)CC,0,1,0,,,0,1,0,0,1,0,0
COC(=O)CSC,,0,0,1,,0,,0,0,1,0,0
CCCCCOC(=O)C1OC1C,0,1,0,1,0,1,0,0,0,,0,0
CCCCc1cccs1,,,,,0,0,0,0,0,1,0,0
c1ccc2cc3ccccc3cc2c1,0,0,0,0,0,1,0,0,0,0,0,1
CCCCCC1CC(=O)C=C(C)C1C(=O)OCC,0,1,1,0,0,,0,0,0,0,0,1
CC(CC=O)CCCC(C)(C)O,0,,1,,0,,0,0,0,0,0,0
N#CCc1ccccc1,0,0,,0,0,1,0,0,0,0,0,
O=C(O)C(O)C(O)C(=O)O,0,,0,0,0,0,0,0,0,,,0
C=C(C)C1CCC2=CC(=O)CC(C)C2(C)C1,0,,,1,0,0,0,,0,0,0,0
CCCCCCCCCCCC(OCCCCCC)OCCCCCC,,0,0,0,0,1,0,0,0,0,0,0
CC(=O)/C=C/C1C(C)CCC(C)C1(C)C,1,0,1,0,0,0,0,1,1,0,0,0
CCC=CCC(OC)OC,0,0,0,1,0,0,0,0,0,0,0,0
C[C@H]1C(=O)C[C@H]2C[C@H]1C2(C)C,0,0,0,0,1,1,0,1,1,0,0,0
CCCOC(C)OCCc1ccccc1,0,,,,,1,0,0,0,0,0,0
CC(=O)C1=NCCC1,0,,0,,0,,1,0,0,1,0,0
Cc1ccccc1,0,,0,0,,0,0,0,0,0,,0
CCOC(=O)C1OC1c1ccccc1,0,1,,1,0,0,0,0,0,,0,0
CCOC(OCC)C1CC2CC1C1C=CCC21,0,0,,,0,1,0,0,0,0,0,1
CC(=O)O[Hg]c1ccccc1,0,0,0,0,0,0,0,0,0,0,1,0
CC(=O)C=CC1C(C)=CCCC1(C)C,0,0,1,0,0,0,0,0,0,0,0,0
CCC(=O)C1CC(C(C)C)CC=C1C,0,,,,,1,0,,0,0,0,0
CCC(C)C,0,0,0,0,1,0,0,0,0,0,0,0
CCCCCCOC(=O)CC(C)C,0,,,,0,1,0,,0,0,0,0
CSC(C)C(C)=O,,,0,1,1,,0,1,0,0,0,0
CCCCCCCCCC(=O)CC(=O)OCC(O)CO,,0,0,0,0,0,0,0,0,0,0,0
O=[N+]([O-])C(CO)(CO)CO,0,0,0,0,0,0,0,0,0,0,1,0
NS(=O)(=O)[O-].NS(=O)(=O)[O-].[Co+2],0,0,0,0,0,0,0,0,0,0,1,0
CCCCCC(/C=C/c1ccccc1)OC(C)=O,,,,,,,0,0,,,0,
CCOc1cnc(C)cn1,0,,0,,0,0,1,0,0,1,0,0
CCCCC/C=C\CCC=O,0,0,,,,,0,,,0,,
O=CSCc1ccco1,0,1,,,,0,,,0,,0,
C=CCCC/C=C/COC,,0,1,,0,1,0,0,0,0,0,0
CCCCCC(=O)OCC(CC)CCCC,0,0,0,,0,1,0,0,0,0,0,0
CCCCCCC(C)=O,,,,,,,0,,0,0,0,0
Cc1ccc(OC2CCCCO2)cc1,0,0,,0,0,1,0,,0,0,0,0
CC1CCc2ccccc2N1,1,,1,0,0,,0,0,0,0,0,0
CCc1csc(C)n1,,0,0,0,1,1,0,0,0,1,0,0
CC(=O)c1nc(C)cs1,,0,0,0,0,0,0,0,0,1,0,0
C=C(C)C1C=CC(C)(O)CC1,0,0,,0,,1,0,0,0,0,0,
CC1CCC(C(C)C)C(=O)C1,0,,0,0,,1,0,,0,0,0,
CC12CCC(C1)C(C)(C)C2O,0,,0,,1,1,0,,,0,0,0
CC(S)C(C)CO,,0,0,0,1,,0,0,0,,0,0
CC(C)COC(=O)c1ccccc1N,0,,,,0,0,0,0,0,0,0,0
CC(=O)OC(O)c1ccccc1,0,0,1,0,1,1,0,0,0,0,0,0
CC(=O)CC/C=C(\C)CCC=C(C)C,0,0,1,,,,0,,0,0,0,0
CCOC(=O)C(O)(c1ccccc1)c1ccccc1,0,0,0,0,0,0,0,0,0,0,1,0
C[C@]12C=CC(=O)C=C1CC[C@@H]1[C@@H]2[C@@H](O)C[C@@]2(C)[C@H]1CC[C@]2(O)C(=O)CO,0,0,0,0,0,0,0,0,0,0,1,0
CCCCCCCCCC/C=C/CO,,0,0,,0,,0,0,0,0,0,
CCCCCCc1cccs1,,0,,,1,1,0,,0,,0,0
CCCCCCCCCC(C)CC=O,,0,0,1,0,0,0,0,0,0,0,0
O=C1CC(c2ccccc2)CO1,0,,0,0,0,0,0,0,1,0,0,0
CC(C)C1=CC2=CC[C@@H]3[C@](C)(CCC[C@@]3(C)C(=O)OC(=O)[C@]3(C)CCC[C@@]4(C)[C@H]3CC=C3C=C(C(C)C)CC[C@@H]34)[C@H]2CC1,0,0,0,0,0,0,0,1,1,0,0,0
CCCCCCC=CC=O,,0,,,0,1,0,,0,,0,0
CC(=O)OCCCCCCC(C)C,,,1,,,1,0,,0,0,0,
CC/C=C\C/C=C\C/C=C\CCCCCCCC(=O)O,,0,0,,0,0,0,0,0,0,0,0
CC/C=C\CCOC(=O)CCCCCCCCC,,0,0,,0,1,0,0,0,0,0,0
CCCCCCC(C)O,,,,,,,0,,0,0,0,
CCCC(=S)OCC,0,1,0,,1,0,0,0,0,0,0,0
CCOC(=O)C1OC1c1ccc(C)cc1,0,,,,0,0,0,,0,0,0,0
CC1=CC[C@H](CC=O)C1(C)C,,0,0,0,,1,0,,,0,0,0
CC(=O)C(C)(C)c1ccccc1,0,0,1,0,0,1,0,1,0,0,0,0
Cc1ccc2oc(=O)ccc2c1,0,,,,0,,,,0,0,0,
CCCCCCCC(=O)OCC(COC(=O)CCCCCCC)OC(=O)CCCCCCC,0,0,0,0,0,0,0,0,0,0,1,0
CCCCCCCCCCCCCC1CCCC(=O)O1,,,0,0,0,0,0,0,0,1,0,0
O=C(C=Cc1ccccc1)OC1CCCCC1,0,1,0,0,0,0,1,0,1,0,0,0
CCCCC(C)C=O,,0,0,,1,0,0,0,0,0,0,0
Cc1nc2ccccc2s1,,0,0,1,1,0,1,0,0,,0,0
O=C1c2ccccc2C(=O)C1c1ccc2cc(S(=O)(=O)[O-])cc(S(=O)(=O)[O-])c2n1.[Na+].[Na+],0,0,0,0,0,0,0,0,0,0,1,0
COC(C)OC,0,,0,,,,0,0,0,0,,
COC(CC(C)CCCC(C)C)OC,0,0,1,0,,,0,0,0,0,0,0
CC1C2CC(CC2C2CCC(O)CC2)C1(C)C,0,,0,0,0,,0,1,1,0,0,0
CCCCC1OC1C=O,,0,0,1,0,1,0,0,0,0,0,0
C/C=C(\C)C(=O)OCCC,0,,,,0,1,,0,0,0,0,
C=CC(C)(CCC=C(C)CCC=C(C)C)OC(=O)CC,0,0,,,0,0,0,,0,0,0,0
CCCCCCCOC(=O)c1ccccc1N,0,0,1,0,0,1,0,1,0,0,0,0
CSCCCOC(C)=O,0,,0,1,,1,0,,0,0,0,0
Nc1nc(=O)c2nc(CNc3ccc(C(=O)N[C@@H](CCC(=O)O)C(=O)O)cc3)cnc2[nH]1,0,0,0,0,0,0,0,0,0,0,1,0
CCN(CC)C(=S)SSC(=S)N(CC)CC,0,0,0,0,0,0,0,0,0,0,1,0
CC/C=C\C/C=C\CCO,0,,0,,0,1,0,0,0,0,0,0
CCOC(N)=O,0,0,0,0,0,0,0,0,0,0,1,0
CCCCCCCCOC(=O)CC(C)C,,,,,0,,0,,0,0,0,
CCCC[C@@H](C)C(=O)O,,0,0,,1,0,0,0,0,0,0,0
CSC(SC)SC,1,0,0,1,1,0,0,1,0,0,0,0
OC[C@@]1(O)OC[C@@H](O)[C@@H](O)[C@@H]1O,0,0,0,0,0,0,0,0,0,0,1,0
CCCCCCCOC(=O)CC,,,,1,,0,0,,0,0,0,0
C/C=C/C=C/C(=O)OCCC,0,1,0,,0,0,0,0,0,0,0,0
C=C(C)C1CC=C(C)C(O)C1,0,,0,0,0,,0,0,0,0,0,
[Al],0,0,0,0,0,0,0,0,0,0,1,0
COC(OC)C1CCCCC1,0,0,0,0,1,1,1,1,0,0,0,0
C=COC=C.OCCCCO,0,0,1,0,1,0,0,0,0,0,0,0
O=P([O-])(O)O.[Na+],0,0,0,0,0,0,0,0,0,0,1,0
CCCCC=CCC(=O)OC,,0,0,1,0,1,0,0,0,0,0,0
CCOC(=O)CC1CCCCC1,0,0,1,,0,0,0,0,0,0,0,0
C=C(C)C1CCC(C)CC1O,0,0,0,,,1,,,0,0,0,
CCCCCCC/C(C=O)=C/c1ccccc1,0,0,0,,0,1,0,0,0,0,0,0
CC(=O)C(C)=Cc1ccccc1,0,,0,,,,0,0,0,,0,0
CC1CCC(C(C)C)CC1,0,0,0,0,,,0,,,0,0,0
C#C[C@]1(O)CC[C@H]2[C@@H]3CCC4=CC(=O)CC[C@@H]4[C@H]3CC[C@@]21C,0,0,0,0,0,0,0,0,0,0,1,0
CCC(=O)OCC=Cc1ccccc1,0,,1,,0,,0,0,,0,0,
CCCOc1cncc(C)n1,0,0,0,1,0,1,0,,0,0,0,0
CC1COC(C)(c2ccc3c(c2)C(C)(C)CCC3(C)C)O1,1,0,0,0,0,0,0,1,1,0,0,0
CCC=CCCOC(=O)CC(C)C,0,,0,1,0,,0,0,0,0,0,0
CCOC(OCC(C)C)C(C)C,0,1,0,,,1,0,0,0,0,0,0
CCCCCCCCCCC/C=C/C=O,,0,,1,0,1,0,0,0,,0,
C=CCCCCCC(=O)OCC,0,1,0,1,0,0,0,,0,,0,0
C=CCCCCCC(Br)C(Cl)CCC,0,0,0,0,0,0,0,0,0,0,1,0
CCCC(=O)OC(C)c1ccccc1,,,1,1,,,0,,0,0,0,0
C/C=C/C(=O)OCc1ccccc1,0,0,0,0,0,1,0,0,,0,0,1
CC(=O)O.CC1(C)C2CCC(C)(C3(C)CCC4CC3(C3(C)CCC5CC3C5(C)C)C4(C)C)C1C2,0,0,0,0,0,1,0,1,1,0,0,1
CCCCCCCCCCCC(=O)OCCC(C)C,,,,,,,0,,0,,0,
C=CCC1(C)C(=O)CC2(C)CCC1C2,1,0,0,,1,0,0,0,1,0,0,0
COc1cccc(C=O)c1O,0,1,0,,1,0,,0,0,0,0,
CCCC(=O)OC,,,0,,,0,0,0,0,,0,
OCCNCCO,0,0,0,0,1,0,0,0,0,0,0,0
C/C=C(/C)C(=O)OCCC,0,0,1,1,0,0,0,,0,0,0,0
CCC(=O)C=CC1C(C)=CCCC1(C)C,0,,1,,0,0,0,,0,0,0,0
CCCCCCCCCCC(OC(C)=O)C(=O)OC,,1,0,1,0,0,0,0,0,,0,0
CCOC(C)Oc1ccccc1,0,0,,0,0,,0,0,0,0,,0
CC(C)=CCC/C(C)=C/C(=O)/C=C/C(C)=C/C=C/C(C)=C/C=C/C=C(C)/C=C/C=C(C)/C=C/C1=C(C)CC(O)CC1(C)C.CC1=C(/C=C/C(C)=C/C=C/C(C)=C/C=C/C=C(C)/C=C/C=C(C)/C=C/C(=O)C2(C)CC(O)CC2(C)C)C(C)(C)CC(O)C1.CC1=C(/C=C/C(C)=C/C=C/C(C)=C/C=C/C=C(C)/C=C/C=C(C)/C=C/C(=O)C2=C(C)CCCC2(C)C)C(C)(C)CC(O)C1.CC1=CCCC(C)(C)C1C(=O)/C=C/C(C)=C/C=C/C(C)=C/C=C/C=C(C)/C=C/C=C(C)/C=C/C1=C(C)CC(O)CC1(C)C.COc1cc(CNC(=O)CCCC/C=C/C(C)C)ccc1O,0,1,0,0,0,1,0,0,0,0,0,1
CC(C)C(=O)OCc1ccco1,0,,0,,0,0,0,0,0,,0,0
CC(C(=O)CCC(=O)O)C(O)CCCCC=O,0,0,0,0,0,0,0,0,0,0,1,0
c1ccsc1,0,0,0,,,1,0,0,0,0,0,1
C=CCCCCCCCCC(=O)OCCC,0,,0,1,0,0,0,,0,,0,0
CCCSSCCC,0,0,0,,,,0,,0,0,,
O=P([O-])([O-])OP(=O)([O-])[O-].O=P([O-])([O-])OP(=O)([O-])[O-].O=P([O-])([O-])OP(=O)([O-])[O-].[Fe+3].[Fe+3].[Fe+3].[Fe+3],0,0,0,0,0,0,0,0,0,0,1,0
CCCCC/C=C/CCC(OCC)OCC,0,0,0,1,,,0,0,0,0,0,0
CCOc1nccs1,,1,0,,1,,1,,0,1,0,0
C/C=C/CC(=O)O,0,0,0,,1,1,0,0,0,0,0,0
O=C([O-])C(O)C(O)C(=O)[O-].O=C([O-])C(O)C(O)C(=O)[O-].[K+].[Sb+3],0,0,0,0,0,0,0,0,0,0,1,0
CCSSC,,0,0,,1,,0,,0,0,0,0
CC(CCCC(C)(C)O)CC1OCC(C)O1,0,0,1,0,0,1,0,0,0,0,0,0
CC(C)CC(=O)OCCCc1ccccc1,0,,,1,0,0,0,0,0,0,0,0
CC(O)Cc1ccccc1,0,,1,0,0,,0,0,0,0,0,0
CCC1OC(C)=C(O)C1=O,0,1,0,0,0,0,0,0,0,,0,0
CCOO,0,0,0,0,0,0,0,0,0,0,1,0
CCOC(=O)[C@]1(CC)O[C@@]1(C)c1ccccc1,0,1,1,1,0,0,0,0,0,,0,0
CCCOc1nn(C(=O)[N-]S(=O)(=O)c2ccccc2C(=O)OC)c(=O)n1C.[Na+],0,0,0,0,0,0,0,0,0,0,1,0
CC(=O)C(C)=CC=C(C)CCC=C(C)C,0,0,0,0,0,0,0,1,0,0,0,1
CCCCCOC(=O)CCC(C)=O,0,1,,1,0,0,0,,0,,0,0
F.[F-].[NH4+],0,0,0,0,0,0,0,0,0,0,1,0
C=C(C)C1CC=C(C)C(OC(=O)CC(C)C)C1,0,1,0,,0,1,0,0,0,0,0,0
O=C(O)/C=C/C(=O)O,0,0,0,0,0,0,0,0,0,0,1,0
CCCCC(C(C)=O)C(=O)O,0,0,0,0,0,0,0,0,0,0,1,0
CC(C)=C[C@H]1C[C@H](C)CCO1,0,0,1,0,0,0,0,0,0,0,0,0
CC1=C(C/C=C(\C)CCCC(C)CCCC(C)CCCC(C)C)C(=O)c2ccccc2C1=O,0,0,0,0,0,0,0,0,0,0,1,0
Cc1cc(SC(=O)c2ccco2)c(C)o1,,,0,,0,0,0,0,0,,0,0
CCCCC(/C=C\C(=O)O)CC,,0,0,0,0,0,0,0,0,0,0,0
CC1=CCC=CC1,0,0,0,0,0,0,0,0,0,0,1,0
C=C(C)C1CCC2(C)OC2C1=O,0,0,0,0,0,1,0,0,0,0,0,
CCCCCCCC=Nc1ccccc1C(=O)OC,,,1,1,0,,0,0,0,0,0,0
CC(C)/C=C\C(=O)CC(C)C,1,0,1,,,1,0,0,,0,0,1
N#Cc1ccc(C(c2ccc(C#N)cc2)n2cncn2)cc1,0,0,0,0,0,0,0,0,0,0,1,0
C=CCC(O)CC(C)C,0,0,0,0,0,1,0,1,0,0,0,
CCCC(=O)C(CC)Sc1ccoc1C,,0,0,0,0,0,0,0,0,1,0,0
CC=CC(=O)C1=C(C)CCCC1,0,0,0,,0,0,0,0,0,0,0,0
C/C=C\C(=O)OCC(C)C,0,1,0,1,0,,0,,0,,0,1
C=Cc1cnc(C)cn1,0,1,0,0,0,0,0,0,0,,0,0
CC(C=O)=Cc1ccc(C(C)(C)C)cc1,0,0,0,0,0,1,0,1,0,0,0,1
CCC12CCC3C(C)(C)CCCC3(C)C1CCO2,1,0,0,0,0,0,0,1,1,0,0,0
CCCCCC1COCCC1OC(C)=O,0,,1,,0,1,0,,0,0,0,0
[Hg],0,0,0,0,0,0,0,0,0,0,1,0
O=C(O)CC(O)(CC(=O)O)C(=O)[O-].[Na+],0,0,0,0,0,0,0,0,0,0,1,0
CC=C(C)CCOC(=O)c1ccccc1O,0,0,0,,0,1,0,0,0,0,0,
CCOC(C)OCC(C)OC(C)OCC,0,0,0,,0,0,0,0,0,0,0,0
CCCCCCCCCC1CCCC(=O)O1,1,1,0,0,,0,0,0,0,,0,0
CC1=NC(C)SC(C)S1.CC1=NC(C)SC(C)S1,,0,0,0,0,0,0,0,0,,0,0
CC(=O)CC(C)(C)c1ccccc1,0,,1,0,0,,0,,0,0,0,0
[NH2-].[Na+],0,0,0,0,0,0,0,0,0,0,1,0
COC(OC)c1ccccc1,0,1,,,,,1,,0,0,0,0
CCC[C@H]1CCO[C@@H](C)S1,0,0,0,1,,1,0,,,0,0,0
CCCC(=O)C(CC)Cc1ccccc1,0,,,,,,0,,0,0,,
CCCC(=O)OC(=O)CCC,0,,0,0,,0,0,0,0,,0,0
CC1CCC(C(C)C)C(OC(=O)CCCC(=O)O)C1,0,0,0,0,0,1,0,0,0,0,0,
CCCCCC/C=C/C(=O)O,,0,0,0,0,,0,0,0,0,0,0
CC(=O)c1nccnc1C,0,,0,,0,0,,0,0,,0,0
CCCCCCCCCC(=O)OCCCCCC,,0,,,0,1,0,,0,0,0,0
O[C@H]1CC[C@@H]2CCCC[C@H]2C1,0,0,1,0,0,1,0,0,0,0,0,
CCOCC.Oc1cccc(O)c1O,0,0,0,0,,0,0,1,,0,0,0
COCC(=O)O,,0,0,0,0,0,0,0,0,0,0,0
C1CCCCCCCC2OC2CCCCCC1,1,0,0,0,0,0,0,1,0,0,0,0
CCCCCC(C=O)Cc1ccccc1,0,0,1,0,0,1,0,0,0,0,0,0
CCCCC=CC=CO,0,,0,,0,1,0,,0,,0,0
CC(=O)[C@@]1(C)CCC23C[C@@H]1C(C)(C)[C@@H]2CC[C@H]3C,0,0,0,0,0,1,0,1,0,0,0,0
CC1CC(=O)CO1,0,1,0,0,,1,0,,0,,0,
CCc1cnc(CC)cn1,0,1,0,0,1,0,1,1,0,0,0,0
C/C=C/C(=O)OCC/C=C/CC,,0,0,,,1,0,0,0,0,0,0
O=[Hg],0,0,0,0,0,0,0,0,0,0,1,0
Cn1c(=O)c2c(ncn2C)n(C)c1=O,0,0,0,0,0,0,0,0,0,0,1,0
[CH2]CCCO,0,,0,0,0,1,0,0,0,0,0,
C=CCCCCCCCCOC(C)=O,,,1,0,0,0,0,0,,0,0,0
Cc1c(N(C)C)c(=O)n(-c2ccccc2)n1C,0,0,0,0,0,0,0,0,0,0,1,0
CCOC(=O)C(C)(C)CCC=C(C)C,0,0,0,,0,0,0,0,1,0,0,1
CC(=O)CC(=O)O[C@H]1C[C@@H](C)CC[C@@H]1C(C)C,0,0,1,,0,1,0,0,0,0,0,
CCCCCC(O)CCCC(=O)OCC1COC(C)(C)O1,,,0,1,0,0,0,0,0,0,0,0
C=C(CC(C)(C)c1ccccc1)c1ccccc1,0,0,0,0,0,0,0,0,0,0,1,0
CC1=CCC(C(=O)O)CC1,1,0,0,,1,,0,1,0,0,0,1
O=CCS,,,0,1,1,0,0,0,0,,0,0
CC1=C(C/C=C(\C)C=O)C(C)(C)CCC1,0,,1,,0,,,,0,0,0,0
CC(C)CCOC=O,0,,,1,,1,0,,0,0,0,0
[NH3+][C@@H](Cc1c[nH]c2ccccc12)C(=O)[O-],0,0,0,0,0,0,0,0,0,0,1,0
CCC(O)c1ccco1,0,1,1,0,0,0,0,0,0,,0,0
CC(=O)O.CC(=O)O.OCCO,0,0,,1,0,0,0,,0,0,0,0
CCCCOC(=O)CCC(=O)OCCCC,0,0,,1,,0,0,,0,0,0,0
CC1CCCC(=O)C1=O,0,1,0,0,1,0,0,0,0,,0,0
CC(C)OCCc1ccccc1,0,0,1,,1,1,0,0,0,0,0,1
[Cl-].[Na+],0,0,0,0,0,0,0,0,0,0,1,0
NS(=O)(=O)c1cc2c(cc1C(F)(F)F)NCNS2(=O)=O,0,0,0,0,0,0,0,0,0,0,1,0
Cc1ccc(OC(=O)CC(C)C)cc1,,,0,0,0,1,0,0,0,0,0,0
CCCCC[C@@H]1CC=CC(=O)O1,1,1,0,1,0,0,1,0,0,,0,0
O=Cc1ccccc1OCCO,0,1,,0,0,0,0,1,1,0,0,1
Cc1cccc(C=O)c1,0,1,0,,,,,0,0,0,0,0
CCCCCC=CC(=O)O,0,0,0,,1,0,0,0,0,0,0,0
CCc1sc(C)nc1C,,0,0,0,,0,,1,0,,0,0
CSCCC=O,,,0,1,,,,,0,,0,0
C=C(C)C1CCC(C)=C(OO)C1,0,0,0,0,1,0,0,,,0,0,0
CCOP(=O)(OCC)OP(=O)(OCC)OP(=O)(OCC)OP(=O)(OCC)OCC,0,0,0,0,0,0,0,0,0,0,1,0
CC1=CC([O-])=NS(=O)(=O)O1.[K+],0,0,0,0,0,0,0,0,0,0,1,0
C=C(CC)CCCC(C)(C)O,0,0,1,1,0,,0,0,0,0,0,0
COC(=O)c1sccc1S(=O)(=O)NC(=O)Nc1nc(C)nc(OC)n1,0,0,0,0,0,0,0,0,0,0,1,0
CC(C)[C@H](C)CCC(C)(C)O,0,,1,,0,,0,1,0,0,0,
CCCCCC(=O)OCc1ccccc1,,,1,,0,,0,0,0,0,0,0
CCCCOC(=O)CCC(=O)[O-],1,0,0,0,0,0,0,0,0,0,0,0
[Zn],0,0,0,0,0,0,0,0,0,0,1,0
CCC=CC(=O)O,,0,0,0,1,0,0,0,0,0,0,0
COc1cc2c(cc1OC)[C@@]13CCN4CC5=CCO[C@H]6CC(=O)N2[C@H]1[C@H]6[C@H]5C[C@H]43.O.O,0,0,0,0,0,0,0,0,0,0,1,0
CCC(=O)OCCc1ccccc1,0,,1,,0,,0,,,0,0,
CCCC(=O)OC1CC(C)CCC1C(C)C,0,0,1,,0,1,0,0,0,0,0,
CCCCCOC(=O)CCCC,0,,0,1,,,0,0,0,0,0,0
CC(C)c1cnccn1,0,,0,0,0,1,1,0,0,0,0,
CC1(C)C2CC=C(CCC=O)C1C2,0,0,0,0,,1,,,,0,0,0
O=CCc1cccc2c1CCCC2,1,0,0,0,1,1,0,1,1,0,0,0
CCCCCCC(=O)OC(C)C,0,1,0,1,,1,0,0,0,0,0,0
C/C=C(/C)C(=O)OCCC(C)C,0,0,,,,1,0,,0,0,0,
C=C[C@H]1CN2CC[C@H]1C[C@H]2[C@H](O)c1ccnc2ccc(OC)cc12.C=C[C@H]1CN2CC[C@H]1C[C@H]2[C@H](O)c1ccnc2ccc(OC)cc12.O.O.O=S(=O)(O)O,0,0,0,0,0,0,0,0,0,0,1,0
CCCC1CC(=O)C=C(C)C1,,0,0,,,,0,0,0,0,,
CCCC(C)C=Nc1ccccc1C(=O)OC,,,,1,,1,0,0,0,0,0,
CC1(C)CCCC2(C)C3CCOC3CCC12,1,0,0,0,0,1,,1,1,0,0,0
CCCCC[C@@H](C)C(=O)O,,0,0,0,1,0,0,0,0,0,0,0
CC(O)C(C)S,,0,0,,1,1,0,0,0,1,0,1
CCCCCCCC1CCCC1O,0,0,1,,0,1,0,0,0,0,0,0
CC(=O)n1ccc2ccccc21,0,0,1,0,0,0,0,0,,0,0,0
Oc1ccccc1Br,0,0,0,,,0,,0,0,0,0,
CCCCCCCCCC(C)=O,,,,1,0,,0,,0,0,0,0
CC1=CC(=O)C2(C(C)C)CC12,0,0,0,0,,1,0,0,,0,0,
CC(C)=CCC/C(C)=C/CC1CCCC1=O,,,,1,0,1,0,0,,,0,0
CC(C(=O)Oc1ccccc1)c1ccccc1,0,0,0,0,0,0,0,0,0,0,1,0
c1coc(CSSCc2ccco2)c1,,1,0,,1,0,0,0,0,,0,0
CCCC(O)CC,0,,0,,1,,,,0,0,0,
CC(=O)Oc1cc(C(C)C)ccc1C,0,0,0,,0,1,0,0,0,0,0,1
CCCC(=O)OC1CC(C)CC(C)(C)C1,0,1,0,1,0,1,0,0,0,0,0,
CC/C=C\CCCCOC(=O)CC(C)C,1,,0,1,1,0,0,1,0,0,0,0
CC1COC(C(C)c2ccccc2)O1,,0,0,,,1,0,,0,,0,0
C=C(C)C1CCC(C)=CC1=O,0,,0,,0,1,0,0,0,0,0,
OCC1OC(CO)(O[C@H]2O[C@H](CO)[C@@H](O)[C@H](O)[C@H]2O)C(O)C1O,0,,0,0,0,0,0,0,0,,,0
CCC1=C(O)C(=O)CC1C,0,1,0,0,,0,0,,0,,0,0
CCC/C=C/CCCCC(=O)O,1,1,0,0,0,0,0,0,0,,0,0
CCC(C)OC(=O)c1ccco1,0,,,1,0,0,0,1,0,,0,0
COC(=O)C1OC1(C)C1CC2C=CC1C2,0,1,1,1,0,,0,0,0,0,0,0
O=COCCCc1ccccc1,0,,1,0,0,1,0,0,0,0,0,
Cc1ccc(C)s1,0,0,0,0,1,,,0,0,0,0,0
Cc1ccc2c(c1)C(C(C)C)CCC2C,0,0,0,0,0,1,0,0,0,0,0,1
CC(C)(OC=O)c1ccccc1,0,0,1,,0,0,0,0,0,0,0,0
OCCCCO,0,0,0,0,0,0,0,0,0,0,1,0
CCCCCC1=C(C)CCC1=O,0,,1,,0,,0,,,0,0,
CC(=O)c1occc1O,0,1,0,,,0,0,0,0,,0,0
CC(CC=CC#N)CC(C)(C)C,1,0,0,0,1,0,0,0,1,0,0,0
CC[C@@H](CO)NCCN[C@@H](CC)CO.Cl.Cl,0,0,0,0,0,0,0,0,0,0,1,0
CC(=O)CCC1C(C)CCCC1(C)C,0,0,0,0,0,0,0,0,0,0,1,0
CC/C=C\CCC(=O)OCC,0,,0,1,0,1,0,0,0,0,0,0
CCCO,0,,0,,,,,,0,,,
C1=CCOC=C1,0,0,0,0,0,0,0,1,,0,0,0
CC(C)CC(=O)OCc1ccccc1,,,,,,,0,,0,0,0,0
CCOP(=S)(OCC)SCSP(=S)(OCC)OCC,0,0,0,0,0,0,0,0,0,0,1,0
C/C=C(C(=C\C)\c1ccc(O)cc1)/c1ccc(O)cc1,0,0,0,0,0,0,0,0,0,0,1,0
CC/C=C(/C)C(=O)OCC/C=C/CC,0,0,0,1,,1,0,0,0,0,0,0
CC(=O)C1CCCC(C)(C)C1,0,0,0,0,,1,0,1,0,0,0,
CC(=O)c1ccccc1,,,,,,,,,0,0,,
Cc1cccc(C)n1,,,0,,,,,,0,,0,
C/C=C/c1ccc(O)c(OC)c1,0,,,0,,0,0,,0,0,0,
C=C(CCC=C(C)C)[C@H]1CC=C(C)CC1,0,,,,0,0,0,1,1,0,0,0
COC(=O)c1cc(C)ccc1O,1,0,0,1,,1,0,0,0,0,0,
Cl.O=[Bi],0,0,0,0,0,0,0,0,0,0,1,0
CCCCCCCCOCC(=O)OC,,0,1,0,0,0,0,0,0,0,0,0
CC=C(C)C(=O)OCCC=CCC,0,,0,1,1,1,0,1,0,0,0,
CSC/C(C=O)=C/c1ccccc1,0,0,0,1,1,1,0,0,0,0,0,
CC(=O)OCCC(C)CC(C)(C)C,,,,,,,0,,0,0,0,
C/C=C(\C)C(=O)OC/C=C(\C)CCC=C(C)C,0,,,,0,,0,0,0,0,0,
O=C(CCc1ccccc1)c1ccc[nH]1,0,1,0,0,0,0,0,0,0,,0,0
O=C1C=Cc2ccccc2C1=O,0,0,0,0,0,0,0,0,0,0,1,0
CC(C)=CCCC(C)(O)C=CCC(C)C,0,0,1,,0,0,0,1,0,0,0,0
CCCCOc1ccccc1,0,1,0,0,0,,0,0,0,0,0,1
CCCC/C=C\CCCC(=O)O,,0,0,0,0,1,0,0,0,0,0,0
CC(C)CC(C)O,0,0,,,,,0,,0,0,0,0
CCOC(=O)/C=C/c1ccco1,0,,,,0,0,0,0,,0,0,0
CC(=O)c1ccccc1N,,,,,0,,0,0,0,0,0,
COC=CCc1ccc(CC(C)C)cc1,,0,1,0,0,1,0,0,0,0,0,0
CC(C)=CCCC1=CCCC(C=O)C1,0,0,0,,1,1,0,0,0,0,0,0
CCCCCCCCCCCCCCCCCCOCCO,0,0,0,0,0,0,0,0,0,0,1,0
C=CCOC(=O)CCCCCC,,,0,1,,0,0,,0,,0,
COC(=O)CO,0,1,0,0,1,0,0,0,0,,0,0
CC(C)=CCCC(C)=CC=O,0,,0,1,0,0,0,0,0,0,0,0
COC(=O)c1ccccc1N=CCC(C)CC(C)(C)C,0,0,,1,,,0,0,0,0,0,0
C=C(C)[C@H]1CC[C@@H](C)C(=O)C1,0,0,0,0,0,1,0,0,0,0,0,
CCc1nc(C)cnc1C,0,,0,,,0,,0,,,0,0
C=C(CC(C)CO)C1CC=C(C)C1(C)C,0,0,0,0,,,0,1,0,0,0,0
CC(=S)OC1CCOC1C,,0,0,0,1,0,0,0,0,1,0,0
C=CCOC(=O)CCCC,0,0,,1,,0,0,,0,0,0,0
COC(=O)c1cccnc1,0,1,0,0,0,1,0,0,0,0,0,
CC[C@]1(O)CC[C@H]2[C@@H]3CCC4=CCCC[C@@H]4[C@H]3CC[C@@]21C,0,0,0,0,0,0,0,0,0,0,1,0
C/C=C/CCO,0,0,0,,0,1,0,0,0,0,0,0
CC(C)(C)c1cc(-c2ccncn2)c2c(c1)C(C)(C)CC2,,0,0,0,0,0,0,0,0,0,0,0
O=C(O)CCCc1c[nH]c2ccccc12,0,0,0,0,0,0,0,0,0,0,1,0
C=CCSCC(N)C(=O)O,0,0,0,,1,1,0,0,0,0,0,1
C=C[C@H]1CN2CC[C@@H]1C[C@H]2[C@H](O)c1ccnc2ccc(OC)cc12.Cl.O.O,0,0,0,0,0,0,0,0,0,0,1,0
C=C(C)C(CC=C(C)C)COC(C)=O,0,,,,0,1,0,0,0,0,0,
CC(C)OP(C)(=O)F,0,0,0,0,0,0,0,0,0,0,1,0
CC(C)COC(=O)/C=C/c1ccccc1,,1,0,,0,0,0,0,1,0,0,
CC(C)=CCC(C)(C)C(=O)C(C)C,0,,,1,0,,0,,0,0,0,
CCCC(=O)C(C)(O)C(=O)OCC,0,1,0,,1,0,0,0,0,,0,0
CC(C)OC(=O)Nc1ccccc1,0,0,0,0,0,0,0,0,0,0,1,0
CCOC(=O)CC(C)C,0,,,,,,0,,0,,0,0
C=C(C)C(=O)OCCCCCCCCC,0,0,0,0,,1,0,0,0,0,0,0
CCC(=O)C1(C)CCC(C(C)C)CC1,0,0,1,0,0,1,0,1,0,0,0,0
CCCCCCCCC(=O)OCCc1ccccc1,0,,1,0,0,1,0,0,0,0,0,0
CCCCOCCO,0,0,0,,,0,0,0,0,0,0,0
CC[C@H](C)CCO,0,1,,1,1,1,0,,0,,0,1
CCCCCCCCCCC(OCC)OCC,0,0,,1,0,,0,0,0,0,0,0
CC(C)CCCC(C)CC#N,,0,0,1,1,0,0,0,0,0,0,0
CCc1nc(C)cs1,,1,0,0,,,1,0,0,1,0,0
CCCCCCCCCCOC(=O)CCCCCCCC,0,1,1,1,0,0,0,,0,0,0,0
CCCCC=CC(=O)C(C)C,0,0,0,,0,1,0,0,0,0,0,0
O=COCCCC1CCCCC1,0,,0,0,,1,0,0,0,0,0,1
C/C=C/SSC(C)CC,0,0,0,,1,1,0,0,0,0,0,1
CCC(=O)OCC(COC(=O)CC)OC(=O)CC,,0,0,,,0,0,0,0,0,0,0
CC(=O)C(C)Cc1ccccc1,0,0,1,,0,0,0,0,1,0,0,0
COc1ccc(C=O)cc1C(C)(C)C,0,0,1,0,0,0,0,1,0,0,0,0
O=S(=O)([O-])[O-].[Mn+2],0,0,0,0,0,0,0,0,0,0,1,0
CC1=CC(S)CS1,,0,0,0,1,0,0,0,0,,0,0
Cc1cc(SC(=O)c2ccoc2)c(C)o1,,1,0,0,0,0,0,0,0,1,0,0
CC(C)[C@@H]1CC[C@H](C)C[C@H]1OCC(C)(O)CO,0,0,0,0,0,1,0,0,0,0,0,
CC(C)Cc1ccc(CC(C)C=O)cc1,,0,1,,0,1,0,0,1,0,0,0
O=C[C@H](O)[C@@H](O)[C@H](O)[C@H](O)CO,0,0,0,0,0,0,0,0,0,0,1,0
CN1CC[C@]23c4c5ccc(O)c4O[C@H]2C(=O)CC[C@H]3[C@H]1C5.Cl,0,0,0,0,0,0,0,0,0,0,1,0
CC(C)OC(=O)/C=C/c1ccccc1,,1,0,,0,0,0,0,1,0,0,
CCC(=O)c1ccccc1OC,0,1,1,0,0,0,0,0,0,,0,0
C=CCCC1=C(C)C(=O)CCC1(C)C,0,1,1,,0,1,0,1,0,0,0,0
CC1CC2C3CCC(C3)C2CC1=O,0,,,,0,1,0,1,,0,0,1
C=C(OCC)C1C(C)(C)CC(=O)CC1(C)C,1,1,0,0,0,1,0,1,1,0,0,0
CCCCCC(C#N)=C1CCC(C)CC1,0,0,1,1,0,1,0,0,0,0,0,0
CCOC(=O)C(=O)CC(=O)CC,0,1,1,,1,0,0,0,0,,0,0
O=P([O-])([O-])OP(=O)([O-])[O-].[Na+].[Na+].[Na+].[Na+],0,0,0,0,0,0,0,0,0,0,1,0
CC(C)C(=O)OC1CCCCC1,,,,,,,0,0,,0,0,0
CC(C)CCOC(=O)CCCc1ccco1,0,1,0,,0,0,0,0,0,,0,0
CCCCC#CCC(=O)OC,,0,0,0,0,1,0,0,0,0,0,0
CC(=O)c1c(C)cc(C)cc1C,0,0,0,0,0,0,0,0,0,0,1,0
CC(C)CCC1CCC(=O)O1,1,0,0,0,0,1,1,0,0,0,0,0
CC1=CC(=O)CCC1,0,1,0,,,,1,,,,0,
CC(C)[C@@H]1C=C[C@@](C)(O)CC1,0,0,1,0,1,1,0,0,0,0,0,0
CCSSSCC,0,0,0,,1,1,0,0,0,,0,1
CC1COC(/C=C/c2ccccc2)O1,0,,0,0,0,0,0,0,0,0,0,1
CC(C)CC1SSC(CC(C)C)S1,,0,0,0,0,0,1,0,0,1,0,0
Nc1nc2c(ncn2[C@@H]2O[C@H](COP(=O)([O-])[O-])[C@@H](O)[C@H]2O)c(=O)[nH]1.[Ca+2],0,0,0,0,0,0,0,0,0,0,1,0
CC1CC(C)(C)OC(Cc2ccccc2)O1,,,,,,1,0,,,0,0,0
CCCCNC(N)=O,0,0,0,0,0,0,0,0,0,0,1,0
COC(=S)CCc1ccco1,0,1,0,0,1,0,0,0,0,,0,0
CC1=CC(=O)CC(C)(C)C1(O)C=CC(C)O,0,0,,,0,0,0,,0,0,0,0
COc1cc(C=O)cc(-c2cc(C=O)cc(OC)c2O)c1O,,1,0,,0,0,0,0,0,0,0,0
C=CCOCc1ccccc1,0,0,0,,,0,0,0,0,0,0,0
[Ca+2].[O-][I+2]([O-])[O-].[O-][I+2]([O-])[O-],0,0,0,0,0,0,0,0,0,0,1,0
CC(C)CCC[C@@H](C)[C@H]1CC[C@H]2[C@@H]3CC=C4C[C@@H](O)CC[C@]4(C)[C@H]3CC[C@]12C,0,0,0,0,0,0,0,0,0,0,1,0
CC(=O)C(C)Sc1ccoc1C,0,,,0,0,0,0,0,0,0,0,
Cc1nccnc1C(C)C,0,1,0,0,0,0,0,1,0,,0,0
COc1ccc(C(OC)OC)cc1,0,,1,,0,,0,0,0,0,0,
COC1CC/C(C)=C/CC/C=C(\C)CCC1C,1,0,0,0,,0,0,1,1,0,0,0
C=C(C)C1CCC(C)C(=O)C1,0,,0,,,1,,,0,,0,
CCCCCCC(C)CO,0,0,0,,0,0,0,0,0,0,0,0
CCCCCCCCCCOC(=O)CCC(C)C,0,0,0,,0,0,0,0,0,0,0,0
O.O.O=[Al]O[Si](=O)O[Si](=O)O[Al]=O,0,0,0,0,0,0,0,0,0,0,1,0
O=C(C=Cc1ccccc1)OCC=Cc1ccccc1,0,,1,0,0,0,0,0,1,0,0,
CC(C)c1ccccc1O,,0,0,,1,0,,1,,,0,
CC(=O)c1ccccc1-c1ccccc1,0,0,0,0,0,0,0,0,1,0,0,0
CC(=O)[C@H](C)C(=O)C(C)C,0,,0,1,0,0,0,0,0,0,0,0
Nc1c(N=Nc2ccc(-c3ccc(N=Nc4cc(S(=O)(=O)O)c5ccccc5c4N)cc3)cc2)cc(S(=O)(=O)O)c2ccccc12.[Na+],0,0,0,0,0,0,0,0,0,0,1,0
CCOC(=O)C1CC2C=CC1C2,0,,0,,,1,0,,,0,0,0
C=C(C)C1CC=C(C)C(OC(=O)CCC)C1,0,0,0,,0,1,0,0,0,0,0,
O=CCc1ccc2c(c1)OCO2,0,0,1,0,0,0,0,0,0,0,0,1
C[C@@H]1CC[C@H]2[C@H](C2(C)C)C12COC(C)(C)OC2,1,0,0,0,1,1,0,1,1,0,0,1
CC1=CCC2C(C1)C1CC2C2(C1)OC2C,0,0,0,1,0,1,0,1,0,0,0,
Cc1coc2c1CC[C@@H](C)C2,0,,0,0,,1,0,0,0,0,0,
CCCCCCOC(=O)CC(C)S,0,0,0,,0,1,0,0,0,0,0,1
CCCCCCOC(=O)CS,0,0,0,,1,1,,1,0,0,0,
CCCCCC(=O)CC(=O)[O-].OCC(O)CO,,0,0,0,0,0,0,0,0,0,0,0
C/C=C/CCCCCCCC=O,0,,,1,,,0,0,0,0,0,0
CCCCCCCOC(=O)c1ccccc1,0,0,0,0,,1,0,,,0,0,
C/C=C(\C)C(=O)OC1CC(C)CCC1C(C)C,0,1,1,,0,1,0,0,0,0,0,0
O=C1CCC2(CCCCC2)O1,0,0,1,,0,1,0,0,0,0,0,0
Cc1occ2c1SCC2,0,0,0,0,1,0,0,1,,1,0,0
NC(C(=O)O)c1cc(=O)[nH]o1,0,0,0,0,0,0,0,0,0,0,1,0
Cc1cccc(C)c1S,,,,0,1,,0,1,,1,0,
CCCCCCCCCCCCC(=O)OC,,0,0,0,0,0,0,0,0,0,0,0
Nc1ccccc1C(=O)Oc1ccc2ccccc2c1,0,,1,1,0,,0,,0,0,0,0
C=CC1(C)CCC(C(C)(C)O)CC1C(=C)C,0,0,,,0,0,0,1,,0,0,
CC(=O)CC(=O)OC(C)C,0,1,0,1,,0,0,,0,,0,0
COc1cc(CO)ccc1O,,1,0,,,,,0,,,0,
CCCCC[C@H]1CC=CC(=O)O1,1,1,0,0,0,0,0,0,0,,0,0
CCCCCCCCC(=O)C(C)=O,,,0,1,,0,,0,0,0,0,
C=C1CCCC(C)(C)C1C=CC(=O)CC,0,0,0,0,0,0,0,0,0,0,1,0
CCC(C)CCCCCCCCCCC=O,,0,0,0,0,0,0,0,0,,0,0
CCOC(=O)OCCc1ccccc1,0,0,0,0,,0,0,0,0,0,0,0
Cc1cc(C(C)(C)C)nc(C(C)(C)C)c1,0,0,1,0,0,0,0,0,0,0,0,0
COC(=O)CCC(=O)OC,0,,,1,,,0,,0,0,0,
C=CCCC(=O)OC,0,0,0,,0,,0,0,0,0,,0
CCCC(C)CO,0,1,0,,,0,0,0,0,0,0,0
CC1(C)CCCC2=C1CC(C=O)CC2,0,0,1,0,1,1,0,0,1,0,0,0
CCC=CCCC=CC=O,0,0,,1,0,1,0,0,0,0,0,0
Cc1ccc(OC(=O)c2ccccc2O)cc1,,0,1,0,0,1,0,0,,0,0,0
CCCCCCCCCCC=COC(=O)CC,1,0,1,0,0,0,0,1,1,0,0,0
COC1C=C2C(C)(C)C3CCC2(C3)C(C)(C)C1,,,0,,0,1,0,1,,0,0,
CCCCCC(O)CCCC(=O)OCC(O)CO,0,1,0,,0,,,0,0,,0,0
CC1OCC2(CO1)CC1CCC2C1,0,0,0,1,,1,0,,1,0,0,
CCC=CCCC=CC(OCC)OCC,0,0,0,,,1,0,0,0,0,0,0
C=C(C)[C@H]1CC=C(C)[C@H](O)C1,0,0,0,0,0,1,0,0,0,0,0,
CC(C)c1ccccn1,0,0,0,1,0,1,0,,0,0,0,0
CCOC(OCC)c1ccccc1,0,1,0,0,,1,1,0,0,0,0,
Cc1nc(CC(C)C)sc1C,0,0,,,,,,,0,,0,0
CCC(C)C(=O)N(C)c1ccccc1,0,0,1,1,0,1,0,1,0,0,0,0
CC[C@@H](C)N=C=S,0,0,0,,1,0,0,0,0,0,0,
CNC.O=C(C(Cl)(Cl)Cl)C(Cl)(Cl)Cl.O=C(O)COc1ccc(Cl)cc1Cl,0,0,0,0,1,0,0,0,0,0,0,0
CCCCCCCCOC(=O)CCC(C)C,0,,0,1,0,1,0,,0,,0,0
CCCCC/C=C\C/C=C\CCCCCCCC[N+](CCCOCCO)(CCOCCO)CC(O)CO.[Cl-],0,0,0,0,0,0,0,0,0,0,1,0
CC1CCSCS1,0,0,0,0,1,0,0,0,0,0,0,0
CCCCCCCCCCCCCCCCC(=O)OCC,,0,0,0,0,0,0,0,0,0,0,0
C=CCSSSCC=C,0,0,0,,1,,0,0,0,,0,
CC=Cc1cc(C(C)C)ccc1C,0,,0,,,1,0,1,,0,0,0
CCCCCC(OCC(C)C)OCC(C)C,0,,0,1,0,1,0,,0,,0,0
C/C=C(\C)C(=O)OCC=C(C)C,0,,1,1,0,0,0,,0,0,0,0
O=C(Cc1ccccc1)OCC1CCCO1,0,1,,,0,0,0,0,0,,0,0
CC(C)C(=O)C(=O)C(C)C,0,1,0,,0,0,0,0,0,,0,0
C=CC(C)(CCC=C(C)C)OC(=O)CCCCCC,0,0,1,0,0,1,0,,0,0,0,0
CCCCOC(=O)CC(C)=O,0,,,,,0,0,,0,,0,0
CCCCCCCCCCCCCCCCCC(=O)OCCCCCCCCCCCCCC(C)C,0,0,0,0,0,0,0,0,0,0,1,0
C=C[C@@]1(C)OC(C)(C)CC[C@@H]1O,0,0,0,0,0,0,0,1,0,0,0,0
CC1CCC2(O1)C(C)(C)CCCC2(C)O,0,0,0,0,1,1,0,1,1,0,0,0
CCCCO,0,,,,,0,,,,0,0,
Cc1cccc(C)c1,0,,0,0,,,0,0,0,0,0,
CC(=O)c1ccc(O)cc1,0,,1,,0,1,0,,,0,0,0
O=C(C=Cc1ccccc1)Oc1ccccc1,0,0,1,0,0,0,0,0,1,0,0,0
CCC(C)OC(C)=O,0,,0,1,,0,0,0,0,0,0,0
ClC1=C(Cl)C2(Cl)C3C(Cl)C(Cl)CC3C1(Cl)C2(Cl)Cl,0,0,0,0,0,0,0,0,0,0,1,0
CCCCC[C@H]1CCC(=O)O1,,,0,,,0,,0,0,0,0,0
O=C1OCc2ccccc21,0,1,0,,,,1,0,0,0,0,0
C=C[C@](C)(CC/C=C(/C)CCC=C(C)C)OC(C)=O,0,,,,0,,0,,0,0,0,0
CCC(=O)C(C)O,1,0,0,0,1,0,1,1,0,0,0,0
C=C(C)[C@H]1CC[C@H](C)C[C@H]1OC(C)=O,0,0,0,0,0,1,0,0,0,0,0,
C=CCOC(=O)C(C)=O,0,1,0,,1,0,0,,0,,0,1
CCc1nc(C)sc1C,0,1,0,1,1,0,0,1,0,,0,0
COc1c(C(C)(C)C)cc([N+](=O)[O-])c(C)c1[N+](=O)[O-],1,,,0,,,,,,0,0,0
C=CCC1CCCCC1.CC(=O)O,0,0,0,,,0,0,0,0,0,0,0
C=C1CCCC(C)(C)C1CCO,1,0,0,0,0,0,0,0,1,0,0,0
C=CC1(C)CCC(C(=C)C)O1,0,0,,0,,1,0,,,0,0,
Cc1cc(O)c(C(C)(C)C)cc1C,0,0,0,0,1,0,0,1,,0,0,0
CCn1cccc1C=O,0,0,0,0,1,0,0,,,1,0,0
CCCCCCCC#N,,0,0,0,1,1,0,0,0,0,0,0
CC(C)COC(=O)C=Cc1ccco1,0,0,1,0,0,1,0,0,0,0,0,0
CC(=O)OC1C=C(C)C2CC(=C(C)C)CC2C(C)C1,,,0,0,0,,0,1,,0,0,0
O=C([O-])CC(O)(CC(=O)[O-])C(=O)[O-].[K+].[K+].[K+],0,0,0,0,0,0,0,0,0,0,1,0
CSOC(=O)C(C)OC(C)=O,0,0,0,1,1,0,0,0,0,0,0,0
CCCCCCOC(=O)c1ccc(OC)cc1,0,0,1,,0,,0,0,0,0,0,1
Cc1cc(C)oc(=O)c1,0,1,0,0,0,1,0,0,1,,0,1
COC1CC2CCC1(C)C2(C)C,0,0,0,0,1,,0,1,,0,0,0
CC(C)[C@@H](NC(=O)CC[C@H](N)C(=O)O)C(=O)NCC(=O)O,0,,0,0,,0,0,0,0,1,0,0
CC(C)CC1CC(C)CCO1,0,0,1,0,,1,0,0,0,0,0,0
CCC/C=C/C=O,,,0,,,1,,0,0,0,0,
CCOC(CC(C)C)OCC(C)C,0,1,0,1,,1,0,,0,,0,0
CC1CCC(C(C)C)C(OCCO)C1,0,0,0,0,0,0,0,0,0,0,1,0
CC1CCCCCCCCCCCCC(=O)C1,1,,,,0,0,0,0,0,0,0,0
CCCCOC(=O)c1ccccc1C(=O)OCCCC,0,0,0,0,0,,0,0,0,0,0,
CC1(C)CCC[C@]2(C)[C@H]3CC(=O)O[C@]3(C)CC[C@@H]12,,,0,0,0,,0,1,,0,0,
CC1C(O)C=C2CC(C)(C)C=CC21C,0,0,0,,0,0,0,0,0,0,0,0
CC(=O)O[C@@H]1CCCC[C@@H]1C(C)(C)C,0,0,0,1,1,1,0,1,,0,0,1
CCOCCOC(C)C(=O)[O-].[K+],0,0,0,0,0,0,0,0,0,0,1,0
CC(C)COC(=O)c1ccccc1C(=O)[O-],0,0,0,0,0,0,0,0,0,0,1,0
C/C=C/C(C)=O,0,0,0,,1,0,0,0,0,0,0,0
CC(C)=CCC/C(C)=C/COC(=O)c1ccco1,0,0,1,,0,1,0,1,0,0,0,0
CC(=O)CCc1ccc(OC(C)=O)cc1,0,1,,,0,0,0,,0,,0,0
CC/C=C\C(=O)C(OC)OC,0,1,0,0,1,1,0,1,0,0,0,
C=CC1(C)CCC(C(C)(C)OC(C)=O)O1,0,0,,,0,0,0,1,0,0,0,0
N[C@H](CCC(=O)O)C(=O)O,0,0,0,0,0,0,0,0,0,0,1,0
COC(=O)C(=O)[O-],0,0,0,0,0,0,0,0,0,0,1,0
CCC[C@@H]1CCO[C@@H](C)S1,0,0,0,,1,1,0,0,0,0,0,
C[N+](C)(C)CC(=O)[O-],0,0,0,0,0,0,0,0,0,0,1,0
CSC(C)CC=O,,0,0,1,1,1,,0,0,,0,0
CC(C)CCC1C(=O)CCC1C,0,0,1,,0,0,0,0,0,0,0,0
CCCCCCCCCCCCCCCCCC(=O)OCC(COC(=O)CCCCCCCCCCCCCCCCC)OC(=O)CCCCCCCCCCCCCCCCC,0,0,0,0,0,0,0,0,0,0,1,0
C1CSSSS1,0,0,0,1,1,0,0,,0,0,0,0
CC(=O)Nc1nnc(S(N)(=O)=O)s1,0,0,0,0,0,0,0,0,0,0,1,0
CC=C1CC2CC(OC(C)C)C1C2,1,1,1,1,0,1,0,,0,0,0,1
N#CC=Cc1ccccc1,0,,0,0,0,0,0,0,0,0,0,1
CCCOC(=O)c1ccc(OC)cc1,0,0,1,1,0,0,0,,0,0,0,0
CCCCCCC1OC(=O)CC1C,,1,1,1,0,,0,0,0,,0,0
CC(=O)/C=C/c1ccco1,0,1,0,0,0,,,,,0,0,1
COC.Oc1ccc2ccccc2c1,0,0,1,1,0,,0,0,0,0,0,0
CCC(CC)CC1CCOC1=O,1,0,1,,0,1,0,0,1,0,0,0
CCCCCCOC(C)OCC,0,,1,,,1,0,1,0,,0,0
CCCC(=O)OCC(C)CC,,,,,0,0,0,,0,0,0,
CCC/C=C/CCCCCCC=O,,0,0,1,0,0,0,0,0,0,0,0
CCCC(=O)OC[C@@H](C)c1ccccc1,,1,,,0,0,0,,0,0,0,1
C=C1C2CCC(C2)C1(C)CC/C=C(/C)CO,,,0,0,0,0,0,,0,0,0,0
CC(=O)COC(=O)CCC(=O)OCC(C)=O,0,1,,1,0,0,0,,0,,0,0
CC(C)COC(=O)CC(C)C,0,,,1,,,0,,0,0,0,0
[2H]C([2H])([2H])OC(=O)[C@@H]1CC2=CC(=O)CC[C@]2(C)[C@@]23O[C@H]2C[C@@]2(C)C(CC[C@@]24CCC(=O)O4)C13,0,0,0,0,0,0,0,0,0,0,1,0
OC[C@H]1O[C@@H](O[C@H]2[C@H](O)[C@@H](O)[C@H](O)O[C@@H]2CO)[C@H](O)[C@@H](O)[C@H]1O,0,0,0,0,0,0,0,0,0,0,1,0
CC(C)C1CCC(C(C)O)CC1,0,0,1,0,0,1,0,0,0,0,0,0
CC(=O)OC1(C(C)=O)CCC2C3C=C(Cl)C4=CC(=O)CCC4(C)C3CCC21C,0,0,0,0,0,0,0,0,0,0,1,0
CCC=CC=C=CC(C)=O,,0,0,1,0,1,0,0,0,0,0,0
[K+].[OH-],0,0,0,0,0,0,0,0,0,0,1,0
COC.Cc1cccc(O)c1,0,0,1,0,0,0,1,1,0,0,0,0
CCCCCCCOC(C)=O,,,,,,,0,,0,0,0,
CC(=O)[C@@]1(C)CCC2=C([C@H]1C)C(C)(C)CCC2,1,0,1,0,0,0,0,1,1,0,0,0
CN(C)C(=O)Nc1ccc(Cl)c(Cl)c1,0,0,0,0,0,0,0,0,0,0,1,0
C=C(C)C1CCC(=C)C(OC(C)=O)C1,0,0,0,,0,1,0,0,0,0,0,
[Cl-].[NH4+],0,0,0,0,0,0,0,0,0,0,1,0
C=C(C)C1CCC(C=O)CC1,0,0,0,,0,,0,0,0,0,0,1
CC(CC=O)CCCC(C)(C)O.c1ccc2[nH]ccc2c1,,0,1,0,,0,0,0,0,0,0,0
CCCCC/C=C\CCOC(C)=O,,0,0,1,0,1,0,0,0,0,0,0
CCOC(CC(C)C)OCC,,,0,,,,0,0,0,0,0,0
CCCC(=O)OC(C)C1CCCCC1,0,1,0,,0,0,0,0,0,0,0,0
CCOC(=O)COCCCc1ccccc1,0,0,0,,0,0,0,0,1,0,0,0
C/C=C/C=C/CO,0,,,,,1,,,0,0,0,
CC/C=C\CCCC(=O)OC,0,1,0,,0,,,,0,0,0,0
CCC=C(C=O)c1ccccc1,1,1,1,1,1,1,0,0,0,0,0,
C=CC=CC=O,0,0,0,,0,0,0,0,0,0,0,0
N[C@@H](CCC(=O)[O-])C(=O)[O-].[Mg+2],0,0,0,0,0,0,0,0,0,0,1,0
CCCCCCCCCCCCCCCC(=O)OC[C@H]1O[C@H](OC[C@H]2O[C@H](O[C@H]3[C@H](O)[C@@H](O)[C@@H](O)O[C@@H]3CO)[C@H](O)[C@@H](O)[C@@H]2O)[C@H](O)[C@@H](O)[C@@H]1O[C@H]1O[C@H](CO)[C@@H](O)[C@H](O)[C@H]1O,0,0,0,0,0,0,0,0,0,0,1,0
C=CSC=C,0,0,0,0,,,0,0,0,0,0,0
CC(C)C(=O)OCCCC1CCCCC1,0,0,0,,,1,0,0,0,0,0,0
O=C([O-])C1C2CCC(O2)C1C(=O)[O-].[Na+].[Na+],0,0,0,0,0,0,0,0,0,0,1,0
CC[C@@H](C)C=O,0,1,0,0,1,0,0,0,0,,0,0
CC(=O)CCc1ccc(C)cc1,0,,1,,0,0,0,0,0,0,0,0
CC(C)CCOC(C=O)(OCCC(C)C)c1ccc(O)cc1,0,0,0,,0,0,0,0,0,0,0,0
CCCC(=O)OC(C)(OC(=O)CCC)C(C)=O,0,1,0,0,1,0,0,0,0,,0,0
CC(=O)CCO,1,1,0,0,0,0,0,0,0,,0,0
CCC(C)C(=O)S,0,0,0,,1,0,0,0,0,0,0,0
CCCCCCCCCCCCCCCCCC(=O)O[C@@H]1[C@@H](O)[C@H](O)[C@@H](CO)O[C@@]1(OC(=O)CCCCCCCCCCCCCCCCC)[C@@]1(CO)O[C@H](CO)[C@@H](O)[C@@H]1O,0,0,0,0,0,0,0,0,0,0,1,0
CC1CC2C(CC1=O)C(C)(C)CCC2(C)C,1,0,1,0,0,0,0,1,1,0,0,0
O=[N+]([O-])[O-].O=[N+]([O-])[O-].O=[N+]([O-])[O-].O=[N+]([O-])[O-].[Zr+4],0,0,0,0,0,0,0,0,0,0,1,0
CCCOC(C)OCCC,0,0,,,,,0,,0,0,0,
C/C=C/C(=O)[C@@H]1[C@H](C)CCCC1(C)C,0,0,1,,0,0,0,0,0,0,0,0
CCCCCOC(=O)Cc1ccccc1,,1,0,,0,,0,0,1,,0,0
O=C1OC(C(O)CO)C(O)=C1O,0,0,0,0,0,0,0,0,0,0,1,0
CC(=O)CC(=O)c1ccccc1,0,1,,,0,0,0,,1,0,0,0
CSSCC(C)C,,0,0,1,1,1,0,0,0,1,0,0
C=C(CCC=C(C)C)[C@@H]1CC=C(C)CC1,0,0,0,0,0,0,0,,1,0,0,0
COC(=O)[C@H](Cc1ccccc1)NC(=O)[C@@H](N)CC(=O)O,0,0,0,0,0,0,0,0,0,0,1,0
CCCCC/C=C\CCO,0,0,0,1,0,1,0,,0,0,0,0
CCc1cnc(CC)s1,,0,0,0,1,0,1,,0,,0,0
C=CCCC(C)=O,0,0,1,,,,0,0,0,0,0,0
CCCC/C=C1/OC(=O)C(C)=C1C,0,,0,,0,,0,0,0,0,0,
CCCCCOC(=O)C(C)C,,,0,1,0,0,0,0,0,,0,0
P,0,0,0,0,0,0,0,0,0,0,1,0
CCC/C=C/COC=O,0,1,0,,0,1,0,,0,0,0,1
CCCC=CCOC(=O)CCCCC,0,0,0,,0,1,0,0,0,0,0,0
CCCCCCCCCCOCC,,0,0,0,0,0,0,0,0,0,0,0
I[Hg]I,0,0,0,0,0,0,0,0,0,0,1,0
O=C1Cc2ccccc2C1,0,0,0,,1,0,,1,0,0,0,
CCCC(N)=O,0,0,0,0,0,0,1,0,0,0,0,0
CC(C)=CCCC(C)=CCOC(=O)CC(C)C,0,0,,,,1,0,0,0,0,0,0
CC1CC=C2C(C)(C)CCCC2(C)C1O,1,0,0,0,1,1,0,1,1,0,0,0
CC(=O)C=CC=C(C)CCC=C(C)CCC=C(C)C,0,0,1,0,,0,0,0,0,0,0,0
C=CCCC=O,0,0,0,0,0,,0,0,0,,0,0
CC(=O)CC(C)(C)C1CCCCC1,0,0,1,0,0,1,0,1,0,0,0,0
CS1=CNCC1,0,0,0,,1,1,0,0,0,0,0,1
CC1(C)C2CCC(C2)C1(C)O,0,0,0,0,1,1,0,,0,0,0,
Cc1ccc(Cl)c(O)c1C,0,0,0,0,1,0,0,0,0,0,0,0
CCC/C=C/COC(=O)CCCC,0,,,1,0,,0,,0,,0,0
CC1CCC(C(C)C)C(OC(=O)N2CCCC2=O)C1,0,0,0,0,0,1,0,0,0,0,0,
CC(C)(C)C(=O)OC1CC2CC1C1CC=CC21,,,,1,0,,0,0,0,0,0,0
CC(C)=CCC/C(C)=C\COC(=O)CC(C)C,,,1,,,,0,0,0,0,0,
CO,0,0,0,,,0,0,0,0,0,0,0
CCc1ccc(C=O)cc1,0,1,0,,,,,0,0,0,0,
c1ccc(CN(CC2=NCCN2)c2ccccc2)cc1,0,0,0,0,0,0,0,0,0,0,1,0
CSCC=O,0,0,0,1,1,1,1,0,0,0,0,1
O=S(=O)([O-])[O-].O=S(=O)([O-])[O-].[Al+3].[K+],0,0,0,0,0,0,0,0,0,0,1,0
CCC1(C)OCC(C)O1,0,0,0,,,1,0,0,0,0,0,
CCCCCCCC(=O)OCC=Cc1ccccc1,0,0,,1,0,0,0,,1,0,0,0
COc1ccc(COC(=O)C(C)C)cc1,0,,,,0,0,0,0,0,0,0,0
CC1=CC=CCC1,,0,0,,,0,0,,,0,0,0
CCCCCC(=O)OC/C=C/c1ccccc1,0,,0,,0,,0,0,,0,0,
CCCC(C(=O)OC)c1ccccc1,0,0,0,,0,1,0,0,0,0,0,0
CC[C@H](C)[C@H](N)C1=N[C@H](C(=O)N[C@@H](CC(C)C)C(=O)N[C@H](CCC(=O)O)C(=O)N[C@H](C(=O)N[C@H]2CCCCNC(=O)[C@H](CC(N)=O)NC(=O)[C@@H](CC(=O)O)NC(=O)[C@H](Cc3cnc[nH]3)NC(=O)[C@@H](Cc3ccccc3)NC(=O)[C@H]([C@@H](C)CC)NC(=O)[C@@H](CCCN)NC2=O)[C@@H](C)CC)CS1,0,0,0,0,0,0,0,0,0,0,1,0
C[C@]12C=CC(=O)C=C1CC[C@@H]1[C@@H]2CC[C@@]2(C)[C@H]1CC[C@]2(C)O,0,0,0,0,0,0,0,0,0,0,1,0
O=C1CC[C@@H](C(=O)O)N1,0,1,0,0,,0,0,0,0,0,0,0
CC=CSC,0,0,0,,1,1,0,0,0,0,0,1
CCC1OCC2(CO1)CC(C)=CCC2C,1,0,0,1,1,1,0,1,0,0,0,1
COC(=O)CC(C)=O,0,,,,,,0,,0,,0,0
CCOCc1cnccn1,0,,0,1,,0,1,1,0,,0,0
CCc1ccc(OC)cc1,0,,0,0,,,,0,0,0,0,1
CCOC(=O)[C@@H]1[C@@H](C)CCCC1(C)C,1,0,1,,0,0,0,0,1,0,0,0
C=C(C)[C@H](CO)CC=C(C)C,0,0,,,0,1,0,0,0,0,0,
CCCOCOCCC,0,0,0,0,,0,0,0,0,0,0,0
